query_idx	query_scan	query_file	query_precursor_mz	library_idx	library_scan	library_filename	library_precursor_mz	cosine	matched_peaks	delta_mz	ADDUCT	ANALYZER	CHARGE	CHROMATOGRAPHY	COLLISION_ENERGY	DATACOLLECTOR	EXACTMASS	FILENAME	FORMULA	FRAGMENTATION_METHOD	INCHI	INCHIAUX	INSTRUMENT_MODEL	INSTRUMENT_VENDOR	IONIZATION	IONMODE	LIBRARYQUALITY	MS2_EXPLAINED_INTENSITY	MSLEVEL	NAME	ORGANISM	PEPMASS	PI	PUBMED	SCANS	SEQ	SMILES	SOURCE_INSTRUMENT	SPECTRUMID	SPLASH	SUBMITUSER	TITLE	USI
11	12	aligned_features_filled.mgf	338.3448	31597	10634	GNPS-NIST14-MATCHES.mgf	338.3411	0.8614	7	0.0037			1		35.0	Data deposited by eriche		e66db02b2e174ae791d20c0d6e68637d/EH_2014_05_17_OnnamideA_20-40_140519023844.mzXML		N/A	InChI=1S/C22H43NO/c1-2-3-4-5-6-7-8-9-10-11-12-13-14-15-16-17-18-19-20-21-22(23)24/h9-10H,2-8,11-21H2,1H3,(H2,23,24)/b10-9-	UAUDZVJPLUQNMU-KTKRTIGZSA-N				Positive	3		2	Spectral Match to 13-Docosenamide, (Z)- from NIST14 [M+H]+	GNPS-NIST14-MATCHES	338.341058	Data from Piel	N/A	10634	*..*	CCCCCCCC/C=C\CCCCCCCCCCCC(=O)N	ESI-QQQ	CCMSLIB00003134511		mwang87	CCMSLIB00003134511	mzspec:GNPS:GNPS-NIST14-MATCHES:accession:CCMSLIB00003134511
16	20	aligned_features_filled.mgf	274.2762	129126	38544	MASSBANK.mgf	274.2740	0.9683	9	0.0022			1		N/A	Massbank		spectra_from_json.mgf		N/A	InChI=1S/C16H35NO2/c1-2-3-4-5-6-7-8-9-10-11-12-17(13-15-18)14-16-19/h18-19H,2-16H2,1H3	NKFNBVMJTSYZDV-UHFFFAOYSA-N				Positive	3		2	Massbank:LU030803 Lauryldiethanolamine|2-[dodecyl(2-hydroxyethyl)amino]ethanol [M+H]+	MASSBANK	274.274	Massbank	N/A	38544	*..*	CCCCCCCCCCCCN(CCO)CCO	ESI-Hybrid FT	CCMSLIB00005764095		mwang87	CCMSLIB00005764095	mzspec:GNPS:MASSBANK:accession:CCMSLIB00005764095
17	24	aligned_features_filled.mgf	637.3094	804898	12077	BERKELEY-LAB.mgf	637.3020	0.8443	19	0.0074			1		N/A	JGI		3dacd5cf9c8d4c3d8596c71bf3234fbd/BERKELEY-LAB.mgf		N/A	InChI=1S/C23H46N6O13/c24-2-7-13(32)15(34)10(28)21(37-7)40-18-6(27)1-5(26)12(31)20(18)42-23-17(36)19(9(4-30)39-23)41-22-11(29)16(35)14(33)8(3-25)38-22/h5-23,30-36H,1-4,24-29H2/t5-,6+,7-,8+,9-,10-,11-,12+,13-,14-,15-,16-,17-,18-,19-,20-,21-,22?,23+/m1/s1	PGBHMTALBVVCIT-HDNPHQKMSA-N				Positive	3		2	AC1L1X1Z CollisionEnergy:102040 [M+Na]+	BERKELEY-LAB	637.302	Trent Northen	N/A	12077	*..*	NCC1OC(OC2C(CO)OC(OC3C(O)C(N)CC(N)C3OC3OC(CN)C(O)C(O)C3N)C2O)C(N)C(O)C1O	LC-ESI-Orbitrap	CCMSLIB00010114511		mwang87	CCMSLIB00010114511	mzspec:GNPS:BERKELEY-LAB:accession:CCMSLIB00010114511
23	31	aligned_features_filled.mgf	282.2804	35795	5494	GNPS-NIST14-MATCHES.mgf	282.2792	0.9369	9	0.0012			1		35.0	Data deposited by pmallard		657eb45679814d8895d947698dd26e24/150116_EF_PMA_PSN475_NC-128-8-f_ddMS2_pos.mzXML		N/A	InChI=1S/C18H35NO/c1-2-3-4-5-6-7-8-9-10-11-12-13-14-15-16-17-18(19)20/h9-10H,2-8,11-17H2,1H3,(H2,19,20)/b10-9-	FATBGEAMYMYZAF-KTKRTIGZSA-N				Positive	3		2	Spectral Match to 9-Octadecenamide, (Z)- from NIST14 [M+H]+	GNPS-NIST14-MATCHES	282.279228	Data from Wolfender/Litaudon	N/A	5494	*..*	CCCCCCCC/C=C\CCCCCCCC(=O)N	ESI-QQQ	CCMSLIB00003138914		mwang87	CCMSLIB00003138914	mzspec:GNPS:GNPS-NIST14-MATCHES:accession:CCMSLIB00003138914
34	47	aligned_features_filled.mgf	415.2132	803523	10702	BERKELEY-LAB.mgf	415.2120	0.9326	6	0.0012			2		N/A	JGI		3dacd5cf9c8d4c3d8596c71bf3234fbd/BERKELEY-LAB.mgf		N/A	InChI=1S/C49H56N4O8/c1-25(2)38-34-19-27(5)40(46(56)42(34)36(44(54)48(38)58)23-50-52-16-8-11-30(52)21-32-12-9-17-60-32)41-28(6)20-35-39(26(3)4)49(59)45(55)37(43(35)47(41)57)24-51-53-29(7)14-15-31(53)22-33-13-10-18-61-33/h9-10,12-13,17-20,23-26,29-31,50-51,56-59H,8,11,14-16,21-22H2,1-7H3/b36-23-,37-24-	OZMHKRBQDGOIDU-IEXCSMOPSA-N				Positive	3		2	1-({[2-(2-furylmethyl)-5-methylpyrrolidinyl]amino}methylene)-7-[8-({[2-(2-fury lmethyl)pyrrolidinyl]amino}methylene)-1,6-dihydroxy-3-methyl-5-(methylethyl)-7 -oxo(2-naphthyl)]-3,8-dihydroxy-6-methyl-4-(methylethyl)naphthalen-2-one CollisionEnergy:102040 [M+2H]2+	BERKELEY-LAB	415.212	Trent Northen	N/A	10702	*..*	Cc1cc2c(c(O)c1-c1c(C)cc3c(c1O)C(=CNN1C(C)CCC1Cc1ccco1)C(=O)C(O)=C3C(C)C)C(=CNN1CCCC1Cc1ccco1)C(=O)C(O)=C2C(C)C	LC-ESI-Orbitrap	CCMSLIB00010113136		mwang87	CCMSLIB00010113136	mzspec:GNPS:BERKELEY-LAB:accession:CCMSLIB00010113136
37	54	aligned_features_filled.mgf	385.3474	754718	1	GNPS-EMBL-MCF.mgf	385.3504	0.9302	14	-0.0030			1		30.0	Prasad		103cdea6cc51413daeab954e2ce86fc2/Cholestenone2.mzXML		N/A	InChI=1S/C27H44O/c1-18(2)7-6-8-19(3)23-11-12-24-22-10-9-20-17-21(28)13-15-26(20,4)25(22)14-16-27(23,24)5/h17-19,22-25H,6-16H2,1-5H3/t19-,22+,23-,24+,25+,26+,27-/m1/s1	NYOXRYYXRWJDKP-GYKMGIIDSA-N				Positive	1		2	4-Cholesten-3-one [M+H]+	GNPS-EMBL-MCF	385.350364	Alexandrov Theodore	91477	1	*..*	CC(C)CCC[C@@H](C)[C@H]1CC[C@H]2[C@@H]3CCC4=CC(=O)CC[C@]4(C)[C@H]3CC[C@]12C	DI-ESI-Orbitrap	CCMSLIB00000479571		pphapale	CCMSLIB00000479571	mzspec:GNPS:GNPS-EMBL-MCF:accession:CCMSLIB00000479571
43	64	aligned_features_filled.mgf	304.3010	32865	1610	GNPS-NIST14-MATCHES.mgf	304.3005	0.9580	9	0.0005			1		N/A	Data deposited by marjo		ba311de896ac43dc9cc36bb3fade6642/s103-v312.mgf		N/A	InChI=1S/C21H38N/c1-4-5-6-7-8-9-10-11-12-16-19-22(2,3)20-21-17-14-13-15-18-21/h13-15,17-18H,4-12,16,19-20H2,1-3H3/q+1	CYDRXTMLKJDRQH-UHFFFAOYSA-N				Positive	3		2	Spectral Match to Benzyldodecyldimethylammonium from NIST14 [M]+	GNPS-NIST14-MATCHES	304.3005	Data from Maria Maansson	N/A	1610	*..*	CCCCCCCCCCCC[N+](C)(C)CC1=CC=CC=C1	ESI-QQQ	CCMSLIB00003136025		mwang87	CCMSLIB00003136025	mzspec:GNPS:GNPS-NIST14-MATCHES:accession:CCMSLIB00003136025
45	66	aligned_features_filled.mgf	760.5862	35400	1858	GNPS-NIST14-MATCHES.mgf	760.5860	0.9841	9	0.0002			1		30.0	Data deposited by mjmeehan		55fc66d014f945d39bfa8290189f9de7/10-blood_pos_C18_QE.mzXML		N/A	InChI=1S/C42H82NO8P/c1-6-8-10-12-14-16-18-20-21-23-25-27-29-31-33-35-42(45)51-40(39-50-52(46,47)49-37-36-43(3,4)5)38-48-41(44)34-32-30-28-26-24-22-19-17-15-13-11-9-7-2/h20-21,40H,6-19,22-39H2,1-5H3/b21-20-/t40-/m1/s1	WTJKGGKOPKCXLL-VYOBOKEXSA-N				Positive	3		2	Spectral Match to 1-Hexadecanoyl-2-(9Z-octadecenoyl)-sn-glycero-3-phosphocholine from NIST14 [M+H]+	GNPS-NIST14-MATCHES	760.585997	Data from Gabriel Haddad	N/A	1858	*..*	CCCCCCCCCCCCCCCC(=O)OC[C@H](COP(=O)([O-])OCC[N+](C)(C)C)OC(=O)CCCCCCC/C=C\CCCCCCCC	ESI-qTof	CCMSLIB00003138390		mwang87	CCMSLIB00003138390	mzspec:GNPS:GNPS-NIST14-MATCHES:accession:CCMSLIB00003138390
55	86	aligned_features_filled.mgf	788.6181	31679	2380	GNPS-NIST14-MATCHES.mgf	788.6122	0.9640	7	0.0059			1		30.0	Data deposited by daniel		f86c70ab196842f5a7644656e26af83d/Plate1_C6.mzXML		N/A	N/A	N/A				Positive	3		2	Spectral Match to 1-Octadecanoyl-2-octadecenoyl-sn-glycero-3-phosphocholine from NIST14 [M+H]+	GNPS-NIST14-MATCHES	788.61222	Data from James McKerrow	N/A	2380	*..*	N/A	ESI-Q-TOF	CCMSLIB00003134596		mwang87	CCMSLIB00003134596	mzspec:GNPS:GNPS-NIST14-MATCHES:accession:CCMSLIB00003134596
57	90	aligned_features_filled.mgf	358.3688	501064	24348	MSNLIB-POSITIVE.mgf	358.3680	0.7437	6	0.0008			1		N/A	Corinna Brungs		spectra_from_json.mgf		N/A	InChI=1S/C22H47NO2/c1-2-3-4-5-6-7-8-9-10-11-12-13-14-15-16-17-18-23(19-21-24)20-22-25/h24-25H,2-22H2,1H3	NDLNTMNRNCENRZ-UHFFFAOYSA-N				Positive	1		2	Stearyldiethanolamine [M+H]+	MSNLIB-POSITIVE	358.368	Tomas Pluskal	N/A	24348	*..*	CCCCCCCCCCCCCCCCCCN(CCO)CCO	ESI-Orbitrap	CCMSLIB00012316042		jzemlin	CCMSLIB00012316042	mzspec:GNPS:MSNLIB-POSITIVE:accession:CCMSLIB00012316042
59	93	aligned_features_filled.mgf	760.5854	35400	1858	GNPS-NIST14-MATCHES.mgf	760.5860	0.9704	9	-0.0006			1		30.0	Data deposited by mjmeehan		55fc66d014f945d39bfa8290189f9de7/10-blood_pos_C18_QE.mzXML		N/A	InChI=1S/C42H82NO8P/c1-6-8-10-12-14-16-18-20-21-23-25-27-29-31-33-35-42(45)51-40(39-50-52(46,47)49-37-36-43(3,4)5)38-48-41(44)34-32-30-28-26-24-22-19-17-15-13-11-9-7-2/h20-21,40H,6-19,22-39H2,1-5H3/b21-20-/t40-/m1/s1	WTJKGGKOPKCXLL-VYOBOKEXSA-N				Positive	3		2	Spectral Match to 1-Hexadecanoyl-2-(9Z-octadecenoyl)-sn-glycero-3-phosphocholine from NIST14 [M+H]+	GNPS-NIST14-MATCHES	760.585997	Data from Gabriel Haddad	N/A	1858	*..*	CCCCCCCCCCCCCCCC(=O)OC[C@H](COP(=O)([O-])OCC[N+](C)(C)C)OC(=O)CCCCCCC/C=C\CCCCCCCC	ESI-qTof	CCMSLIB00003138390		mwang87	CCMSLIB00003138390	mzspec:GNPS:GNPS-NIST14-MATCHES:accession:CCMSLIB00003138390
66	102	aligned_features_filled.mgf	786.6017	32515	8175	GNPS-NIST14-MATCHES.mgf	786.5970	0.9588	6	0.0047			1		30.0	Data deposited by daniel		dbb6e9a4b71d47e694de769b7a16bfd5/NIST_STD_001_b.mzXML		N/A	InChI=1S/C44H84NO8P/c1-6-8-10-12-14-16-18-20-22-24-26-28-30-32-34-36-43(46)50-40-42(41-52-54(48,49)51-39-38-45(3,4)5)53-44(47)37-35-33-31-29-27-25-23-21-19-17-15-13-11-9-7-2/h15,17,21,23,42H,6-14,16,18-20,22,24-41H2,1-5H3/b17-15-,23-21-/t42-/m1/s1	FORFDCPQKJHEBF-VPUSDGANSA-N				Positive	3		2	Spectral Match to 1-Stearoyl-2-linoleoyl-sn-glycero-3-phosphocholine from NIST14 [M+H]+	GNPS-NIST14-MATCHES	786.596956	Data from Pieter Dorrestein	N/A	8175	*..*	CCCCCCCCCCCCCCCCCC(=O)OC[C@H](COP(=O)([O-])OCC[N+](C)(C)C)OC(=O)CCCCCCC/C=C\C/C=C\CCCCC	ESI-qTof	CCMSLIB00003135444		mwang87	CCMSLIB00003135444	mzspec:GNPS:GNPS-NIST14-MATCHES:accession:CCMSLIB00003135444
71	111	aligned_features_filled.mgf	256.2644	32832	4017	GNPS-NIST14-MATCHES.mgf	256.2622	0.9012	8	0.0022			1		35.0	Data deposited by lfnothias		42cb359e331348fa9666dd638f3dbaba/P_fluo_BW11P2_Mix4_SampleD6.mzML		N/A	InChI=1S/C16H33NO/c1-2-3-4-5-6-7-8-9-10-11-12-13-14-15-16(17)18/h2-15H2,1H3,(H2,17,18)	HSEMFIZWXHQJAE-UHFFFAOYSA-N				Positive	3		2	Spectral Match to Palmitamide from NIST14 [M+H]+	GNPS-NIST14-MATCHES	256.262207	Data from Pieter Dorrestein	N/A	4017	*..*	CCCCCCCCCCCCCCCC(=O)N	ESI-qTof	CCMSLIB00003135927		mwang87	CCMSLIB00003135927	mzspec:GNPS:GNPS-NIST14-MATCHES:accession:CCMSLIB00003135927
76	125	aligned_features_filled.mgf	332.3320	33197	4900	GNPS-NIST14-MATCHES.mgf	332.3307	0.9170	6	0.0013			1		35.0	Data deposited by lfnothias		8dd9cf1525b140b3ad19c652621035e3/Contr_TSB__Mix2_SampleG4.mzML		N/A	InChI=1S/C23H42N/c1-4-5-6-7-8-9-10-11-12-13-14-18-21-24(2,3)22-23-19-16-15-17-20-23/h15-17,19-20H,4-14,18,21-22H2,1-3H3/q+1	WNBGYVXHFTYOBY-UHFFFAOYSA-N				Positive	3		2	Spectral Match to Benzyltetradecyldimethylammonium from NIST14 [M]+	GNPS-NIST14-MATCHES	332.330671	Data from Pieter Dorrestein	N/A	4900	*..*	CCCCCCCCCCCCCC[N+](C)(CC1=CC=CC=C1)C	LC-ESI-qTof	CCMSLIB00003136147		mwang87	CCMSLIB00003136147	mzspec:GNPS:GNPS-NIST14-MATCHES:accession:CCMSLIB00003136147
79	128	aligned_features_filled.mgf	786.6012	32515	8175	GNPS-NIST14-MATCHES.mgf	786.5970	0.9649	6	0.0042			1		30.0	Data deposited by daniel		dbb6e9a4b71d47e694de769b7a16bfd5/NIST_STD_001_b.mzXML		N/A	InChI=1S/C44H84NO8P/c1-6-8-10-12-14-16-18-20-22-24-26-28-30-32-34-36-43(46)50-40-42(41-52-54(48,49)51-39-38-45(3,4)5)53-44(47)37-35-33-31-29-27-25-23-21-19-17-15-13-11-9-7-2/h15,17,21,23,42H,6-14,16,18-20,22,24-41H2,1-5H3/b17-15-,23-21-/t42-/m1/s1	FORFDCPQKJHEBF-VPUSDGANSA-N				Positive	3		2	Spectral Match to 1-Stearoyl-2-linoleoyl-sn-glycero-3-phosphocholine from NIST14 [M+H]+	GNPS-NIST14-MATCHES	786.596956	Data from Pieter Dorrestein	N/A	8175	*..*	CCCCCCCCCCCCCCCCCC(=O)OC[C@H](COP(=O)([O-])OCC[N+](C)(C)C)OC(=O)CCCCCCC/C=C\C/C=C\CCCCC	ESI-qTof	CCMSLIB00003135444		mwang87	CCMSLIB00003135444	mzspec:GNPS:GNPS-NIST14-MATCHES:accession:CCMSLIB00003135444
83	134	aligned_features_filled.mgf	281.0511	32891	3114	GNPS-NIST14-MATCHES.mgf	281.0514	0.7849	6	-0.0003			1		N/A	Data deposited by marjo		ba311de896ac43dc9cc36bb3fade6642/s103-v312.mgf		N/A	N/A	N/A				Positive	3		2	Spectral Match to Cyclotetrasiloxane, octamethyl- from NIST14 [M+H-CH4]+	GNPS-NIST14-MATCHES	281.051383	Data from Maria Maansson	N/A	3114	*..*	N/A	ESI-QqQ	CCMSLIB00003136801		mwang87	CCMSLIB00003136801	mzspec:GNPS:GNPS-NIST14-MATCHES:accession:CCMSLIB00003136801
87	140	aligned_features_filled.mgf	372.2443	479297	2002	MSNLIB-POSITIVE.mgf	372.2430	0.8295	10	0.0013			1		N/A	Corinna Brungs		spectra_from_json.mgf		N/A	InChI=1S/C25H30N3/c1-26(2)22-13-7-19(8-14-22)25(20-9-15-23(16-10-20)27(3)4)21-11-17-24(18-12-21)28(5)6/h7-18H,1-6H3/q+1	LGLFFNDHMLKUMI-UHFFFAOYSA-N				Positive	1		2	Gentian violet cation [M]+	MSNLIB-POSITIVE	372.243	Tomas Pluskal	N/A	2002	*..*	CN(C)c1ccc(C(=C2C=CC(=[N+](C)C)C=C2)c2ccc(N(C)C)cc2)cc1	ESI-Orbitrap	CCMSLIB00012276303		jzemlin	CCMSLIB00012276303	mzspec:GNPS:MSNLIB-POSITIVE:accession:CCMSLIB00012276303
97	151	aligned_features_filled.mgf	637.3075	804898	12077	BERKELEY-LAB.mgf	637.3020	0.8253	17	0.0055			1		N/A	JGI		3dacd5cf9c8d4c3d8596c71bf3234fbd/BERKELEY-LAB.mgf		N/A	InChI=1S/C23H46N6O13/c24-2-7-13(32)15(34)10(28)21(37-7)40-18-6(27)1-5(26)12(31)20(18)42-23-17(36)19(9(4-30)39-23)41-22-11(29)16(35)14(33)8(3-25)38-22/h5-23,30-36H,1-4,24-29H2/t5-,6+,7-,8+,9-,10-,11-,12+,13-,14-,15-,16-,17-,18-,19-,20-,21-,22?,23+/m1/s1	PGBHMTALBVVCIT-HDNPHQKMSA-N				Positive	3		2	AC1L1X1Z CollisionEnergy:102040 [M+Na]+	BERKELEY-LAB	637.302	Trent Northen	N/A	12077	*..*	NCC1OC(OC2C(CO)OC(OC3C(O)C(N)CC(N)C3OC3OC(CN)C(O)C(O)C3N)C2O)C(N)C(O)C1O	LC-ESI-Orbitrap	CCMSLIB00010114511		mwang87	CCMSLIB00010114511	mzspec:GNPS:BERKELEY-LAB:accession:CCMSLIB00010114511
100	155	aligned_features_filled.mgf	288.2903	696373	659	MASSBANKEU.mgf	288.2530	0.7565	6	0.0373			1		N/A	Massbank		spectra_from_json.mgf		N/A	InChI=1S/C16H33NO3/c1-2-3-4-5-6-7-8-9-10-11-16(20)17(12-14-18)13-15-19/h18-19H,2-15H2,1H3	AOMUHOFOVNGZAN-UHFFFAOYSA-N				Positive	3		2	MassbankEU:SM876702 Lauryl diethanolamide|N,N-bis(2-hydroxyethyl)dodecanamide [M+H]+	MASSBANKEU	288.253	Massbank EU	N/A	659	*..*	CCCCCCCCCCCC(=O)N(CCO)CCO	ESI-LC-ESI-QFT	CCMSLIB00000842020		mwang87	CCMSLIB00000842020	mzspec:GNPS:MASSBANKEU:accession:CCMSLIB00000842020
101	156	aligned_features_filled.mgf	690.5074	747291	1403	GNPS-IOBA-NHC.mgf	690.5070	0.8879	12	0.0004			1		20.0	UMR CNRS 8038 Universite de Paris		d13a7832d41440df9a57092cfa9999a2/IOBA_control_20M_DDA_ESI+_1_308.mzXML		N/A	InChI=1S/C37H72NO8P/c1-3-5-7-9-11-13-15-17-19-21-23-25-27-29-36(39)43-33-35(34-45-47(41,42)44-32-31-38)46-37(40)30-28-26-24-22-20-18-16-14-12-10-8-6-4-2/h14,16,35H,3-13,15,17-34,38H2,1-2H3,(H,41,42)/b16-14-/t35-/m1/s1	CZOSTDZGCCEZTJ-WMHOIYFHSA-N				Positive	3		2	PE(16:0_16:1) - (2-aminoethoxy)[2-[hexadec-9-enoyloxy]-3-(hexadecanoyloxy)propoxy]phosphinic acid [M+H]+	GNPS-IOBA-NHC	690.507	N Auzeil	N/A	1403	*..*	[H][C@@](COC(=O)CCCCCCCCCCCCCCC)(COP(O)(=O)OCCN)OC(=O)CCCCCCC\C=C/CCCCCC	LC-ESI-qTof	CCMSLIB00005724087		mpanitchpakdi	CCMSLIB00005724087	mzspec:GNPS:GNPS-IOBA-NHC:accession:CCMSLIB00005724087
103	158	aligned_features_filled.mgf	788.6174	31679	2380	GNPS-NIST14-MATCHES.mgf	788.6122	0.9375	6	0.0051			1		30.0	Data deposited by daniel		f86c70ab196842f5a7644656e26af83d/Plate1_C6.mzXML		N/A	N/A	N/A				Positive	3		2	Spectral Match to 1-Octadecanoyl-2-octadecenoyl-sn-glycero-3-phosphocholine from NIST14 [M+H]+	GNPS-NIST14-MATCHES	788.61222	Data from James McKerrow	N/A	2380	*..*	N/A	ESI-Q-TOF	CCMSLIB00003134596		mwang87	CCMSLIB00003134596	mzspec:GNPS:GNPS-NIST14-MATCHES:accession:CCMSLIB00003134596
104	160	aligned_features_filled.mgf	813.6851	32692	8438	GNPS-NIST14-MATCHES.mgf	813.6827	0.9688	6	0.0024			1		30.0	Data deposited by daniel		815429eafb604ae5a65a42cf0bcc01ac/NIST_STD_025_b.mzXML		N/A	N/A	N/A				Positive	3		2	Spectral Match to N-Tetracosenoyl-4-sphingenyl-1-O-phosphorylcholine from NIST14 [M+H]+	GNPS-NIST14-MATCHES	813.682656	Data from Pieter Dorrestein	N/A	8438	*..*	N/A	ESI-Q-TOF	CCMSLIB00003135664		mwang87	CCMSLIB00003135664	mzspec:GNPS:GNPS-NIST14-MATCHES:accession:CCMSLIB00003135664
107	168	aligned_features_filled.mgf	734.5696	33205	3303	GNPS-NIST14-MATCHES.mgf	734.5637	0.9818	8	0.0059			1		30.0	Data deposited by mjmeehan		356758164f01481588b7d21cb4d698e0/28-lungs.mzXML		N/A	InChI=1S/C40H80NO8P/c1-6-8-10-12-14-16-18-19-20-21-23-24-26-28-30-32-39(42)46-36-38(37-48-50(44,45)47-35-34-41(3,4)5)49-40(43)33-31-29-27-25-22-17-15-13-11-9-7-2/h38H,6-37H2,1-5H3/t38-/m1/s1	MZWGYEJOZNRLQE-KXQOOQHDSA-N				Positive	3		2	Spectral Match to 1-Stearoyl-2-myristoyl-sn-glycero-3-phosphocholine from NIST14 [M+H]+	GNPS-NIST14-MATCHES	734.56366	Data from Gabriel Haddad	N/A	3303	*..*	CCCCCCCCCCCCCCCCCC(=O)OC[C@H](COP(=O)([O-])OCC[N+](C)(C)C)OC(=O)CCCCCCCCCCCCC	ESI-qTof	CCMSLIB00003136123		mwang87	CCMSLIB00003136123	mzspec:GNPS:GNPS-NIST14-MATCHES:accession:CCMSLIB00003136123
108	169	aligned_features_filled.mgf	630.6189	718377	1811	GNPS-LIBRARY.mgf	630.6180	0.9019	11	0.0009			1		N/A	UMR 8038 Universite de Paris		spectra_from_json.mgf		N/A	InChI=1S/C42H81NO3/c1-3-5-7-9-11-13-15-17-18-19-20-21-22-23-24-26-28-30-32-34-36-38-42(46)43-40(39-44)41(45)37-35-33-31-29-27-25-16-14-12-10-8-6-4-2/h17-18,35,37,40-41,44-45H,3-16,19-34,36,38-39H2,1-2H3,(H,43,46)	VJSBNBBOSZJDKB-UHFFFAOYSA-N				Positive	3		2	Cer(d18:1_24:1) -  N-[1,3-dihydroxyoctadec-4-en-2-yl]tetracos-15-enamide [M-H2O+H]+	GNPS-LIBRARY	630.618	O Laprevote	N/A	1811	*..*	CCCCCCCCCCCCCC=CC(C(CO)NC(=O)CCCCCCCCCCCCCC=CCCCCCCCC)O	LC-ESI-qTof	CCMSLIB00005436375		OrlaneL	CCMSLIB00005436375	mzspec:GNPS:GNPS-LIBRARY:accession:CCMSLIB00005436375
112	176	aligned_features_filled.mgf	284.2963	36687	4705	GNPS-NIST14-MATCHES.mgf	284.3000	0.9596	10	-0.0037			1		35.0	Data deposited by pmallard		ba311de896ac43dc9cc36bb3fade6642/150220_EF_PMA_PSN476_PM-88-6-f_ddMS2_pos.mzXML		N/A	InChI=1S/C18H37NO/c1-2-3-4-5-6-7-8-9-10-11-12-13-14-15-16-17-18(19)20/h2-17H2,1H3,(H2,19,20)	LYRFLYHAGKPMFH-UHFFFAOYSA-N				Positive	3		2	Spectral Match to Octadecanamide from NIST14 [M+H]+	GNPS-NIST14-MATCHES	284.3	Data from Wolfender/Litaudon	N/A	4705	*..*	CCCCCCCCCCCCCCCCCC(=O)N	ESI-QQQ	CCMSLIB00003139741		mwang87	CCMSLIB00003139741	mzspec:GNPS:GNPS-NIST14-MATCHES:accession:CCMSLIB00003139741
117	183	aligned_features_filled.mgf	788.6171	31679	2380	GNPS-NIST14-MATCHES.mgf	788.6122	0.9645	7	0.0049			1		30.0	Data deposited by daniel		f86c70ab196842f5a7644656e26af83d/Plate1_C6.mzXML		N/A	N/A	N/A				Positive	3		2	Spectral Match to 1-Octadecanoyl-2-octadecenoyl-sn-glycero-3-phosphocholine from NIST14 [M+H]+	GNPS-NIST14-MATCHES	788.61222	Data from James McKerrow	N/A	2380	*..*	N/A	ESI-Q-TOF	CCMSLIB00003134596		mwang87	CCMSLIB00003134596	mzspec:GNPS:GNPS-NIST14-MATCHES:accession:CCMSLIB00003134596
127	198	aligned_features_filled.mgf	716.5233	786961	28899	PNNL-LIPIDS-POSITIVE.mgf	716.5230	0.7583	17	0.0003			1		N/A	Thomas Metz		spectra_from_json.mgf		N/A	N/A	N/A				Positive	1		2	PE(16:1/18:1); [M+H]+ C39H75N1O8P1 [M+H]+	PNNL-LIPIDS-POSITIVE	716.523	Thomas Metz	N/A	28899	*..*	N/A	LC-ESI-HCD; Velos	CCMSLIB00010100303		mwang87	CCMSLIB00010100303	mzspec:GNPS:PNNL-LIPIDS-POSITIVE:accession:CCMSLIB00010100303
128	199	aligned_features_filled.mgf	734.5704	33205	3303	GNPS-NIST14-MATCHES.mgf	734.5637	0.9877	9	0.0067			1		30.0	Data deposited by mjmeehan		356758164f01481588b7d21cb4d698e0/28-lungs.mzXML		N/A	InChI=1S/C40H80NO8P/c1-6-8-10-12-14-16-18-19-20-21-23-24-26-28-30-32-39(42)46-36-38(37-48-50(44,45)47-35-34-41(3,4)5)49-40(43)33-31-29-27-25-22-17-15-13-11-9-7-2/h38H,6-37H2,1-5H3/t38-/m1/s1	MZWGYEJOZNRLQE-KXQOOQHDSA-N				Positive	3		2	Spectral Match to 1-Stearoyl-2-myristoyl-sn-glycero-3-phosphocholine from NIST14 [M+H]+	GNPS-NIST14-MATCHES	734.56366	Data from Gabriel Haddad	N/A	3303	*..*	CCCCCCCCCCCCCCCCCC(=O)OC[C@H](COP(=O)([O-])OCC[N+](C)(C)C)OC(=O)CCCCCCCCCCCCC	ESI-qTof	CCMSLIB00003136123		mwang87	CCMSLIB00003136123	mzspec:GNPS:GNPS-NIST14-MATCHES:accession:CCMSLIB00003136123
131	206	aligned_features_filled.mgf	400.3568	806264	13445	BERKELEY-LAB.mgf	400.3570	0.8495	7	-0.0002			1		N/A	JGI		3dacd5cf9c8d4c3d8596c71bf3234fbd/BERKELEY-LAB.mgf		N/A	InChI=1S/C27H45NO/c1-16-5-8-23-17(2)25-24(28(23)15-16)14-22-20-7-6-18-13-19(29)9-11-26(18,3)21(20)10-12-27(22,25)4/h16-25,29H,5-15H2,1-4H3/t16-,17+,18-,19-,20+,21-,22-,23+,24-,25-,26-,27-/m0/s1	JALVTHFTYRPDMB-HRRTYWNUSA-N				Positive	3		2	Demissidine CollisionEnergy:205060 [M+H]+	BERKELEY-LAB	400.357	Trent Northen	N/A	13445	*..*	CC1CCC2C(C)C3C(CC4C5CCC6CC(O)CCC6(C)C5CCC43C)N2C1	LC-ESI-Orbitrap	CCMSLIB00010115879		mwang87	CCMSLIB00010115879	mzspec:GNPS:BERKELEY-LAB:accession:CCMSLIB00010115879
140	222	aligned_features_filled.mgf	813.6843	32692	8438	GNPS-NIST14-MATCHES.mgf	813.6827	0.9626	7	0.0016			1		30.0	Data deposited by daniel		815429eafb604ae5a65a42cf0bcc01ac/NIST_STD_025_b.mzXML		N/A	N/A	N/A				Positive	3		2	Spectral Match to N-Tetracosenoyl-4-sphingenyl-1-O-phosphorylcholine from NIST14 [M+H]+	GNPS-NIST14-MATCHES	813.682656	Data from Pieter Dorrestein	N/A	8438	*..*	N/A	ESI-Q-TOF	CCMSLIB00003135664		mwang87	CCMSLIB00003135664	mzspec:GNPS:GNPS-NIST14-MATCHES:accession:CCMSLIB00003135664
152	242	aligned_features_filled.mgf	690.5074	747291	1403	GNPS-IOBA-NHC.mgf	690.5070	0.9049	14	0.0004			1		20.0	UMR CNRS 8038 Universite de Paris		d13a7832d41440df9a57092cfa9999a2/IOBA_control_20M_DDA_ESI+_1_308.mzXML		N/A	InChI=1S/C37H72NO8P/c1-3-5-7-9-11-13-15-17-19-21-23-25-27-29-36(39)43-33-35(34-45-47(41,42)44-32-31-38)46-37(40)30-28-26-24-22-20-18-16-14-12-10-8-6-4-2/h14,16,35H,3-13,15,17-34,38H2,1-2H3,(H,41,42)/b16-14-/t35-/m1/s1	CZOSTDZGCCEZTJ-WMHOIYFHSA-N				Positive	3		2	PE(16:0_16:1) - (2-aminoethoxy)[2-[hexadec-9-enoyloxy]-3-(hexadecanoyloxy)propoxy]phosphinic acid [M+H]+	GNPS-IOBA-NHC	690.507	N Auzeil	N/A	1403	*..*	[H][C@@](COC(=O)CCCCCCCCCCCCCCC)(COP(O)(=O)OCCN)OC(=O)CCCCCCC\C=C/CCCCCC	LC-ESI-qTof	CCMSLIB00005724087		mpanitchpakdi	CCMSLIB00005724087	mzspec:GNPS:GNPS-IOBA-NHC:accession:CCMSLIB00005724087
156	251	aligned_features_filled.mgf	813.6852	32692	8438	GNPS-NIST14-MATCHES.mgf	813.6827	0.9709	6	0.0025			1		30.0	Data deposited by daniel		815429eafb604ae5a65a42cf0bcc01ac/NIST_STD_025_b.mzXML		N/A	N/A	N/A				Positive	3		2	Spectral Match to N-Tetracosenoyl-4-sphingenyl-1-O-phosphorylcholine from NIST14 [M+H]+	GNPS-NIST14-MATCHES	813.682656	Data from Pieter Dorrestein	N/A	8438	*..*	N/A	ESI-Q-TOF	CCMSLIB00003135664		mwang87	CCMSLIB00003135664	mzspec:GNPS:GNPS-NIST14-MATCHES:accession:CCMSLIB00003135664
182	296	aligned_features_filled.mgf	716.5216	776243	18175	PNNL-LIPIDS-POSITIVE.mgf	716.5230	0.7132	16	-0.0014			1		N/A	Thomas Metz		spectra_from_json.mgf		N/A	N/A	N/A				Positive	1		2	PE(16:1/18:1); [M+H]+ C39H75N1O8P1 [M+H]+	PNNL-LIPIDS-POSITIVE	716.523	Thomas Metz	N/A	18175	*..*	N/A	LC-ESI-HCD; Velos	CCMSLIB00010089579		mwang87	CCMSLIB00010089579	mzspec:GNPS:PNNL-LIPIDS-POSITIVE:accession:CCMSLIB00010089579
188	306	aligned_features_filled.mgf	782.5675	35929	2601	GNPS-NIST14-MATCHES.mgf	782.5682	0.9130	14	-0.0007			1		30.0	Data deposited by mjmeehan		63098e9f3d694fa6b375bf3d17aacc8c/Blood_Blank_pos_C18_QE_07.mzXML		N/A	InChI=1S/C42H82NO8P/c1-6-8-10-12-14-16-18-20-21-23-25-27-29-31-33-35-42(45)51-40(39-50-52(46,47)49-37-36-43(3,4)5)38-48-41(44)34-32-30-28-26-24-22-19-17-15-13-11-9-7-2/h20-21,40H,6-19,22-39H2,1-5H3/b21-20-/t40-/m1/s1	WTJKGGKOPKCXLL-VYOBOKEXSA-N				Positive	3		2	Spectral Match to 1-Hexadecanoyl-2-(9Z-octadecenoyl)-sn-glycero-3-phosphocholine from NIST14 [M+Na]+	GNPS-NIST14-MATCHES	782.568225	Data from Gabriel Haddad	N/A	2601	*..*	CCCCCCCCCCCCCCCC(=O)OC[C@H](COP(=O)([O-])OCC[N+](C)(C)C)OC(=O)CCCCCCC/C=C\CCCCCCCC	ESI-qTof	CCMSLIB00003138952		mwang87	CCMSLIB00003138952	mzspec:GNPS:GNPS-NIST14-MATCHES:accession:CCMSLIB00003138952
195	319	aligned_features_filled.mgf	774.6015	771224	13155	PNNL-LIPIDS-POSITIVE.mgf	774.6380	0.9403	8	-0.0365			1		N/A	Thomas Metz		spectra_from_json.mgf		N/A	N/A	N/A				Positive	1		2	PC(O-18:0/18:1); [M+H]+ C44H89N1O7P1 [M+H]+	PNNL-LIPIDS-POSITIVE	774.638	Thomas Metz	N/A	13155	*..*	N/A	LC-ESI-HCD; Velos	CCMSLIB00010080368		mwang87	CCMSLIB00010080368	mzspec:GNPS:PNNL-LIPIDS-POSITIVE:accession:CCMSLIB00010080368
202	330	aligned_features_filled.mgf	568.5659	787925	29863	PNNL-LIPIDS-POSITIVE.mgf	568.5670	0.8484	13	-0.0011			1		N/A	Thomas Metz		spectra_from_json.mgf		N/A	N/A	N/A				Positive	1		2	Cer(d18:0/18:0); [M+H]+ C36H74N1O3 [M+H]+	PNNL-LIPIDS-POSITIVE	568.567	Thomas Metz	N/A	29863	*..*	N/A	LC-ESI-HCD; Velos	CCMSLIB00010101267		mwang87	CCMSLIB00010101267	mzspec:GNPS:PNNL-LIPIDS-POSITIVE:accession:CCMSLIB00010101267
218	355	aligned_features_filled.mgf	718.5763	779847	21779	PNNL-LIPIDS-POSITIVE.mgf	718.5750	0.9152	7	0.0013			1		N/A	Thomas Metz		spectra_from_json.mgf		N/A	N/A	N/A				Positive	1		2	PC(O-16:0/16:1); [M+H]+ C40H81N1O7P1 [M+H]+	PNNL-LIPIDS-POSITIVE	718.575	Thomas Metz	N/A	21779	*..*	N/A	LC-ESI-HCD; Velos	CCMSLIB00010093183		mwang87	CCMSLIB00010093183	mzspec:GNPS:PNNL-LIPIDS-POSITIVE:accession:CCMSLIB00010093183
224	366	aligned_features_filled.mgf	703.5757	771902	13833	PNNL-LIPIDS-POSITIVE.mgf	703.5750	0.9219	8	0.0007			1		N/A	Thomas Metz		spectra_from_json.mgf		N/A	N/A	N/A				Positive	1		2	SM(d18:1/16:0); [M+H]+ C39H80N2O6P1 [M+H]+	PNNL-LIPIDS-POSITIVE	703.575	Thomas Metz	N/A	13833	*..*	N/A	LC-ESI-HCD; Velos	CCMSLIB00010081777		mwang87	CCMSLIB00010081777	mzspec:GNPS:PNNL-LIPIDS-POSITIVE:accession:CCMSLIB00010081777
229	376	aligned_features_filled.mgf	734.5698	33205	3303	GNPS-NIST14-MATCHES.mgf	734.5637	0.9500	8	0.0062			1		30.0	Data deposited by mjmeehan		356758164f01481588b7d21cb4d698e0/28-lungs.mzXML		N/A	InChI=1S/C40H80NO8P/c1-6-8-10-12-14-16-18-19-20-21-23-24-26-28-30-32-39(42)46-36-38(37-48-50(44,45)47-35-34-41(3,4)5)49-40(43)33-31-29-27-25-22-17-15-13-11-9-7-2/h38H,6-37H2,1-5H3/t38-/m1/s1	MZWGYEJOZNRLQE-KXQOOQHDSA-N				Positive	3		2	Spectral Match to 1-Stearoyl-2-myristoyl-sn-glycero-3-phosphocholine from NIST14 [M+H]+	GNPS-NIST14-MATCHES	734.56366	Data from Gabriel Haddad	N/A	3303	*..*	CCCCCCCCCCCCCCCCCC(=O)OC[C@H](COP(=O)([O-])OCC[N+](C)(C)C)OC(=O)CCCCCCCCCCCCC	ESI-qTof	CCMSLIB00003136123		mwang87	CCMSLIB00003136123	mzspec:GNPS:GNPS-NIST14-MATCHES:accession:CCMSLIB00003136123
232	385	aligned_features_filled.mgf	746.6072	31840	2431	GNPS-NIST14-MATCHES.mgf	746.5884	0.9756	8	0.0188			1		30.0	Data deposited by mjmeehan		911aaf9fea3e43ecb208c13f468fc5c9/23-blood_pos_C18_QE.mzXML		N/A	InChI=1S/C42H84NO7P/c1-6-8-10-12-14-16-18-20-22-23-25-27-29-31-33-35-42(44)50-41(40-49-51(45,46)48-38-36-43(3,4)5)39-47-37-34-32-30-28-26-24-21-19-17-15-13-11-9-7-2/h20,22,41H,6-19,21,23-40H2,1-5H3/b22-20-/t41-/m1/s1	SIEDNCDNGMIKST-IYEJTHTFSA-N				Positive	3		2	Spectral Match to 1-Hexadecyl-2-(9Z-octadecenoyl)-sn-glycero-3-phosphocholine from NIST14 [M+H]+	GNPS-NIST14-MATCHES	746.588379	Data from Gabriel Haddad	N/A	2431	*..*	CCCCCCCCCCCCCCCCOC[C@H](COP(=O)([O-])OCC[N+](C)(C)C)OC(=O)CCCCCCC/C=C\CCCCCCCC	ESI-qTof	CCMSLIB00003134771		mwang87	CCMSLIB00003134771	mzspec:GNPS:GNPS-NIST14-MATCHES:accession:CCMSLIB00003134771
241	399	aligned_features_filled.mgf	772.6227	764000	5931	PNNL-LIPIDS-POSITIVE.mgf	772.6220	0.9312	7	0.0007			1		N/A	Thomas Metz		spectra_from_json.mgf		N/A	N/A	N/A				Positive	1		2	PC(O-18:0/18:2); [M+H]+ C44H87N1O7P1 [M+H]+	PNNL-LIPIDS-POSITIVE	772.622	Thomas Metz	N/A	5931	*..*	N/A	LC-ESI-HCD; Velos	CCMSLIB00010065062		mwang87	CCMSLIB00010065062	mzspec:GNPS:PNNL-LIPIDS-POSITIVE:accession:CCMSLIB00010065062
243	402	aligned_features_filled.mgf	399.1292	49328	2953	MONA.mgf	399.1280	0.7419	9	0.0012			1		N/A	MoNA:VF-NPL-QEHF002953		spectra_from_json.mgf		N/A	InChI=1S/C17H20N4O6/c1-7-3-9-10(4-8(7)2)21(5-11(23)14(25)12(24)6-22)15-13(18-9)16(26)20-17(27)19-15/h3-4,11-12,14,22-25H,5-6H2,1-2H3,(H,20,26,27)/t11-,12+,14-/m0/s1	AUNGANRZJHBGPY-SCRDCRAPSA-N				positive	3		2	RIBOFLAVIN [M+Na]+	MONA	399.128	MoNA	N/A	2953	*..*	Cc1cc2nc3c(O)nc(=O)nc-3n(C[C@H](O)[C@H](O)[C@H](O)CO)c2cc1C	ESI-QFT	CCMSLIB00004694016		mwang87	CCMSLIB00004694016	mzspec:GNPS:MONA:accession:CCMSLIB00004694016
245	404	aligned_features_filled.mgf	288.2895	696373	659	MASSBANKEU.mgf	288.2530	0.8312	6	0.0365			1		N/A	Massbank		spectra_from_json.mgf		N/A	InChI=1S/C16H33NO3/c1-2-3-4-5-6-7-8-9-10-11-16(20)17(12-14-18)13-15-19/h18-19H,2-15H2,1H3	AOMUHOFOVNGZAN-UHFFFAOYSA-N				Positive	3		2	MassbankEU:SM876702 Lauryl diethanolamide|N,N-bis(2-hydroxyethyl)dodecanamide [M+H]+	MASSBANKEU	288.253	Massbank EU	N/A	659	*..*	CCCCCCCCCCCC(=O)N(CCO)CCO	ESI-LC-ESI-QFT	CCMSLIB00000842020		mwang87	CCMSLIB00000842020	mzspec:GNPS:MASSBANKEU:accession:CCMSLIB00000842020
249	410	aligned_features_filled.mgf	746.5724	31840	2431	GNPS-NIST14-MATCHES.mgf	746.5884	0.9648	8	-0.0160			1		30.0	Data deposited by mjmeehan		911aaf9fea3e43ecb208c13f468fc5c9/23-blood_pos_C18_QE.mzXML		N/A	InChI=1S/C42H84NO7P/c1-6-8-10-12-14-16-18-20-22-23-25-27-29-31-33-35-42(44)50-41(40-49-51(45,46)48-38-36-43(3,4)5)39-47-37-34-32-30-28-26-24-21-19-17-15-13-11-9-7-2/h20,22,41H,6-19,21,23-40H2,1-5H3/b22-20-/t41-/m1/s1	SIEDNCDNGMIKST-IYEJTHTFSA-N				Positive	3		2	Spectral Match to 1-Hexadecyl-2-(9Z-octadecenoyl)-sn-glycero-3-phosphocholine from NIST14 [M+H]+	GNPS-NIST14-MATCHES	746.588379	Data from Gabriel Haddad	N/A	2431	*..*	CCCCCCCCCCCCCCCCOC[C@H](COP(=O)([O-])OCC[N+](C)(C)C)OC(=O)CCCCCCC/C=C\CCCCCCCC	ESI-qTof	CCMSLIB00003134771		mwang87	CCMSLIB00003134771	mzspec:GNPS:GNPS-NIST14-MATCHES:accession:CCMSLIB00003134771
262	430	aligned_features_filled.mgf	760.5851	33615	2915	GNPS-NIST14-MATCHES.mgf	760.5856	0.9605	7	-0.0005			1		25.0	Data deposited by eriche		0e2ed80a407748f4bc0efd7a022e14d6/2014_10_07_KO_colony.mzXML		N/A	InChI=1S/C42H82NO8P/c1-6-8-10-12-14-16-18-20-21-23-25-27-29-31-33-35-42(45)51-40(39-50-52(46,47)49-37-36-43(3,4)5)38-48-41(44)34-32-30-28-26-24-22-19-17-15-13-11-9-7-2/h20-21,40H,6-19,22-39H2,1-5H3/b21-20-/t40-/m1/s1	WTJKGGKOPKCXLL-VYOBOKEXSA-N				Positive	3		2	Spectral Match to 1-Hexadecanoyl-2-(9Z-octadecenoyl)-sn-glycero-3-phosphocholine from NIST14 [M+H]+	GNPS-NIST14-MATCHES	760.58565	Data from Piel, Dittmann	N/A	2915	*..*	CCCCCCCCCCCCCCCC(=O)OC[C@H](COP(=O)([O-])OCC[N+](C)(C)C)OC(=O)CCCCCCC/C=C\CCCCCCCC	ESI-qTof	CCMSLIB00003136583		mwang87	CCMSLIB00003136583	mzspec:GNPS:GNPS-NIST14-MATCHES:accession:CCMSLIB00003136583
267	438	aligned_features_filled.mgf	377.1463	722741	1363	GNPS-LIBRARY.mgf	377.1460	0.9159	13	0.0003			1		N/A	Anna Abrahamsson		spectra_from_json.mgf		N/A	InChI=1S/C17H20N4O6/c1-7-3-9-10(4-8(7)2)21(5-11(23)14(25)12(24)6-22)15-13(18-9)16(26)20-17(27)19-15/h3-4,11-12,14,22-25H,5-6H2,1-2H3,(H,20,26,27)/t11-,12+,14-/m0/s1	AUNGANRZJHBGPY-SCRDCRAPSA-N				Positive	1		2	RIBOFLAVIN - 30.0 eV [M+H]+	GNPS-LIBRARY	377.146	Madeleine Ernst	N/A	1363	*..*	CC1=C(C)C=C2N(C[C@H](O)[C@H](O)[C@H](O)CO)C3=NC(=O)NC(=O)C3=NC2=C1	ESI-Orbitrap	CCMSLIB00005884516		mwang87	CCMSLIB00005884516	mzspec:GNPS:GNPS-LIBRARY:accession:CCMSLIB00005884516
275	453	aligned_features_filled.mgf	540.5354	773676	15607	PNNL-LIPIDS-POSITIVE.mgf	540.5360	0.9006	14	-0.0006			1		N/A	Thomas Metz		spectra_from_json.mgf		N/A	N/A	N/A				Positive	1		2	Cer(d18:0/16:0); [M+H]+ C34H70N1O3 [M+H]+	PNNL-LIPIDS-POSITIVE	540.536	Thomas Metz	N/A	15607	*..*	N/A	LC-ESI-HCD; Velos	CCMSLIB00010085448		mwang87	CCMSLIB00010085448	mzspec:GNPS:PNNL-LIPIDS-POSITIVE:accession:CCMSLIB00010085448
276	454	aligned_features_filled.mgf	756.5525	773162	15093	PNNL-LIPIDS-POSITIVE.mgf	756.5540	0.9320	11	-0.0015			1		N/A	Thomas Metz		spectra_from_json.mgf		N/A	N/A	N/A				Positive	1		2	PC(16:1/18:2); [M+H]+ C42H79N1O8P1 [M+H]+	PNNL-LIPIDS-POSITIVE	756.554	Thomas Metz	N/A	15093	*..*	N/A	LC-ESI-HCD; Velos	CCMSLIB00010084384		mwang87	CCMSLIB00010084384	mzspec:GNPS:PNNL-LIPIDS-POSITIVE:accession:CCMSLIB00010084384
277	455	aligned_features_filled.mgf	795.6289	760962	2893	PNNL-LIPIDS-POSITIVE.mgf	795.6290	0.8386	19	-0.0001			1		N/A	Thomas Metz		spectra_from_json.mgf		N/A	N/A	N/A				Positive	1		2	CoQ9; [M+H]+ C54H83O4 [M+H]+	PNNL-LIPIDS-POSITIVE	795.629	Thomas Metz	N/A	2893	*..*	N/A	LC-ESI-HCD; Velos	CCMSLIB00010058155		mwang87	CCMSLIB00010058155	mzspec:GNPS:PNNL-LIPIDS-POSITIVE:accession:CCMSLIB00010058155
278	456	aligned_features_filled.mgf	760.5865	33615	2915	GNPS-NIST14-MATCHES.mgf	760.5856	0.9704	7	0.0009			1		25.0	Data deposited by eriche		0e2ed80a407748f4bc0efd7a022e14d6/2014_10_07_KO_colony.mzXML		N/A	InChI=1S/C42H82NO8P/c1-6-8-10-12-14-16-18-20-21-23-25-27-29-31-33-35-42(45)51-40(39-50-52(46,47)49-37-36-43(3,4)5)38-48-41(44)34-32-30-28-26-24-22-19-17-15-13-11-9-7-2/h20-21,40H,6-19,22-39H2,1-5H3/b21-20-/t40-/m1/s1	WTJKGGKOPKCXLL-VYOBOKEXSA-N				Positive	3		2	Spectral Match to 1-Hexadecanoyl-2-(9Z-octadecenoyl)-sn-glycero-3-phosphocholine from NIST14 [M+H]+	GNPS-NIST14-MATCHES	760.58565	Data from Piel, Dittmann	N/A	2915	*..*	CCCCCCCCCCCCCCCC(=O)OC[C@H](COP(=O)([O-])OCC[N+](C)(C)C)OC(=O)CCCCCCC/C=C\CCCCCCCC	ESI-qTof	CCMSLIB00003136583		mwang87	CCMSLIB00003136583	mzspec:GNPS:GNPS-NIST14-MATCHES:accession:CCMSLIB00003136583
284	468	aligned_features_filled.mgf	782.5674	35929	2601	GNPS-NIST14-MATCHES.mgf	782.5682	0.9141	15	-0.0009			1		30.0	Data deposited by mjmeehan		63098e9f3d694fa6b375bf3d17aacc8c/Blood_Blank_pos_C18_QE_07.mzXML		N/A	InChI=1S/C42H82NO8P/c1-6-8-10-12-14-16-18-20-21-23-25-27-29-31-33-35-42(45)51-40(39-50-52(46,47)49-37-36-43(3,4)5)38-48-41(44)34-32-30-28-26-24-22-19-17-15-13-11-9-7-2/h20-21,40H,6-19,22-39H2,1-5H3/b21-20-/t40-/m1/s1	WTJKGGKOPKCXLL-VYOBOKEXSA-N				Positive	3		2	Spectral Match to 1-Hexadecanoyl-2-(9Z-octadecenoyl)-sn-glycero-3-phosphocholine from NIST14 [M+Na]+	GNPS-NIST14-MATCHES	782.568225	Data from Gabriel Haddad	N/A	2601	*..*	CCCCCCCCCCCCCCCC(=O)OC[C@H](COP(=O)([O-])OCC[N+](C)(C)C)OC(=O)CCCCCCC/C=C\CCCCCCCC	ESI-qTof	CCMSLIB00003138952		mwang87	CCMSLIB00003138952	mzspec:GNPS:GNPS-NIST14-MATCHES:accession:CCMSLIB00003138952
286	470	aligned_features_filled.mgf	746.6111	31840	2431	GNPS-NIST14-MATCHES.mgf	746.5884	0.7191	7	0.0227			1		30.0	Data deposited by mjmeehan		911aaf9fea3e43ecb208c13f468fc5c9/23-blood_pos_C18_QE.mzXML		N/A	InChI=1S/C42H84NO7P/c1-6-8-10-12-14-16-18-20-22-23-25-27-29-31-33-35-42(44)50-41(40-49-51(45,46)48-38-36-43(3,4)5)39-47-37-34-32-30-28-26-24-21-19-17-15-13-11-9-7-2/h20,22,41H,6-19,21,23-40H2,1-5H3/b22-20-/t41-/m1/s1	SIEDNCDNGMIKST-IYEJTHTFSA-N				Positive	3		2	Spectral Match to 1-Hexadecyl-2-(9Z-octadecenoyl)-sn-glycero-3-phosphocholine from NIST14 [M+H]+	GNPS-NIST14-MATCHES	746.588379	Data from Gabriel Haddad	N/A	2431	*..*	CCCCCCCCCCCCCCCCOC[C@H](COP(=O)([O-])OCC[N+](C)(C)C)OC(=O)CCCCCCC/C=C\CCCCCCCC	ESI-qTof	CCMSLIB00003134771		mwang87	CCMSLIB00003134771	mzspec:GNPS:GNPS-NIST14-MATCHES:accession:CCMSLIB00003134771
287	471	aligned_features_filled.mgf	746.6063	31840	2431	GNPS-NIST14-MATCHES.mgf	746.5884	0.9697	8	0.0179			1		30.0	Data deposited by mjmeehan		911aaf9fea3e43ecb208c13f468fc5c9/23-blood_pos_C18_QE.mzXML		N/A	InChI=1S/C42H84NO7P/c1-6-8-10-12-14-16-18-20-22-23-25-27-29-31-33-35-42(44)50-41(40-49-51(45,46)48-38-36-43(3,4)5)39-47-37-34-32-30-28-26-24-21-19-17-15-13-11-9-7-2/h20,22,41H,6-19,21,23-40H2,1-5H3/b22-20-/t41-/m1/s1	SIEDNCDNGMIKST-IYEJTHTFSA-N				Positive	3		2	Spectral Match to 1-Hexadecyl-2-(9Z-octadecenoyl)-sn-glycero-3-phosphocholine from NIST14 [M+H]+	GNPS-NIST14-MATCHES	746.588379	Data from Gabriel Haddad	N/A	2431	*..*	CCCCCCCCCCCCCCCCOC[C@H](COP(=O)([O-])OCC[N+](C)(C)C)OC(=O)CCCCCCC/C=C\CCCCCCCC	ESI-qTof	CCMSLIB00003134771		mwang87	CCMSLIB00003134771	mzspec:GNPS:GNPS-NIST14-MATCHES:accession:CCMSLIB00003134771
294	485	aligned_features_filled.mgf	813.6842	32692	8438	GNPS-NIST14-MATCHES.mgf	813.6827	0.9577	7	0.0015			1		30.0	Data deposited by daniel		815429eafb604ae5a65a42cf0bcc01ac/NIST_STD_025_b.mzXML		N/A	N/A	N/A				Positive	3		2	Spectral Match to N-Tetracosenoyl-4-sphingenyl-1-O-phosphorylcholine from NIST14 [M+H]+	GNPS-NIST14-MATCHES	813.682656	Data from Pieter Dorrestein	N/A	8438	*..*	N/A	ESI-Q-TOF	CCMSLIB00003135664		mwang87	CCMSLIB00003135664	mzspec:GNPS:GNPS-NIST14-MATCHES:accession:CCMSLIB00003135664
296	487	aligned_features_filled.mgf	400.3598	806264	13445	BERKELEY-LAB.mgf	400.3570	0.8173	7	0.0028			1		N/A	JGI		3dacd5cf9c8d4c3d8596c71bf3234fbd/BERKELEY-LAB.mgf		N/A	InChI=1S/C27H45NO/c1-16-5-8-23-17(2)25-24(28(23)15-16)14-22-20-7-6-18-13-19(29)9-11-26(18,3)21(20)10-12-27(22,25)4/h16-25,29H,5-15H2,1-4H3/t16-,17+,18-,19-,20+,21-,22-,23+,24-,25-,26-,27-/m0/s1	JALVTHFTYRPDMB-HRRTYWNUSA-N				Positive	3		2	Demissidine CollisionEnergy:205060 [M+H]+	BERKELEY-LAB	400.357	Trent Northen	N/A	13445	*..*	CC1CCC2C(C)C3C(CC4C5CCC6CC(O)CCC6(C)C5CCC43C)N2C1	LC-ESI-Orbitrap	CCMSLIB00010115879		mwang87	CCMSLIB00010115879	mzspec:GNPS:BERKELEY-LAB:accession:CCMSLIB00010115879
297	490	aligned_features_filled.mgf	746.5714	31840	2431	GNPS-NIST14-MATCHES.mgf	746.5884	0.9694	8	-0.0170			1		30.0	Data deposited by mjmeehan		911aaf9fea3e43ecb208c13f468fc5c9/23-blood_pos_C18_QE.mzXML		N/A	InChI=1S/C42H84NO7P/c1-6-8-10-12-14-16-18-20-22-23-25-27-29-31-33-35-42(44)50-41(40-49-51(45,46)48-38-36-43(3,4)5)39-47-37-34-32-30-28-26-24-21-19-17-15-13-11-9-7-2/h20,22,41H,6-19,21,23-40H2,1-5H3/b22-20-/t41-/m1/s1	SIEDNCDNGMIKST-IYEJTHTFSA-N				Positive	3		2	Spectral Match to 1-Hexadecyl-2-(9Z-octadecenoyl)-sn-glycero-3-phosphocholine from NIST14 [M+H]+	GNPS-NIST14-MATCHES	746.588379	Data from Gabriel Haddad	N/A	2431	*..*	CCCCCCCCCCCCCCCCOC[C@H](COP(=O)([O-])OCC[N+](C)(C)C)OC(=O)CCCCCCC/C=C\CCCCCCCC	ESI-qTof	CCMSLIB00003134771		mwang87	CCMSLIB00003134771	mzspec:GNPS:GNPS-NIST14-MATCHES:accession:CCMSLIB00003134771
310	513	aligned_features_filled.mgf	756.5515	758223	154	PNNL-LIPIDS-POSITIVE.mgf	756.5540	0.8383	6	-0.0025			1		N/A	Thomas Metz		spectra_from_json.mgf		N/A	N/A	N/A				Positive	1		2	PC(16:1/18:2); [M+H]+ C42H79N1O8P1 [M+H]+	PNNL-LIPIDS-POSITIVE	756.554	Thomas Metz	N/A	154	*..*	N/A	LC-ESI-HCD; Lumos	CCMSLIB00010055416		mwang87	CCMSLIB00010055416	mzspec:GNPS:PNNL-LIPIDS-POSITIVE:accession:CCMSLIB00010055416
318	529	aligned_features_filled.mgf	583.2567	46478	101	MONA.mgf	583.2550	0.9165	15	0.0017			1		N/A	MoNA:VF-NPL-QEHF000101		spectra_from_json.mgf		N/A	InChI=1S/C33H34N4O6/c1-7-20-19(6)32(42)37-27(20)14-25-18(5)23(10-12-31(40)41)29(35-25)15-28-22(9-11-30(38)39)17(4)24(34-28)13-26-16(3)21(8-2)33(43)36-26/h7-8,13-15,34-35H,1-2,9-12H2,3-6H3,(H,37,42)(H,38,39)(H,40,41)/b24-13-,27-14-,28-15-	RCNSAJSGRJSBKK-NSQVQWHSSA-N				positive	3		2	Biliverdin [M+H]+	MONA	583.255	MoNA	N/A	101	*..*	C=CC1=C(C)C(/C=c2\[nH]/c(=C\c3[nH]c(/C=C4\N=C(O)C(C)=C4C=C)c(C)c3CCC(=O)O)c(CCC(=O)O)c2C)=NC1=O	ESI-QFT	CCMSLIB00004691164		mwang87	CCMSLIB00004691164	mzspec:GNPS:MONA:accession:CCMSLIB00004691164
319	530	aligned_features_filled.mgf	835.6672	747352	1690	GNPS-IOBA-NHC.mgf	835.6670	0.7875	7	0.0002			1		20.0	UMR CNRS 8038 Universite de Paris		d13a7832d41440df9a57092cfa9999a2/IOBA_BAK_20M_DDA_ESI+_2_315.mzXML		N/A	InChI=1S/C47H93N2O6P/c1-6-8-10-12-14-16-18-20-21-22-23-24-25-26-27-29-31-33-35-37-39-41-47(51)48-45(44-55-56(52,53)54-43-42-49(3,4)5)46(50)40-38-36-34-32-30-28-19-17-15-13-11-9-7-2/h11,13,38,40,45-46,50H,6-10,12,14-37,39,41-44H2,1-5H3,(H-,48,51,52,53)/b13-11-,40-38+/t45-,46+/m0/s1	DACOGJMBYLZYDH-GXJPFUDISA-N				Positive	3		2	SM(d18:2_24:0) - (2-{[3-hydroxy-2-tetracosanamidooctadeca-4.14-dien-1-yl phosphono]oxy}ethyl)trimethylazanium [M+Na]+	GNPS-IOBA-NHC	835.667	N Auzeil	N/A	1690	*..*	[H][C@@](COP([O-])(=O)OCC[N+](C)(C)C)(NC(=O)CCCCCCCCCCCCCCCCCCCCCCC)[C@H](O)\C=C\CCCCCCCC\C=C/CCC	LC-ESI-qTof	CCMSLIB00005724109		mpanitchpakdi	CCMSLIB00005724109	mzspec:GNPS:GNPS-IOBA-NHC:accession:CCMSLIB00005724109
322	533	aligned_features_filled.mgf	748.5857	772104	14035	PNNL-LIPIDS-POSITIVE.mgf	748.5860	0.8962	7	-0.0003			1		N/A	Thomas Metz		spectra_from_json.mgf		N/A	N/A	N/A				Positive	1		2	PC(16:0/17:0); [M+H]+ C41H83N1O8P1 [M+H]+	PNNL-LIPIDS-POSITIVE	748.586	Thomas Metz	N/A	14035	*..*	N/A	LC-ESI-HCD; Velos	CCMSLIB00010082195		mwang87	CCMSLIB00010082195	mzspec:GNPS:PNNL-LIPIDS-POSITIVE:accession:CCMSLIB00010082195
326	537	aligned_features_filled.mgf	760.5853	33905	2634	GNPS-NIST14-MATCHES.mgf	760.5868	0.9492	11	-0.0015			1		42.0	Data deposited by lamccall		e66db02b2e174ae791d20c0d6e68637d/P6-C10_RC10_01_1238.mzXML		N/A	InChI=1S/C42H82NO8P/c1-6-8-10-12-14-16-18-20-21-23-25-27-29-31-33-35-42(45)51-40(39-50-52(46,47)49-37-36-43(3,4)5)38-48-41(44)34-32-30-28-26-24-22-19-17-15-13-11-9-7-2/h20-21,40H,6-19,22-39H2,1-5H3/b21-20-/t40-/m1/s1	WTJKGGKOPKCXLL-VYOBOKEXSA-N				Positive	3		2	Spectral Match to 1-Hexadecanoyl-2-(9Z-octadecenoyl)-sn-glycero-3-phosphocholine from NIST14 [M+H]+	GNPS-NIST14-MATCHES	760.586787	Data from James McKerrow	N/A	2634	*..*	CCCCCCCCCCCCCCCC(=O)OC[C@H](COP(=O)([O-])OCC[N+](C)(C)C)OC(=O)CCCCCCC/C=C\CCCCCCCC	ESI-qTof	CCMSLIB00003136880		mwang87	CCMSLIB00003136880	mzspec:GNPS:GNPS-NIST14-MATCHES:accession:CCMSLIB00003136880
329	542	aligned_features_filled.mgf	782.5665	35929	2601	GNPS-NIST14-MATCHES.mgf	782.5682	0.8324	6	-0.0017			1		30.0	Data deposited by mjmeehan		63098e9f3d694fa6b375bf3d17aacc8c/Blood_Blank_pos_C18_QE_07.mzXML		N/A	InChI=1S/C42H82NO8P/c1-6-8-10-12-14-16-18-20-21-23-25-27-29-31-33-35-42(45)51-40(39-50-52(46,47)49-37-36-43(3,4)5)38-48-41(44)34-32-30-28-26-24-22-19-17-15-13-11-9-7-2/h20-21,40H,6-19,22-39H2,1-5H3/b21-20-/t40-/m1/s1	WTJKGGKOPKCXLL-VYOBOKEXSA-N				Positive	3		2	Spectral Match to 1-Hexadecanoyl-2-(9Z-octadecenoyl)-sn-glycero-3-phosphocholine from NIST14 [M+Na]+	GNPS-NIST14-MATCHES	782.568225	Data from Gabriel Haddad	N/A	2601	*..*	CCCCCCCCCCCCCCCC(=O)OC[C@H](COP(=O)([O-])OCC[N+](C)(C)C)OC(=O)CCCCCCC/C=C\CCCCCCCC	ESI-qTof	CCMSLIB00003138952		mwang87	CCMSLIB00003138952	mzspec:GNPS:GNPS-NIST14-MATCHES:accession:CCMSLIB00003138952
332	553	aligned_features_filled.mgf	718.5735	774634	16565	PNNL-LIPIDS-POSITIVE.mgf	718.5390	0.9038	6	0.0345			1		N/A	Thomas Metz		spectra_from_json.mgf		N/A	N/A	N/A				Positive	1		2	PC(15:0/16:1); [M+H]+ C39H77N1O8P1 [M+H]+	PNNL-LIPIDS-POSITIVE	718.539	Thomas Metz	N/A	16565	*..*	N/A	LC-ESI-HCD; Velos	CCMSLIB00010087420		mwang87	CCMSLIB00010087420	mzspec:GNPS:PNNL-LIPIDS-POSITIVE:accession:CCMSLIB00010087420
336	562	aligned_features_filled.mgf	782.5714	35929	2601	GNPS-NIST14-MATCHES.mgf	782.5682	0.8128	12	0.0032			1		30.0	Data deposited by mjmeehan		63098e9f3d694fa6b375bf3d17aacc8c/Blood_Blank_pos_C18_QE_07.mzXML		N/A	InChI=1S/C42H82NO8P/c1-6-8-10-12-14-16-18-20-21-23-25-27-29-31-33-35-42(45)51-40(39-50-52(46,47)49-37-36-43(3,4)5)38-48-41(44)34-32-30-28-26-24-22-19-17-15-13-11-9-7-2/h20-21,40H,6-19,22-39H2,1-5H3/b21-20-/t40-/m1/s1	WTJKGGKOPKCXLL-VYOBOKEXSA-N				Positive	3		2	Spectral Match to 1-Hexadecanoyl-2-(9Z-octadecenoyl)-sn-glycero-3-phosphocholine from NIST14 [M+Na]+	GNPS-NIST14-MATCHES	782.568225	Data from Gabriel Haddad	N/A	2601	*..*	CCCCCCCCCCCCCCCC(=O)OC[C@H](COP(=O)([O-])OCC[N+](C)(C)C)OC(=O)CCCCCCC/C=C\CCCCCCCC	ESI-qTof	CCMSLIB00003138952		mwang87	CCMSLIB00003138952	mzspec:GNPS:GNPS-NIST14-MATCHES:accession:CCMSLIB00003138952
347	583	aligned_features_filled.mgf	834.6013	788454	30393	PNNL-LIPIDS-POSITIVE.mgf	834.6010	0.7869	6	0.0003			1		N/A	Thomas Metz		spectra_from_json.mgf		N/A	N/A	N/A				Positive	1		2	PC(18:1/22:5); [M+H]+ C48H85N1O8P1 [M+H]+	PNNL-LIPIDS-POSITIVE	834.601	Thomas Metz	N/A	30393	*..*	N/A	LC-ESI-HCD; Velos	CCMSLIB00010101797		mwang87	CCMSLIB00010101797	mzspec:GNPS:PNNL-LIPIDS-POSITIVE:accession:CCMSLIB00010101797
348	584	aligned_features_filled.mgf	810.5988	34173	2514	GNPS-NIST14-MATCHES.mgf	810.5908	0.8506	13	0.0081			1		30.0	Data deposited by mjmeehan		070cdc7ef77c4567a2031d5f5d521a80/40-lungs.mzXML		N/A	N/A	N/A				Positive	3		2	Spectral Match to 1-Octadecanoyl-2-octadecenoyl-sn-glycero-3-phosphocholine from NIST14 [M+Na]+	GNPS-NIST14-MATCHES	810.590759	Data from Gabriel Haddad	N/A	2514	*..*	N/A	ESI-Q-TOF	CCMSLIB00003137148		mwang87	CCMSLIB00003137148	mzspec:GNPS:GNPS-NIST14-MATCHES:accession:CCMSLIB00003137148
363	616	aligned_features_filled.mgf	371.1014	36158	677	GNPS-NIST14-MATCHES.mgf	371.1007	0.9160	9	0.0007			1		N/A	Data deposited by marjo		ac91a87795204865ae03b2fdf3e5dc06/s109-v754.mgf		N/A	InChI=1S/C10H30O5Si5/c1-16(2)11-17(3,4)13-19(7,8)15-20(9,10)14-18(5,6)12-16/h1-10H3	XMSXQFUHVRWGNA-UHFFFAOYSA-N				Positive	3		2	Spectral Match to Cyclopentasiloxane, decamethyl- from NIST14 [M+H]+	GNPS-NIST14-MATCHES	371.100698	Data from Maria Maansson	N/A	677	*..*	C[Si]1(O[Si](O[Si](O[Si](O[Si](O1)(C)C)(C)C)(C)C)(C)C)C	ESI-QQQ	CCMSLIB00003139524		mwang87	CCMSLIB00003139524	mzspec:GNPS:GNPS-NIST14-MATCHES:accession:CCMSLIB00003139524
367	623	aligned_features_filled.mgf	756.5513	773162	15093	PNNL-LIPIDS-POSITIVE.mgf	756.5540	0.8876	8	-0.0027			1		N/A	Thomas Metz		spectra_from_json.mgf		N/A	N/A	N/A				Positive	1		2	PC(16:1/18:2); [M+H]+ C42H79N1O8P1 [M+H]+	PNNL-LIPIDS-POSITIVE	756.554	Thomas Metz	N/A	15093	*..*	N/A	LC-ESI-HCD; Velos	CCMSLIB00010084384		mwang87	CCMSLIB00010084384	mzspec:GNPS:PNNL-LIPIDS-POSITIVE:accession:CCMSLIB00010084384
372	632	aligned_features_filled.mgf	630.6187	718377	1811	GNPS-LIBRARY.mgf	630.6180	0.8947	11	0.0007			1		N/A	UMR 8038 Universite de Paris		spectra_from_json.mgf		N/A	InChI=1S/C42H81NO3/c1-3-5-7-9-11-13-15-17-18-19-20-21-22-23-24-26-28-30-32-34-36-38-42(46)43-40(39-44)41(45)37-35-33-31-29-27-25-16-14-12-10-8-6-4-2/h17-18,35,37,40-41,44-45H,3-16,19-34,36,38-39H2,1-2H3,(H,43,46)	VJSBNBBOSZJDKB-UHFFFAOYSA-N				Positive	3		2	Cer(d18:1_24:1) -  N-[1,3-dihydroxyoctadec-4-en-2-yl]tetracos-15-enamide [M-H2O+H]+	GNPS-LIBRARY	630.618	O Laprevote	N/A	1811	*..*	CCCCCCCCCCCCCC=CC(C(CO)NC(=O)CCCCCCCCCCCCCC=CCCCCCCCC)O	LC-ESI-qTof	CCMSLIB00005436375		OrlaneL	CCMSLIB00005436375	mzspec:GNPS:GNPS-LIBRARY:accession:CCMSLIB00005436375
374	635	aligned_features_filled.mgf	688.4954	36044	2859	GNPS-NIST14-MATCHES.mgf	688.4858	0.7422	20	0.0096			1		40.654573	Data deposited by lfnothias		b4ffdcd54519447baa56a7759c91e766/PgpDox_RB3_Sample_5C1_RB3_01_28193.mzML		N/A	InChI=1S/C37H70NO8P/c1-3-5-7-9-11-13-15-17-19-21-23-25-27-29-36(39)43-33-35(34-45-47(41,42)44-32-31-38)46-37(40)30-28-26-24-22-20-18-16-14-12-10-8-6-4-2/h13-16,35H,3-12,17-34,38H2,1-2H3,(H,41,42)/b15-13-,16-14-/t35-/m1/s1	PGPMCWZMPPZJML-NAFNZUQFSA-N				Positive	3		2	Spectral Match to 1,2-Dipalmitoleoyl-sn-glycero-3-phosphoethanolamine from NIST14 [M+H]+	GNPS-NIST14-MATCHES	688.485779	Data from Pieter Dorrestein	N/A	2859	*..*	CCCCCC/C=C\CCCCCCCC(=O)OC[C@H](COP(=O)(O)OCCN)OC(=O)CCCCCCC/C=C\CCCCCC	ESI-qTof	CCMSLIB00003139099		mwang87	CCMSLIB00003139099	mzspec:GNPS:GNPS-NIST14-MATCHES:accession:CCMSLIB00003139099
377	642	aligned_features_filled.mgf	835.6681	747352	1690	GNPS-IOBA-NHC.mgf	835.6670	0.7543	8	0.0011			1		20.0	UMR CNRS 8038 Universite de Paris		d13a7832d41440df9a57092cfa9999a2/IOBA_BAK_20M_DDA_ESI+_2_315.mzXML		N/A	InChI=1S/C47H93N2O6P/c1-6-8-10-12-14-16-18-20-21-22-23-24-25-26-27-29-31-33-35-37-39-41-47(51)48-45(44-55-56(52,53)54-43-42-49(3,4)5)46(50)40-38-36-34-32-30-28-19-17-15-13-11-9-7-2/h11,13,38,40,45-46,50H,6-10,12,14-37,39,41-44H2,1-5H3,(H-,48,51,52,53)/b13-11-,40-38+/t45-,46+/m0/s1	DACOGJMBYLZYDH-GXJPFUDISA-N				Positive	3		2	SM(d18:2_24:0) - (2-{[3-hydroxy-2-tetracosanamidooctadeca-4.14-dien-1-yl phosphono]oxy}ethyl)trimethylazanium [M+Na]+	GNPS-IOBA-NHC	835.667	N Auzeil	N/A	1690	*..*	[H][C@@](COP([O-])(=O)OCC[N+](C)(C)C)(NC(=O)CCCCCCCCCCCCCCCCCCCCCCC)[C@H](O)\C=C\CCCCCCCC\C=C/CCC	LC-ESI-qTof	CCMSLIB00005724109		mpanitchpakdi	CCMSLIB00005724109	mzspec:GNPS:GNPS-IOBA-NHC:accession:CCMSLIB00005724109
379	646	aligned_features_filled.mgf	371.0994	36158	677	GNPS-NIST14-MATCHES.mgf	371.1007	0.8955	9	-0.0013			1		N/A	Data deposited by marjo		ac91a87795204865ae03b2fdf3e5dc06/s109-v754.mgf		N/A	InChI=1S/C10H30O5Si5/c1-16(2)11-17(3,4)13-19(7,8)15-20(9,10)14-18(5,6)12-16/h1-10H3	XMSXQFUHVRWGNA-UHFFFAOYSA-N				Positive	3		2	Spectral Match to Cyclopentasiloxane, decamethyl- from NIST14 [M+H]+	GNPS-NIST14-MATCHES	371.100698	Data from Maria Maansson	N/A	677	*..*	C[Si]1(O[Si](O[Si](O[Si](O[Si](O1)(C)C)(C)C)(C)C)(C)C)C	ESI-QQQ	CCMSLIB00003139524		mwang87	CCMSLIB00003139524	mzspec:GNPS:GNPS-NIST14-MATCHES:accession:CCMSLIB00003139524
384	660	aligned_features_filled.mgf	675.6756	35891	3622	GNPS-NIST14-MATCHES.mgf	675.6748	0.8523	9	0.0008			1		35.0	Data deposited by alchemistmatt		65f6bd9e532b4604a3da3c936ee8be6c/OMICS_MCL002_delta4b_18HRS_A_LIPID_112_POS_05Apr16_Legolas_Mclass.mzML		N/A	InChI=1S/C22H43NO/c1-2-3-4-5-6-7-8-9-10-11-12-13-14-15-16-17-18-19-20-21-22(23)24/h9-10H,2-8,11-21H2,1H3,(H2,23,24)/b10-9-	UAUDZVJPLUQNMU-KTKRTIGZSA-N				Positive	3		2	Spectral Match to 13-Docosenamide, (Z)- from NIST14 [2M+H]+	GNPS-NIST14-MATCHES	675.674805	Data from Katrina Waters;Yoshihiro Kawaoka;Richard Smith;Thomas Metz;Ralph Baric	N/A	3622	*..*	CCCCCCCC/C=C\CCCCCCCCCCCC(=O)N	ESI-QQQ	CCMSLIB00003138904		mwang87	CCMSLIB00003138904	mzspec:GNPS:GNPS-NIST14-MATCHES:accession:CCMSLIB00003138904
385	662	aligned_features_filled.mgf	786.6021	32515	8175	GNPS-NIST14-MATCHES.mgf	786.5970	0.9528	6	0.0051			1		30.0	Data deposited by daniel		dbb6e9a4b71d47e694de769b7a16bfd5/NIST_STD_001_b.mzXML		N/A	InChI=1S/C44H84NO8P/c1-6-8-10-12-14-16-18-20-22-24-26-28-30-32-34-36-43(46)50-40-42(41-52-54(48,49)51-39-38-45(3,4)5)53-44(47)37-35-33-31-29-27-25-23-21-19-17-15-13-11-9-7-2/h15,17,21,23,42H,6-14,16,18-20,22,24-41H2,1-5H3/b17-15-,23-21-/t42-/m1/s1	FORFDCPQKJHEBF-VPUSDGANSA-N				Positive	3		2	Spectral Match to 1-Stearoyl-2-linoleoyl-sn-glycero-3-phosphocholine from NIST14 [M+H]+	GNPS-NIST14-MATCHES	786.596956	Data from Pieter Dorrestein	N/A	8175	*..*	CCCCCCCCCCCCCCCCCC(=O)OC[C@H](COP(=O)([O-])OCC[N+](C)(C)C)OC(=O)CCCCCCC/C=C\C/C=C\CCCCC	ESI-qTof	CCMSLIB00003135444		mwang87	CCMSLIB00003135444	mzspec:GNPS:GNPS-NIST14-MATCHES:accession:CCMSLIB00003135444
391	673	aligned_features_filled.mgf	810.5983	775341	17273	PNNL-LIPIDS-POSITIVE.mgf	810.6010	0.7864	13	-0.0027			1		N/A	Thomas Metz		spectra_from_json.mgf		N/A	N/A	N/A				Positive	1		2	PC(18:0/20:4); [M+H]+ C46H85N1O8P1 [M+H]+	PNNL-LIPIDS-POSITIVE	810.601	Thomas Metz	N/A	17273	*..*	N/A	LC-ESI-HCD; Velos	CCMSLIB00010088677		mwang87	CCMSLIB00010088677	mzspec:GNPS:PNNL-LIPIDS-POSITIVE:accession:CCMSLIB00010088677
396	681	aligned_features_filled.mgf	310.3103	720273	2620	GNPS-LIBRARY.mgf	310.3470	0.7642	6	-0.0367			1		N/A	Luis Quiros-Guerrero		spectra_from_json.mgf		N/A	InChI=1S/C21H43N/c1-3-4-5-6-7-8-9-10-11-12-13-14-15-18-21-19-16-17-20(2)22-21/h20-22H,3-19H2,1-2H3/t20-,21-/m0/s1	UZFYSJNBWVQZQB-SFTDATJTSA-N				Positive	1		2	(2R,6R)-2-methyl-6-pentadecylpiperidine [M+H]+	GNPS-LIBRARY	310.347	Wolfender	N/A	2620	*..*	CCCCCCCCCCCCCCC[C@@H]1N[C@@H](C)CCC1	ESI-Orbitrap	CCMSLIB00005724651		mpanitchpakdi	CCMSLIB00005724651	mzspec:GNPS:GNPS-LIBRARY:accession:CCMSLIB00005724651
412	705	aligned_features_filled.mgf	625.5516	723588	7998	GNPS-LIBRARY.mgf	625.5510	0.7234	10	0.0005			1		N/A	Su Ding		spectra_from_json.mgf		N/A	N/A	N/A				Positive	3		2	OL (32:0) [M+H]+	GNPS-LIBRARY	625.551	S Ding	N/A	7998	*..*	N/A	LC-ESI-Orbitrap	CCMSLIB00006678144		mpanitchpakdi	CCMSLIB00006678144	mzspec:GNPS:GNPS-LIBRARY:accession:CCMSLIB00006678144
415	709	aligned_features_filled.mgf	788.6171	31679	2380	GNPS-NIST14-MATCHES.mgf	788.6122	0.9489	6	0.0049			1		30.0	Data deposited by daniel		f86c70ab196842f5a7644656e26af83d/Plate1_C6.mzXML		N/A	N/A	N/A				Positive	3		2	Spectral Match to 1-Octadecanoyl-2-octadecenoyl-sn-glycero-3-phosphocholine from NIST14 [M+H]+	GNPS-NIST14-MATCHES	788.61222	Data from James McKerrow	N/A	2380	*..*	N/A	ESI-Q-TOF	CCMSLIB00003134596		mwang87	CCMSLIB00003134596	mzspec:GNPS:GNPS-NIST14-MATCHES:accession:CCMSLIB00003134596
419	716	aligned_features_filled.mgf	387.1938	141851	279	GNPS-ION-MOBILITY-LIBRARY.mgf	387.1940	0.7889	6	-0.0002			1		N/A	victoriadeleray		spectra_from_json.mgf		N/A	InChI=1S/C21H26N2O5/c1-3-4-5-6-7-18(24)23-20(26)14-17(21(27)28)22-19(25)13-12-16-10-8-15(2)9-11-16/h1,8-11,17H,4-7,12-14H2,2H3,(H,22,25)(H,27,28)(H,23,24,26)/t17-/m0/s1	UDXWTDFWVBCTHY-KRWDZBQOSA-N				Positive	1		2	3(p-tolyl)propionic-acid_6-heptynoic-acid_L-asparagine [M+H]+	GNPS-ION-MOBILITY-LIBRARY	387.194	Pieter Dorrestein	N/A	279	*..*	C#CCCCCC(=O)NC(=O)C[C@H](NC(=O)CCc1ccc(C)cc1)C(=O)O	LC-ESI-ToF	CCMSLIB00016211762		jzemlin	CCMSLIB00016211762	mzspec:GNPS:GNPS-ION-MOBILITY-LIBRARY:accession:CCMSLIB00016211762
425	724	aligned_features_filled.mgf	744.5887	760812	2743	PNNL-LIPIDS-POSITIVE.mgf	744.5540	0.9097	7	0.0347			1		N/A	Thomas Metz		spectra_from_json.mgf		N/A	N/A	N/A				Positive	1		2	PC(16:1/17:1); [M+H]+ C41H79N1O8P1 [M+H]+	PNNL-LIPIDS-POSITIVE	744.554	Thomas Metz	N/A	2743	*..*	N/A	LC-ESI-HCD; Velos	CCMSLIB00010058005		mwang87	CCMSLIB00010058005	mzspec:GNPS:PNNL-LIPIDS-POSITIVE:accession:CCMSLIB00010058005
427	727	aligned_features_filled.mgf	760.5850	35400	1858	GNPS-NIST14-MATCHES.mgf	760.5860	0.9637	9	-0.0010			1		30.0	Data deposited by mjmeehan		55fc66d014f945d39bfa8290189f9de7/10-blood_pos_C18_QE.mzXML		N/A	InChI=1S/C42H82NO8P/c1-6-8-10-12-14-16-18-20-21-23-25-27-29-31-33-35-42(45)51-40(39-50-52(46,47)49-37-36-43(3,4)5)38-48-41(44)34-32-30-28-26-24-22-19-17-15-13-11-9-7-2/h20-21,40H,6-19,22-39H2,1-5H3/b21-20-/t40-/m1/s1	WTJKGGKOPKCXLL-VYOBOKEXSA-N				Positive	3		2	Spectral Match to 1-Hexadecanoyl-2-(9Z-octadecenoyl)-sn-glycero-3-phosphocholine from NIST14 [M+H]+	GNPS-NIST14-MATCHES	760.585997	Data from Gabriel Haddad	N/A	1858	*..*	CCCCCCCCCCCCCCCC(=O)OC[C@H](COP(=O)([O-])OCC[N+](C)(C)C)OC(=O)CCCCCCC/C=C\CCCCCCCC	ESI-qTof	CCMSLIB00003138390		mwang87	CCMSLIB00003138390	mzspec:GNPS:GNPS-NIST14-MATCHES:accession:CCMSLIB00003138390
428	728	aligned_features_filled.mgf	788.6176	31679	2380	GNPS-NIST14-MATCHES.mgf	788.6122	0.9420	6	0.0054			1		30.0	Data deposited by daniel		f86c70ab196842f5a7644656e26af83d/Plate1_C6.mzXML		N/A	N/A	N/A				Positive	3		2	Spectral Match to 1-Octadecanoyl-2-octadecenoyl-sn-glycero-3-phosphocholine from NIST14 [M+H]+	GNPS-NIST14-MATCHES	788.61222	Data from James McKerrow	N/A	2380	*..*	N/A	ESI-Q-TOF	CCMSLIB00003134596		mwang87	CCMSLIB00003134596	mzspec:GNPS:GNPS-NIST14-MATCHES:accession:CCMSLIB00003134596
429	729	aligned_features_filled.mgf	812.6163	773374	15305	PNNL-LIPIDS-POSITIVE.mgf	812.6170	0.8679	6	-0.0007			1		N/A	Thomas Metz		spectra_from_json.mgf		N/A	N/A	N/A				Positive	1		2	PC(18:1/20:2); [M+H]+ C46H87N1O8P1 [M+H]+	PNNL-LIPIDS-POSITIVE	812.617	Thomas Metz	N/A	15305	*..*	N/A	LC-ESI-HCD; Velos	CCMSLIB00010084818		mwang87	CCMSLIB00010084818	mzspec:GNPS:PNNL-LIPIDS-POSITIVE:accession:CCMSLIB00010084818
436	739	aligned_features_filled.mgf	785.6530	764922	6853	PNNL-LIPIDS-POSITIVE.mgf	785.6540	0.9426	7	-0.0010			1		N/A	Thomas Metz		spectra_from_json.mgf		N/A	N/A	N/A				Positive	1		2	SM(d16:1/24:1); [M+H]+ C45H90N2O6P1 [M+H]+	PNNL-LIPIDS-POSITIVE	785.654	Thomas Metz	N/A	6853	*..*	N/A	LC-ESI-HCD; Velos	CCMSLIB00010067106		mwang87	CCMSLIB00010067106	mzspec:GNPS:PNNL-LIPIDS-POSITIVE:accession:CCMSLIB00010067106
438	741	aligned_features_filled.mgf	746.6058	31840	2431	GNPS-NIST14-MATCHES.mgf	746.5884	0.9625	8	0.0174			1		30.0	Data deposited by mjmeehan		911aaf9fea3e43ecb208c13f468fc5c9/23-blood_pos_C18_QE.mzXML		N/A	InChI=1S/C42H84NO7P/c1-6-8-10-12-14-16-18-20-22-23-25-27-29-31-33-35-42(44)50-41(40-49-51(45,46)48-38-36-43(3,4)5)39-47-37-34-32-30-28-26-24-21-19-17-15-13-11-9-7-2/h20,22,41H,6-19,21,23-40H2,1-5H3/b22-20-/t41-/m1/s1	SIEDNCDNGMIKST-IYEJTHTFSA-N				Positive	3		2	Spectral Match to 1-Hexadecyl-2-(9Z-octadecenoyl)-sn-glycero-3-phosphocholine from NIST14 [M+H]+	GNPS-NIST14-MATCHES	746.588379	Data from Gabriel Haddad	N/A	2431	*..*	CCCCCCCCCCCCCCCCOC[C@H](COP(=O)([O-])OCC[N+](C)(C)C)OC(=O)CCCCCCC/C=C\CCCCCCCC	ESI-qTof	CCMSLIB00003134771		mwang87	CCMSLIB00003134771	mzspec:GNPS:GNPS-NIST14-MATCHES:accession:CCMSLIB00003134771
446	755	aligned_features_filled.mgf	810.5992	34173	2514	GNPS-NIST14-MATCHES.mgf	810.5908	0.7181	9	0.0084			1		30.0	Data deposited by mjmeehan		070cdc7ef77c4567a2031d5f5d521a80/40-lungs.mzXML		N/A	N/A	N/A				Positive	3		2	Spectral Match to 1-Octadecanoyl-2-octadecenoyl-sn-glycero-3-phosphocholine from NIST14 [M+Na]+	GNPS-NIST14-MATCHES	810.590759	Data from Gabriel Haddad	N/A	2514	*..*	N/A	ESI-Q-TOF	CCMSLIB00003137148		mwang87	CCMSLIB00003137148	mzspec:GNPS:GNPS-NIST14-MATCHES:accession:CCMSLIB00003137148
448	757	aligned_features_filled.mgf	718.5748	760558	2489	PNNL-LIPIDS-POSITIVE.mgf	718.5390	0.8754	6	0.0358			1		N/A	Thomas Metz		spectra_from_json.mgf		N/A	N/A	N/A				Positive	1		2	PC(15:0/16:1); [M+H]+ C39H77N1O8P1 [M+H]+	PNNL-LIPIDS-POSITIVE	718.539	Thomas Metz	N/A	2489	*..*	N/A	LC-ESI-HCD; Velos	CCMSLIB00010057751		mwang87	CCMSLIB00010057751	mzspec:GNPS:PNNL-LIPIDS-POSITIVE:accession:CCMSLIB00010057751
449	758	aligned_features_filled.mgf	734.5705	33205	3303	GNPS-NIST14-MATCHES.mgf	734.5637	0.9713	7	0.0068			1		30.0	Data deposited by mjmeehan		356758164f01481588b7d21cb4d698e0/28-lungs.mzXML		N/A	InChI=1S/C40H80NO8P/c1-6-8-10-12-14-16-18-19-20-21-23-24-26-28-30-32-39(42)46-36-38(37-48-50(44,45)47-35-34-41(3,4)5)49-40(43)33-31-29-27-25-22-17-15-13-11-9-7-2/h38H,6-37H2,1-5H3/t38-/m1/s1	MZWGYEJOZNRLQE-KXQOOQHDSA-N				Positive	3		2	Spectral Match to 1-Stearoyl-2-myristoyl-sn-glycero-3-phosphocholine from NIST14 [M+H]+	GNPS-NIST14-MATCHES	734.56366	Data from Gabriel Haddad	N/A	3303	*..*	CCCCCCCCCCCCCCCCCC(=O)OC[C@H](COP(=O)([O-])OCC[N+](C)(C)C)OC(=O)CCCCCCCCCCCCC	ESI-qTof	CCMSLIB00003136123		mwang87	CCMSLIB00003136123	mzspec:GNPS:GNPS-NIST14-MATCHES:accession:CCMSLIB00003136123
477	804	aligned_features_filled.mgf	782.5671	35929	2601	GNPS-NIST14-MATCHES.mgf	782.5682	0.8377	12	-0.0012			1		30.0	Data deposited by mjmeehan		63098e9f3d694fa6b375bf3d17aacc8c/Blood_Blank_pos_C18_QE_07.mzXML		N/A	InChI=1S/C42H82NO8P/c1-6-8-10-12-14-16-18-20-21-23-25-27-29-31-33-35-42(45)51-40(39-50-52(46,47)49-37-36-43(3,4)5)38-48-41(44)34-32-30-28-26-24-22-19-17-15-13-11-9-7-2/h20-21,40H,6-19,22-39H2,1-5H3/b21-20-/t40-/m1/s1	WTJKGGKOPKCXLL-VYOBOKEXSA-N				Positive	3		2	Spectral Match to 1-Hexadecanoyl-2-(9Z-octadecenoyl)-sn-glycero-3-phosphocholine from NIST14 [M+Na]+	GNPS-NIST14-MATCHES	782.568225	Data from Gabriel Haddad	N/A	2601	*..*	CCCCCCCCCCCCCCCC(=O)OC[C@H](COP(=O)([O-])OCC[N+](C)(C)C)OC(=O)CCCCCCC/C=C\CCCCCCCC	ESI-qTof	CCMSLIB00003138952		mwang87	CCMSLIB00003138952	mzspec:GNPS:GNPS-NIST14-MATCHES:accession:CCMSLIB00003138952
481	811	aligned_features_filled.mgf	788.6203	31679	2380	GNPS-NIST14-MATCHES.mgf	788.6122	0.9449	7	0.0081			1		30.0	Data deposited by daniel		f86c70ab196842f5a7644656e26af83d/Plate1_C6.mzXML		N/A	N/A	N/A				Positive	3		2	Spectral Match to 1-Octadecanoyl-2-octadecenoyl-sn-glycero-3-phosphocholine from NIST14 [M+H]+	GNPS-NIST14-MATCHES	788.61222	Data from James McKerrow	N/A	2380	*..*	N/A	ESI-Q-TOF	CCMSLIB00003134596		mwang87	CCMSLIB00003134596	mzspec:GNPS:GNPS-NIST14-MATCHES:accession:CCMSLIB00003134596
482	815	aligned_features_filled.mgf	744.5891	765772	7703	PNNL-LIPIDS-POSITIVE.mgf	744.5910	0.9074	6	-0.0019			1		N/A	Thomas Metz		spectra_from_json.mgf		N/A	N/A	N/A				Positive	1		2	PC(O-16:0/18:2); [M+H]+ C42H83N1O7P1 [M+H]+	PNNL-LIPIDS-POSITIVE	744.591	Thomas Metz	N/A	7703	*..*	N/A	LC-ESI-HCD; Velos	CCMSLIB00010068873		mwang87	CCMSLIB00010068873	mzspec:GNPS:PNNL-LIPIDS-POSITIVE:accession:CCMSLIB00010068873
486	825	aligned_features_filled.mgf	648.6290	716618	4703	GNPS-LIBRARY.mgf	648.5970	0.8609	10	0.0320			1		N/A	Quinn		spectra_from_json.mgf		N/A	N/A	N/A				Positive	3		2	Ceramide (18:1/24:1) [M+H]+	GNPS-LIBRARY	648.597	Dorrestein	N/A	4703	*..*	N/A	LC-ESI-qTof	CCMSLIB00000531476		quinnr	CCMSLIB00000531476	mzspec:GNPS:GNPS-LIBRARY:accession:CCMSLIB00000531476
487	826	aligned_features_filled.mgf	762.6012	781085	23017	PNNL-LIPIDS-POSITIVE.mgf	762.6010	0.8980	6	0.0002			1		N/A	Thomas Metz		spectra_from_json.mgf		N/A	N/A	N/A				Positive	1		2	PC(16:0/18:0); [M+H]+ C42H85N1O8P1 [M+H]+	PNNL-LIPIDS-POSITIVE	762.601	Thomas Metz	N/A	23017	*..*	N/A	LC-ESI-HCD; Velos	CCMSLIB00010094421		mwang87	CCMSLIB00010094421	mzspec:GNPS:PNNL-LIPIDS-POSITIVE:accession:CCMSLIB00010094421
490	829	aligned_features_filled.mgf	813.6859	32692	8438	GNPS-NIST14-MATCHES.mgf	813.6827	0.9534	6	0.0032			1		30.0	Data deposited by daniel		815429eafb604ae5a65a42cf0bcc01ac/NIST_STD_025_b.mzXML		N/A	N/A	N/A				Positive	3		2	Spectral Match to N-Tetracosenoyl-4-sphingenyl-1-O-phosphorylcholine from NIST14 [M+H]+	GNPS-NIST14-MATCHES	813.682656	Data from Pieter Dorrestein	N/A	8438	*..*	N/A	ESI-Q-TOF	CCMSLIB00003135664		mwang87	CCMSLIB00003135664	mzspec:GNPS:GNPS-NIST14-MATCHES:accession:CCMSLIB00003135664
492	832	aligned_features_filled.mgf	813.6847	770746	12677	PNNL-LIPIDS-POSITIVE.mgf	813.6850	0.9364	10	-0.0003			1		N/A	Thomas Metz		spectra_from_json.mgf		N/A	N/A	N/A				Positive	1		2	SM(d18:1/24:1); [M+H]+ C47H94N2O6P1 [M+H]+	PNNL-LIPIDS-POSITIVE	813.685	Thomas Metz	N/A	12677	*..*	N/A	LC-ESI-HCD; Velos	CCMSLIB00010079368		mwang87	CCMSLIB00010079368	mzspec:GNPS:PNNL-LIPIDS-POSITIVE:accession:CCMSLIB00010079368
516	875	aligned_features_filled.mgf	744.5900	765682	7613	PNNL-LIPIDS-POSITIVE.mgf	744.5540	0.8722	6	0.0360			1		N/A	Thomas Metz		spectra_from_json.mgf		N/A	N/A	N/A				Positive	1		2	PC(15:0/18:2); [M+H]+ C41H79N1O8P1 [M+H]+	PNNL-LIPIDS-POSITIVE	744.554	Thomas Metz	N/A	7613	*..*	N/A	LC-ESI-HCD; Velos	CCMSLIB00010068685		mwang87	CCMSLIB00010068685	mzspec:GNPS:PNNL-LIPIDS-POSITIVE:accession:CCMSLIB00010068685
532	898	aligned_features_filled.mgf	782.5668	35929	2601	GNPS-NIST14-MATCHES.mgf	782.5682	0.8892	13	-0.0015			1		30.0	Data deposited by mjmeehan		63098e9f3d694fa6b375bf3d17aacc8c/Blood_Blank_pos_C18_QE_07.mzXML		N/A	InChI=1S/C42H82NO8P/c1-6-8-10-12-14-16-18-20-21-23-25-27-29-31-33-35-42(45)51-40(39-50-52(46,47)49-37-36-43(3,4)5)38-48-41(44)34-32-30-28-26-24-22-19-17-15-13-11-9-7-2/h20-21,40H,6-19,22-39H2,1-5H3/b21-20-/t40-/m1/s1	WTJKGGKOPKCXLL-VYOBOKEXSA-N				Positive	3		2	Spectral Match to 1-Hexadecanoyl-2-(9Z-octadecenoyl)-sn-glycero-3-phosphocholine from NIST14 [M+Na]+	GNPS-NIST14-MATCHES	782.568225	Data from Gabriel Haddad	N/A	2601	*..*	CCCCCCCCCCCCCCCC(=O)OC[C@H](COP(=O)([O-])OCC[N+](C)(C)C)OC(=O)CCCCCCC/C=C\CCCCCCCC	ESI-qTof	CCMSLIB00003138952		mwang87	CCMSLIB00003138952	mzspec:GNPS:GNPS-NIST14-MATCHES:accession:CCMSLIB00003138952
547	922	aligned_features_filled.mgf	815.6999	32513	2357	GNPS-NIST14-MATCHES.mgf	815.7004	0.8910	7	-0.0005			1		30.0	Data deposited by mjmeehan		ba311de896ac43dc9cc36bb3fade6642/Blood_Blank_pos_C18_QE_19.mzXML		N/A	N/A	N/A				Positive	3		2	Spectral Match to N-Tetracosanoyl-4-sphingenyl-1-O-phosphorylcholine from NIST14 [M+H]+	GNPS-NIST14-MATCHES	815.700439	Data from Gabriel Haddad	N/A	2357	*..*	N/A	ESI-Q-TOF	CCMSLIB00003135443		mwang87	CCMSLIB00003135443	mzspec:GNPS:GNPS-NIST14-MATCHES:accession:CCMSLIB00003135443
561	947	aligned_features_filled.mgf	730.5392	36343	2576	GNPS-NIST14-MATCHES.mgf	730.5408	0.9407	8	-0.0016			1		30.0	Data deposited by mjmeehan		7674435c97c34409abbdb66adfebb6cb/07-lungs.mzXML		N/A	InChI=1S/C40H76NO8P/c1-6-8-10-12-14-16-18-20-22-24-26-28-30-32-39(42)46-36-38(37-48-50(44,45)47-35-34-41(3,4)5)49-40(43)33-31-29-27-25-23-21-19-17-15-13-11-9-7-2/h16-19,38H,6-15,20-37H2,1-5H3/b18-16-,19-17-/t38-/m1/s1	GPWHCUUIQMGELX-VHQDNGOZSA-N				Positive	3		2	Spectral Match to 1,2-Dipalmitoleoyl-sn-glycero-3-phosphocholine from NIST14 [M+H]+	GNPS-NIST14-MATCHES	730.540833	Data from Gabriel Haddad	N/A	2576	*..*	CCCCCC/C=C\CCCCCCCC(=O)OC[C@H](COP(=O)([O-])OCC[N+](C)(C)C)OC(=O)CCCCCCC/C=C\CCCCCC	ESI-qTof	CCMSLIB00003139363		mwang87	CCMSLIB00003139363	mzspec:GNPS:GNPS-NIST14-MATCHES:accession:CCMSLIB00003139363
569	958	aligned_features_filled.mgf	560.3954	164914	2904	WFSR-LIBRARY.mgf	560.3940	0.7490	6	0.0014			1		N/A	Sjors Rasker, Wout Bergkamp		spectra_from_json.mgf		N/A	InChI=1S/C33H53NO6/c1-17-5-8-24-18(2)27-25(34(24)15-17)14-23-21-7-6-19-13-20(9-11-32(19,3)22(21)10-12-33(23,27)4)39-31-30(38)29(37)28(36)26(16-35)40-31/h6,17-18,20-31,35-38H,5,7-16H2,1-4H3/t17-,18+,20-,21+,22-,23-,24+,25-,26+,27-,28+,29-,30+,31+,32-,33-/m0/s1	IDGKMGZVTKHZDA-OSCYGWHCSA-N				Positive	1		2	gamma-Chaconine_CE60 [M+H]+	WFSR-LIBRARY	560.394	Federico Padilla-Gonzalez	N/A	2904	*..*	[H][C@]12CC[C@H](C)CN1[C@@]1([H])C[C@@]3([H])[C@]4([H])CC=C5C[C@H](CC[C@]5(C)[C@@]4([H])CC[C@]3(C)[C@@]1([H])[C@@H]2C)O[C@]1([H])O[C@H](CO)[C@@H](O)[C@H](O)[C@H]1O	ESI-Orbitrap	CCMSLIB00013936685		jzemlin	CCMSLIB00013936685	mzspec:GNPS:WFSR-LIBRARY:accession:CCMSLIB00013936685
571	962	aligned_features_filled.mgf	780.5519	779305	21237	PNNL-LIPIDS-POSITIVE.mgf	780.5540	0.7820	9	-0.0021			1		N/A	Thomas Metz		spectra_from_json.mgf		N/A	N/A	N/A				Positive	1		2	PC(16:0/20:5); [M+H]+ C44H79N1O8P1 [M+H]+	PNNL-LIPIDS-POSITIVE	780.554	Thomas Metz	N/A	21237	*..*	N/A	LC-ESI-HCD; Velos	CCMSLIB00010092641		mwang87	CCMSLIB00010092641	mzspec:GNPS:PNNL-LIPIDS-POSITIVE:accession:CCMSLIB00010092641
574	970	aligned_features_filled.mgf	636.4622	695073	7029	BIRMINGHAM-UHPLC-MS-POS.mgf	636.4600	0.7330	7	0.0022			1		N/A	Data Collector		spectra_from_json.mgf		N/A	InChI=1S/C33H66NO8P/c1-3-5-7-9-11-13-15-17-19-21-23-25-32(35)39-29-31(30-41-43(37,38)40-28-27-34)42-33(36)26-24-22-20-18-16-14-12-10-8-6-4-2/h31H,3-30,34H2,1-2H3,(H,37,38)	NEZDNQCXEZDCBI-UHFFFAOYSA-N				Positive	1		2	1,2-Dimyristoyl-sn-glycero-3-phosphoethanolamine - 40.0 eV [M+H]+	BIRMINGHAM-UHPLC-MS-POS	636.46	PI	N/A	7029	*..*	CCCCCCCCCCCCCC(=O)OCC(COP(=O)(O)OCCN)OC(=O)CCCCCCCCCCCCC	ESI-Orbitrap	CCMSLIB00006124656		mwang87	CCMSLIB00006124656	mzspec:GNPS:BIRMINGHAM-UHPLC-MS-POS:accession:CCMSLIB00006124656
583	982	aligned_features_filled.mgf	808.5829	771176	13107	PNNL-LIPIDS-POSITIVE.mgf	808.5860	0.7090	13	-0.0031			1		N/A	Thomas Metz		spectra_from_json.mgf		N/A	N/A	N/A				Positive	1		2	PC(18:1/20:4); [M+H]+ C46H83N1O8P1 [M+H]+	PNNL-LIPIDS-POSITIVE	808.586	Thomas Metz	N/A	13107	*..*	N/A	LC-ESI-HCD; Velos	CCMSLIB00010080275		mwang87	CCMSLIB00010080275	mzspec:GNPS:PNNL-LIPIDS-POSITIVE:accession:CCMSLIB00010080275
590	995	aligned_features_filled.mgf	746.6058	31840	2431	GNPS-NIST14-MATCHES.mgf	746.5884	0.9042	7	0.0174			1		30.0	Data deposited by mjmeehan		911aaf9fea3e43ecb208c13f468fc5c9/23-blood_pos_C18_QE.mzXML		N/A	InChI=1S/C42H84NO7P/c1-6-8-10-12-14-16-18-20-22-23-25-27-29-31-33-35-42(44)50-41(40-49-51(45,46)48-38-36-43(3,4)5)39-47-37-34-32-30-28-26-24-21-19-17-15-13-11-9-7-2/h20,22,41H,6-19,21,23-40H2,1-5H3/b22-20-/t41-/m1/s1	SIEDNCDNGMIKST-IYEJTHTFSA-N				Positive	3		2	Spectral Match to 1-Hexadecyl-2-(9Z-octadecenoyl)-sn-glycero-3-phosphocholine from NIST14 [M+H]+	GNPS-NIST14-MATCHES	746.588379	Data from Gabriel Haddad	N/A	2431	*..*	CCCCCCCCCCCCCCCCOC[C@H](COP(=O)([O-])OCC[N+](C)(C)C)OC(=O)CCCCCCC/C=C\CCCCCCCC	ESI-qTof	CCMSLIB00003134771		mwang87	CCMSLIB00003134771	mzspec:GNPS:GNPS-NIST14-MATCHES:accession:CCMSLIB00003134771
600	1016	aligned_features_filled.mgf	772.6212	764000	5931	PNNL-LIPIDS-POSITIVE.mgf	772.6220	0.9249	6	-0.0008			1		N/A	Thomas Metz		spectra_from_json.mgf		N/A	N/A	N/A				Positive	1		2	PC(O-18:0/18:2); [M+H]+ C44H87N1O7P1 [M+H]+	PNNL-LIPIDS-POSITIVE	772.622	Thomas Metz	N/A	5931	*..*	N/A	LC-ESI-HCD; Velos	CCMSLIB00010065062		mwang87	CCMSLIB00010065062	mzspec:GNPS:PNNL-LIPIDS-POSITIVE:accession:CCMSLIB00010065062
607	1037	aligned_features_filled.mgf	788.6157	784837	26773	PNNL-LIPIDS-POSITIVE.mgf	788.6170	0.9091	6	-0.0013			1		N/A	Thomas Metz		spectra_from_json.mgf		N/A	N/A	N/A				Positive	1		2	PC(16:0/20:1); [M+H]+ C44H87N1O8P1 [M+H]+	PNNL-LIPIDS-POSITIVE	788.617	Thomas Metz	N/A	26773	*..*	N/A	LC-ESI-HCD; Velos	CCMSLIB00010098177		mwang87	CCMSLIB00010098177	mzspec:GNPS:PNNL-LIPIDS-POSITIVE:accession:CCMSLIB00010098177
611	1041	aligned_features_filled.mgf	794.6048	769902	11833	PNNL-LIPIDS-POSITIVE.mgf	794.6060	0.9112	9	-0.0012			1		N/A	Thomas Metz		spectra_from_json.mgf		N/A	N/A	N/A				Positive	1		2	PC(O-18:1/20:4); [M+H]+ C46H85N1O7P1 [M+H]+	PNNL-LIPIDS-POSITIVE	794.606	Thomas Metz	N/A	11833	*..*	N/A	LC-ESI-HCD; Velos	CCMSLIB00010077590		mwang87	CCMSLIB00010077590	mzspec:GNPS:PNNL-LIPIDS-POSITIVE:accession:CCMSLIB00010077590
612	1042	aligned_features_filled.mgf	454.2925	36637	3975	GNPS-NIST14-MATCHES.mgf	454.2926	0.8039	11	-0.0001			1		35.0	Data deposited by lfnothias		55fc66d014f945d39bfa8290189f9de7/P_syn_32_SampleF1_media.mzML		N/A	InChI=1S/C21H44NO7P/c1-2-3-4-5-6-7-8-9-10-11-12-13-14-15-21(24)27-18-20(23)19-29-30(25,26)28-17-16-22/h20,23H,2-19,22H2,1H3,(H,25,26)/t20-/m1/s1	YVYMBNSKXOXSKW-HXUWFJFHSA-N				Positive	3		2	Spectral Match to 1-Palmitoyl-2-hydroxy-sn-glycero-3-phosphoethanolamine from NIST14 [M+H]+	GNPS-NIST14-MATCHES	454.292596	Data from Pieter Dorrestein	N/A	3975	*..*	CCCCCCCCCCCCCCCC(=O)OC[C@H](COP(=O)(O)OCCN)O	ESI-qTof	CCMSLIB00003139689		mwang87	CCMSLIB00003139689	mzspec:GNPS:GNPS-NIST14-MATCHES:accession:CCMSLIB00003139689
614	1044	aligned_features_filled.mgf	671.3824	716980	1807	GNPS-LIBRARY.mgf	671.3780	0.8505	20	0.0044			1		N/A	HW		spectra_from_json.mgf		N/A	N/A	N/A				Positive	3		2	GameXPeptide E [M+H]+	GNPS-LIBRARY	671.378	HW	N/A	1807	*..*	N/A	LC-ESI-qTof	CCMSLIB00001059265		sniperwolff	CCMSLIB00001059265	mzspec:GNPS:GNPS-LIBRARY:accession:CCMSLIB00001059265
615	1045	aligned_features_filled.mgf	794.6059	769902	11833	PNNL-LIPIDS-POSITIVE.mgf	794.6060	0.8686	10	-0.0001			1		N/A	Thomas Metz		spectra_from_json.mgf		N/A	N/A	N/A				Positive	1		2	PC(O-18:1/20:4); [M+H]+ C46H85N1O7P1 [M+H]+	PNNL-LIPIDS-POSITIVE	794.606	Thomas Metz	N/A	11833	*..*	N/A	LC-ESI-HCD; Velos	CCMSLIB00010077590		mwang87	CCMSLIB00010077590	mzspec:GNPS:PNNL-LIPIDS-POSITIVE:accession:CCMSLIB00010077590
621	1053	aligned_features_filled.mgf	772.5860	762632	4563	PNNL-LIPIDS-POSITIVE.mgf	772.5860	0.8872	6	0.0000			1		N/A	Thomas Metz		spectra_from_json.mgf		N/A	N/A	N/A				Positive	1		2	PC(17:0/18:2); [M+H]+ C43H83N1O8P1 [M+H]+	PNNL-LIPIDS-POSITIVE	772.586	Thomas Metz	N/A	4563	*..*	N/A	LC-ESI-HCD; Velos	CCMSLIB00010061671		mwang87	CCMSLIB00010061671	mzspec:GNPS:PNNL-LIPIDS-POSITIVE:accession:CCMSLIB00010061671
624	1059	aligned_features_filled.mgf	786.6522	31753	2747	GNPS-NIST14-MATCHES.mgf	786.6035	0.9181	13	0.0487			1		43.0	Data deposited by lamccall		f86c70ab196842f5a7644656e26af83d/P6-F3_RF3_01_1178.mzXML		N/A	InChI=1S/C44H84NO8P/c1-6-8-10-12-14-16-18-20-22-24-26-28-30-32-34-36-43(46)50-40-42(41-52-54(48,49)51-39-38-45(3,4)5)53-44(47)37-35-33-31-29-27-25-23-21-19-17-15-13-11-9-7-2/h15,17,21,23,42H,6-14,16,18-20,22,24-41H2,1-5H3/b17-15-,23-21-/t42-/m1/s1	FORFDCPQKJHEBF-VPUSDGANSA-N				Positive	3		2	Spectral Match to 1-Stearoyl-2-linoleoyl-sn-glycero-3-phosphocholine from NIST14 [M+H]+	GNPS-NIST14-MATCHES	786.603535	Data from James McKerrow	N/A	2747	*..*	CCCCCCCCCCCCCCCCCC(=O)OC[C@H](COP(=O)([O-])OCC[N+](C)(C)C)OC(=O)CCCCCCC/C=C\C/C=C\CCCCC	ESI-qTof	CCMSLIB00003134673		mwang87	CCMSLIB00003134673	mzspec:GNPS:GNPS-NIST14-MATCHES:accession:CCMSLIB00003134673
633	1073	aligned_features_filled.mgf	371.1011	32892	2345	GNPS-NIST14-MATCHES.mgf	371.1017	0.9096	10	-0.0006			1		N/A	Data deposited by marjo		ba311de896ac43dc9cc36bb3fade6642/s103-v312.mgf		N/A	InChI=1S/C10H30O5Si5/c1-16(2)11-17(3,4)13-19(7,8)15-20(9,10)14-18(5,6)12-16/h1-10H3	XMSXQFUHVRWGNA-UHFFFAOYSA-N				Positive	3		2	Spectral Match to Cyclopentasiloxane, decamethyl- from NIST14 [M+H]+	GNPS-NIST14-MATCHES	371.101732	Data from Maria Maansson	N/A	2345	*..*	C[Si]1(O[Si](O[Si](O[Si](O[Si](O1)(C)C)(C)C)(C)C)(C)C)C	ESI-QQQ	CCMSLIB00003136831		mwang87	CCMSLIB00003136831	mzspec:GNPS:GNPS-NIST14-MATCHES:accession:CCMSLIB00003136831
635	1075	aligned_features_filled.mgf	746.5712	772712	14643	PNNL-LIPIDS-POSITIVE.mgf	746.6060	0.8982	10	-0.0348			1		N/A	Thomas Metz		spectra_from_json.mgf		N/A	N/A	N/A				Positive	1		2	PC(O-16:1/18:0); [M+H]+ C42H85N1O7P1 [M+H]+	PNNL-LIPIDS-POSITIVE	746.606	Thomas Metz	N/A	14643	*..*	N/A	LC-ESI-HCD; Velos	CCMSLIB00010083454		mwang87	CCMSLIB00010083454	mzspec:GNPS:PNNL-LIPIDS-POSITIVE:accession:CCMSLIB00010083454
646	1096	aligned_features_filled.mgf	786.5997	773050	14981	PNNL-LIPIDS-POSITIVE.mgf	786.6010	0.9289	6	-0.0013			1		N/A	Thomas Metz		spectra_from_json.mgf		N/A	N/A	N/A				Positive	1		2	PC(18:1/18:1); [M+H]+ C44H85N1O8P1 [M+H]+	PNNL-LIPIDS-POSITIVE	786.601	Thomas Metz	N/A	14981	*..*	N/A	LC-ESI-HCD; Velos	CCMSLIB00010084153		mwang87	CCMSLIB00010084153	mzspec:GNPS:PNNL-LIPIDS-POSITIVE:accession:CCMSLIB00010084153
650	1102	aligned_features_filled.mgf	780.5492	779305	21237	PNNL-LIPIDS-POSITIVE.mgf	780.5540	0.7359	9	-0.0048			1		N/A	Thomas Metz		spectra_from_json.mgf		N/A	N/A	N/A				Positive	1		2	PC(16:0/20:5); [M+H]+ C44H79N1O8P1 [M+H]+	PNNL-LIPIDS-POSITIVE	780.554	Thomas Metz	N/A	21237	*..*	N/A	LC-ESI-HCD; Velos	CCMSLIB00010092641		mwang87	CCMSLIB00010092641	mzspec:GNPS:PNNL-LIPIDS-POSITIVE:accession:CCMSLIB00010092641
655	1117	aligned_features_filled.mgf	810.5969	770510	12441	PNNL-LIPIDS-POSITIVE.mgf	810.6010	0.7123	9	-0.0041			1		N/A	Thomas Metz		spectra_from_json.mgf		N/A	N/A	N/A				Positive	1		2	PC(18:0/20:4); [M+H]+ C46H85N1O8P1 [M+H]+	PNNL-LIPIDS-POSITIVE	810.601	Thomas Metz	N/A	12441	*..*	N/A	LC-ESI-HCD; Velos	CCMSLIB00010078874		mwang87	CCMSLIB00010078874	mzspec:GNPS:PNNL-LIPIDS-POSITIVE:accession:CCMSLIB00010078874
669	1140	aligned_features_filled.mgf	314.3433	110794	13039	MASSBANK.mgf	314.3050	0.7468	6	0.0383			1		N/A	Massbank		spectra_from_json.mgf		N/A	InChI=1S/C19H39NO2/c1-2-3-4-5-6-7-8-9-10-11-12-13-14-15-16-19(22)20-17-18-21/h21H,2-18H2,1H3,(H,20,22)	GCCFMSAXQJECNH-UHFFFAOYSA-N				Positive	3		2	Massbank:RP003203 Heptadecanoyl Ethanolamide|Margaroyl-ethanolamine|N-(2-hydroxyethyl)heptadecanamide [M+H]+	MASSBANK	314.305	Massbank	N/A	13039	*..*	CCCCCCCCCCCCCCCCC(=O)NCCO	ESI-qTof	CCMSLIB00005738590		mwang87	CCMSLIB00005738590	mzspec:GNPS:MASSBANK:accession:CCMSLIB00005738590
684	1166	aligned_features_filled.mgf	746.5706	760338	2269	PNNL-LIPIDS-POSITIVE.mgf	746.5700	0.7868	14	0.0006			1		N/A	Thomas Metz		spectra_from_json.mgf		N/A	N/A	N/A				Positive	1		2	PE(18:0/18:1); [M+H]+ C41H81N1O8P1 [M+H]+	PNNL-LIPIDS-POSITIVE	746.57	Thomas Metz	N/A	2269	*..*	N/A	LC-ESI-HCD; Velos	CCMSLIB00010057531		mwang87	CCMSLIB00010057531	mzspec:GNPS:PNNL-LIPIDS-POSITIVE:accession:CCMSLIB00010057531
691	1174	aligned_features_filled.mgf	664.4916	769354	11285	PNNL-LIPIDS-POSITIVE.mgf	664.4920	0.7133	7	-0.0004			1		N/A	Thomas Metz		spectra_from_json.mgf		N/A	N/A	N/A				Positive	1		2	PE(15:0/15:0); [M+H]+ C35H71N1O8P1 [M+H]+	PNNL-LIPIDS-POSITIVE	664.492	Thomas Metz	N/A	11285	*..*	N/A	LC-ESI-HCD; Velos	CCMSLIB00010076430		mwang87	CCMSLIB00010076430	mzspec:GNPS:PNNL-LIPIDS-POSITIVE:accession:CCMSLIB00010076430
695	1180	aligned_features_filled.mgf	510.3925	31949	1923	GNPS-NIST14-MATCHES.mgf	510.3928	0.8754	6	-0.0003			1		30.0	Data deposited by mjmeehan		51cc7a92db0644ecbedc57553ca6eab3/26-blood_pos_C18_QE.mzXML		N/A	InChI=1S/C26H56NO6P/c1-5-6-7-8-9-10-11-12-13-14-15-16-17-18-19-20-22-31-24-26(28)25-33-34(29,30)32-23-21-27(2,3)4/h26,28H,5-25H2,1-4H3	XKBJVQHMEXMFDZ-UHFFFAOYSA-N				Positive	3		2	Spectral Match to Lyso-PAF C-18 from NIST14 [M+H]+	GNPS-NIST14-MATCHES	510.392748	Data from Gabriel Haddad	N/A	1923	*..*	CCCCCCCCCCCCCCCCCCOCC(COP(=O)([O-])OCC[N+](C)(C)C)O	ESI-qTof	CCMSLIB00003134873		mwang87	CCMSLIB00003134873	mzspec:GNPS:GNPS-NIST14-MATCHES:accession:CCMSLIB00003134873
698	1188	aligned_features_filled.mgf	560.3961	164914	2904	WFSR-LIBRARY.mgf	560.3940	0.7977	7	0.0021			1		N/A	Sjors Rasker, Wout Bergkamp		spectra_from_json.mgf		N/A	InChI=1S/C33H53NO6/c1-17-5-8-24-18(2)27-25(34(24)15-17)14-23-21-7-6-19-13-20(9-11-32(19,3)22(21)10-12-33(23,27)4)39-31-30(38)29(37)28(36)26(16-35)40-31/h6,17-18,20-31,35-38H,5,7-16H2,1-4H3/t17-,18+,20-,21+,22-,23-,24+,25-,26+,27-,28+,29-,30+,31+,32-,33-/m0/s1	IDGKMGZVTKHZDA-OSCYGWHCSA-N				Positive	1		2	gamma-Chaconine_CE60 [M+H]+	WFSR-LIBRARY	560.394	Federico Padilla-Gonzalez	N/A	2904	*..*	[H][C@]12CC[C@H](C)CN1[C@@]1([H])C[C@@]3([H])[C@]4([H])CC=C5C[C@H](CC[C@]5(C)[C@@]4([H])CC[C@]3(C)[C@@]1([H])[C@@H]2C)O[C@]1([H])O[C@H](CO)[C@@H](O)[C@H](O)[C@H]1O	ESI-Orbitrap	CCMSLIB00013936685		jzemlin	CCMSLIB00013936685	mzspec:GNPS:WFSR-LIBRARY:accession:CCMSLIB00013936685
700	1196	aligned_features_filled.mgf	417.3373	683546	1102	BILELIB19.mgf	417.3347	0.7836	16	0.0026			1		31.0	Emily Gentry		f58979027c8d4fa5935a092ba5f3e3d3/BA177_BB7_01_17434.mzXML		N/A	InChI=1S/C27H48O5/c1-16(6-5-10-25(2,32)15-28)19-7-8-20-24-21(14-23(31)27(19,20)4)26(3)11-9-18(29)12-17(26)13-22(24)30/h16-24,28-32H,5-15H2,1-4H3/t16-,17-,18-,19-,20+,21+,22-,23+,24+,25?,26+,27-/m1/s1	XZDHXPDYLPEFQI-GIQUADRUSA-N				Positive	1		2	(3R,5R,7R,9S,10S,12S,13R,14S,17R)-17-((2R)-6,7-dihydroxy-6-methylheptan-2-yl)-10,13-dimethylhexadecahydro-1H-cyclopenta[a]phenanthrene-3,7,12-triol [M-2H2O+H]+	BILELIB19	417.334754	Dorrestein	N/A	1102	*..*	C[C@H](CCCC(C)(O)CO)[C@H]1CC[C@H]2[C@]([C@@H]3C[C@H](O)[C@@]21C)([H])[C@H](O)C[C@@H]4[C@]3(C)CC[C@@H](O)C4	ESI-qTof	CCMSLIB00005464996		mpanitchpakdi	CCMSLIB00005464996	mzspec:GNPS:BILELIB19:accession:CCMSLIB00005464996
705	1211	aligned_features_filled.mgf	788.5430	759204	1135	PNNL-LIPIDS-POSITIVE.mgf	788.5440	0.8522	12	-0.0010			1		N/A	Thomas Metz		spectra_from_json.mgf		N/A	N/A	N/A				Positive	1		2	PS(18:0/18:2); [M+H]+ C42H79N1O10P1 [M+H]+	PNNL-LIPIDS-POSITIVE	788.544	Thomas Metz	N/A	1135	*..*	N/A	LC-ESI-HCD; Velos	CCMSLIB00010056397		mwang87	CCMSLIB00010056397	mzspec:GNPS:PNNL-LIPIDS-POSITIVE:accession:CCMSLIB00010056397
713	1223	aligned_features_filled.mgf	496.3391	32411	2996	GNPS-NIST14-MATCHES.mgf	496.3292	0.9179	8	0.0099			1		35.0	Data deposited by lfnothias		f86c70ab196842f5a7644656e26af83d/ISP2_Mix2_SampleC4.mzML		N/A	InChI=1S/C24H50NO7P/c1-5-6-7-8-9-10-11-12-13-14-15-16-17-18-24(27)30-21-23(26)22-32-33(28,29)31-20-19-25(2,3)4/h23,26H,5-22H2,1-4H3/t23-/m1/s1	ASWBNKHCZGQVJV-HSZRJFAPSA-N				Positive	3		2	Spectral Match to Lyso-PC(16:0) from NIST14 [M+H]+	GNPS-NIST14-MATCHES	496.329226	Data from Pieter Dorrestein	N/A	2996	*..*	CCCCCCCCCCCCCCCC(=O)OC[C@H](COP(=O)([O-])OCC[N+](C)(C)C)O	ESI-qTof	CCMSLIB00003135346		mwang87	CCMSLIB00003135346	mzspec:GNPS:GNPS-NIST14-MATCHES:accession:CCMSLIB00003135346
720	1237	aligned_features_filled.mgf	794.6034	769902	11833	PNNL-LIPIDS-POSITIVE.mgf	794.6060	0.7378	6	-0.0026			1		N/A	Thomas Metz		spectra_from_json.mgf		N/A	N/A	N/A				Positive	1		2	PC(O-18:1/20:4); [M+H]+ C46H85N1O7P1 [M+H]+	PNNL-LIPIDS-POSITIVE	794.606	Thomas Metz	N/A	11833	*..*	N/A	LC-ESI-HCD; Velos	CCMSLIB00010077590		mwang87	CCMSLIB00010077590	mzspec:GNPS:PNNL-LIPIDS-POSITIVE:accession:CCMSLIB00010077590
727	1254	aligned_features_filled.mgf	439.3441	683907	1034	BILELIB19.mgf	439.3405	0.7319	13	0.0036			1		32.0	Emily Gentry		f58979027c8d4fa5935a092ba5f3e3d3/BA271_GD1_01_17557.mzXML		N/A	InChI=1S/C26H46O5/c1-15(4-5-17(28)9-11-27)19-6-7-20-24-21(14-23(31)26(19,20)3)25(2)10-8-18(29)12-16(25)13-22(24)30/h15-24,27-31H,4-14H2,1-3H3/t15?,16?,17-,18-,19-,20+,21+,22-,23+,24+,25?,26?/m1/s1	PBXYLMVLLSYZLN-LQHTUWPVSA-N				Positive	1		2	(3R,7R,8R,9S,10S,12S,13R,14S,17R)-17-((2R,5R)-5,7-dihydroxyheptan-2-yl)-10,13-dimethylhexadecahydro-1H-cyclopenta[a]phenanthrene-3,7,12-triol [M+H]+	BILELIB19	439.34052	Dorrestein	N/A	1034	*..*	O[C@@H](C1)CC[C@@]2(C)C1([H])C[C@@H](O)[C@]3([H])[C@]2([H])C[C@H](O)[C@@]4(C)[C@@]3([H])CC[C@@]4([C@H](C)CC[C@@H](O)CCO)[H]	ESI-qTof	CCMSLIB00005465360		mpanitchpakdi	CCMSLIB00005465360	mzspec:GNPS:BILELIB19:accession:CCMSLIB00005465360
731	1261	aligned_features_filled.mgf	780.5520	779305	21237	PNNL-LIPIDS-POSITIVE.mgf	780.5540	0.7950	8	-0.0020			1		N/A	Thomas Metz		spectra_from_json.mgf		N/A	N/A	N/A				Positive	1		2	PC(16:0/20:5); [M+H]+ C44H79N1O8P1 [M+H]+	PNNL-LIPIDS-POSITIVE	780.554	Thomas Metz	N/A	21237	*..*	N/A	LC-ESI-HCD; Velos	CCMSLIB00010092641		mwang87	CCMSLIB00010092641	mzspec:GNPS:PNNL-LIPIDS-POSITIVE:accession:CCMSLIB00010092641
732	1263	aligned_features_filled.mgf	810.5994	32131	2562	GNPS-NIST14-MATCHES.mgf	810.5989	0.9181	14	0.0005			1		30.0	Data deposited by mjmeehan		dbb6e9a4b71d47e694de769b7a16bfd5/18-lungs.mzXML		N/A	N/A	N/A				Positive	3		2	Spectral Match to 1-Octadecanoyl-2-octadecenoyl-sn-glycero-3-phosphocholine from NIST14 [M+Na]+	GNPS-NIST14-MATCHES	810.598938	Data from Gabriel Haddad	N/A	2562	*..*	N/A	ESI-Q-TOF	CCMSLIB00003135060		mwang87	CCMSLIB00003135060	mzspec:GNPS:GNPS-NIST14-MATCHES:accession:CCMSLIB00003135060
740	1276	aligned_features_filled.mgf	371.1007	36158	677	GNPS-NIST14-MATCHES.mgf	371.1007	0.8930	8	0.0000			1		N/A	Data deposited by marjo		ac91a87795204865ae03b2fdf3e5dc06/s109-v754.mgf		N/A	InChI=1S/C10H30O5Si5/c1-16(2)11-17(3,4)13-19(7,8)15-20(9,10)14-18(5,6)12-16/h1-10H3	XMSXQFUHVRWGNA-UHFFFAOYSA-N				Positive	3		2	Spectral Match to Cyclopentasiloxane, decamethyl- from NIST14 [M+H]+	GNPS-NIST14-MATCHES	371.100698	Data from Maria Maansson	N/A	677	*..*	C[Si]1(O[Si](O[Si](O[Si](O[Si](O1)(C)C)(C)C)(C)C)(C)C)C	ESI-QQQ	CCMSLIB00003139524		mwang87	CCMSLIB00003139524	mzspec:GNPS:GNPS-NIST14-MATCHES:accession:CCMSLIB00003139524
744	1282	aligned_features_filled.mgf	772.6211	764000	5931	PNNL-LIPIDS-POSITIVE.mgf	772.6220	0.8976	7	-0.0009			1		N/A	Thomas Metz		spectra_from_json.mgf		N/A	N/A	N/A				Positive	1		2	PC(O-18:0/18:2); [M+H]+ C44H87N1O7P1 [M+H]+	PNNL-LIPIDS-POSITIVE	772.622	Thomas Metz	N/A	5931	*..*	N/A	LC-ESI-HCD; Velos	CCMSLIB00010065062		mwang87	CCMSLIB00010065062	mzspec:GNPS:PNNL-LIPIDS-POSITIVE:accession:CCMSLIB00010065062
749	1293	aligned_features_filled.mgf	746.6089	31840	2431	GNPS-NIST14-MATCHES.mgf	746.5884	0.9420	7	0.0205			1		30.0	Data deposited by mjmeehan		911aaf9fea3e43ecb208c13f468fc5c9/23-blood_pos_C18_QE.mzXML		N/A	InChI=1S/C42H84NO7P/c1-6-8-10-12-14-16-18-20-22-23-25-27-29-31-33-35-42(44)50-41(40-49-51(45,46)48-38-36-43(3,4)5)39-47-37-34-32-30-28-26-24-21-19-17-15-13-11-9-7-2/h20,22,41H,6-19,21,23-40H2,1-5H3/b22-20-/t41-/m1/s1	SIEDNCDNGMIKST-IYEJTHTFSA-N				Positive	3		2	Spectral Match to 1-Hexadecyl-2-(9Z-octadecenoyl)-sn-glycero-3-phosphocholine from NIST14 [M+H]+	GNPS-NIST14-MATCHES	746.588379	Data from Gabriel Haddad	N/A	2431	*..*	CCCCCCCCCCCCCCCCOC[C@H](COP(=O)([O-])OCC[N+](C)(C)C)OC(=O)CCCCCCC/C=C\CCCCCCCC	ESI-qTof	CCMSLIB00003134771		mwang87	CCMSLIB00003134771	mzspec:GNPS:GNPS-NIST14-MATCHES:accession:CCMSLIB00003134771
756	1309	aligned_features_filled.mgf	703.5741	772990	14921	PNNL-LIPIDS-POSITIVE.mgf	703.5750	0.8397	7	-0.0009			1		N/A	Thomas Metz		spectra_from_json.mgf		N/A	N/A	N/A				Positive	1		2	SM(d18:1/16:0); [M+H]+ C39H80N2O6P1 [M+H]+	PNNL-LIPIDS-POSITIVE	703.575	Thomas Metz	N/A	14921	*..*	N/A	LC-ESI-HCD; Velos	CCMSLIB00010084029		mwang87	CCMSLIB00010084029	mzspec:GNPS:PNNL-LIPIDS-POSITIVE:accession:CCMSLIB00010084029
766	1333	aligned_features_filled.mgf	785.6528	764014	5945	PNNL-LIPIDS-POSITIVE.mgf	785.6540	0.9170	6	-0.0012			1		N/A	Thomas Metz		spectra_from_json.mgf		N/A	N/A	N/A				Positive	1		2	SM(d18:2/22:0); [M+H]+ C45H90N2O6P1 [M+H]+	PNNL-LIPIDS-POSITIVE	785.654	Thomas Metz	N/A	5945	*..*	N/A	LC-ESI-HCD; Velos	CCMSLIB00010065096		mwang87	CCMSLIB00010065096	mzspec:GNPS:PNNL-LIPIDS-POSITIVE:accession:CCMSLIB00010065096
784	1368	aligned_features_filled.mgf	815.6998	32513	2357	GNPS-NIST14-MATCHES.mgf	815.7004	0.9113	7	-0.0006			1		30.0	Data deposited by mjmeehan		ba311de896ac43dc9cc36bb3fade6642/Blood_Blank_pos_C18_QE_19.mzXML		N/A	N/A	N/A				Positive	3		2	Spectral Match to N-Tetracosanoyl-4-sphingenyl-1-O-phosphorylcholine from NIST14 [M+H]+	GNPS-NIST14-MATCHES	815.700439	Data from Gabriel Haddad	N/A	2357	*..*	N/A	ESI-Q-TOF	CCMSLIB00003135443		mwang87	CCMSLIB00003135443	mzspec:GNPS:GNPS-NIST14-MATCHES:accession:CCMSLIB00003135443
786	1371	aligned_features_filled.mgf	770.6028	765336	7267	PNNL-LIPIDS-POSITIVE.mgf	770.6060	0.9095	7	-0.0032			1		N/A	Thomas Metz		spectra_from_json.mgf		N/A	N/A	N/A				Positive	1		2	PC(P-18:0/18:2); [M+H]+ C44H85N1O7P1 [M+H]+	PNNL-LIPIDS-POSITIVE	770.606	Thomas Metz	N/A	7267	*..*	N/A	LC-ESI-HCD; Velos	CCMSLIB00010067966		mwang87	CCMSLIB00010067966	mzspec:GNPS:PNNL-LIPIDS-POSITIVE:accession:CCMSLIB00010067966
787	1372	aligned_features_filled.mgf	734.5693	33205	3303	GNPS-NIST14-MATCHES.mgf	734.5637	0.9645	7	0.0056			1		30.0	Data deposited by mjmeehan		356758164f01481588b7d21cb4d698e0/28-lungs.mzXML		N/A	InChI=1S/C40H80NO8P/c1-6-8-10-12-14-16-18-19-20-21-23-24-26-28-30-32-39(42)46-36-38(37-48-50(44,45)47-35-34-41(3,4)5)49-40(43)33-31-29-27-25-22-17-15-13-11-9-7-2/h38H,6-37H2,1-5H3/t38-/m1/s1	MZWGYEJOZNRLQE-KXQOOQHDSA-N				Positive	3		2	Spectral Match to 1-Stearoyl-2-myristoyl-sn-glycero-3-phosphocholine from NIST14 [M+H]+	GNPS-NIST14-MATCHES	734.56366	Data from Gabriel Haddad	N/A	3303	*..*	CCCCCCCCCCCCCCCCCC(=O)OC[C@H](COP(=O)([O-])OCC[N+](C)(C)C)OC(=O)CCCCCCCCCCCCC	ESI-qTof	CCMSLIB00003136123		mwang87	CCMSLIB00003136123	mzspec:GNPS:GNPS-NIST14-MATCHES:accession:CCMSLIB00003136123
788	1373	aligned_features_filled.mgf	810.5977	747346	1521	GNPS-IOBA-NHC.mgf	810.6030	0.9283	11	-0.0053			1		20.0	UMR CNRS 8038 Universite de Paris		d13a7832d41440df9a57092cfa9999a2/mix_DDA_ESI+_301.mzXML		N/A	InChI=1S/C46H84NO8P/c1-6-8-10-12-14-16-18-20-22-23-25-27-29-31-33-35-37-39-46(49)55-44(43-54-56(50,51)53-41-40-47(3,4)5)42-52-45(48)38-36-34-32-30-28-26-24-21-19-17-15-13-11-9-7-2/h14,16,20,22,25,27,31,33,44H,6-13,15,17-19,21,23-24,26,28-30,32,34-43H2,1-5H3/b16-14-,22-20-,27-25-,33-31-/t44-/m1/s1	PSVRFUPOQYJOOZ-QNPWAGBNSA-N				Positive	3		2	PC(18:0_20:4) - (2-{[2-[icosa-5.8.11.14-tetraenoyloxy]-3-(octadecanoyloxy)propyl phosphonato]oxy}ethyl)trimethylazanium [M+H]+	GNPS-IOBA-NHC	810.603	N Auzeil	N/A	1521	*..*	CCCCCCCCCCCCCCCCCC(=O)OC[C@]([H])(COP([O-])(=O)OCC[N+](C)(C)C)OC(=O)CCC\C=C/C\C=C/C\C=C/C\C=C/CCCCC	LC-ESI-qTof	CCMSLIB00005724106		mpanitchpakdi	CCMSLIB00005724106	mzspec:GNPS:GNPS-IOBA-NHC:accession:CCMSLIB00005724106
797	1387	aligned_features_filled.mgf	835.6661	32623	6054	GNPS-NIST14-MATCHES.mgf	835.6652	0.7056	8	0.0009			1		30.0	Data deposited by alchemistmatt		8dd9cf1525b140b3ad19c652621035e3/OMICS_MFB002_icMERS_48HRS_E_LIPID_053_POS_06Jul16_Legolas_HSS-T3_A925.mzML		N/A	N/A	N/A				Positive	3		2	Spectral Match to N-Tetracosenoyl-4-sphingenyl-1-O-phosphorylcholine from NIST14 [M+Na]+	GNPS-NIST14-MATCHES	835.665222	Data from Katrina Waters;Yoshihiro Kawaoka;Richard Smith;Thomas Metz;Ralph Baric	N/A	6054	*..*	N/A	ESI-Q-TOF	CCMSLIB00003135549		mwang87	CCMSLIB00003135549	mzspec:GNPS:GNPS-NIST14-MATCHES:accession:CCMSLIB00003135549
800	1394	aligned_features_filled.mgf	815.6990	32513	2357	GNPS-NIST14-MATCHES.mgf	815.7004	0.8924	8	-0.0015			1		30.0	Data deposited by mjmeehan		ba311de896ac43dc9cc36bb3fade6642/Blood_Blank_pos_C18_QE_19.mzXML		N/A	N/A	N/A				Positive	3		2	Spectral Match to N-Tetracosanoyl-4-sphingenyl-1-O-phosphorylcholine from NIST14 [M+H]+	GNPS-NIST14-MATCHES	815.700439	Data from Gabriel Haddad	N/A	2357	*..*	N/A	ESI-Q-TOF	CCMSLIB00003135443		mwang87	CCMSLIB00003135443	mzspec:GNPS:GNPS-NIST14-MATCHES:accession:CCMSLIB00003135443
801	1395	aligned_features_filled.mgf	810.6016	35229	2461	GNPS-NIST14-MATCHES.mgf	810.6000	0.9412	9	0.0016			1		30.0	Data deposited by fevargas		0e2ed80a407748f4bc0efd7a022e14d6/Wash_161205000616.mzXML		N/A	InChI=1S/C46H84NO8P/c1-6-8-10-12-14-16-18-20-22-23-25-27-29-31-33-35-37-39-46(49)55-44(43-54-56(50,51)53-41-40-47(3,4)5)42-52-45(48)38-36-34-32-30-28-26-24-21-19-17-15-13-11-9-7-2/h14,16,20,22,25,27,31,33,44H,6-13,15,17-19,21,23-24,26,28-30,32,34-43H2,1-5H3/b16-14-,22-20-,27-25-,33-31-/t44-/m1/s1	PSVRFUPOQYJOOZ-QNPWAGBNSA-N				Positive	3		2	Spectral Match to 1-Octadecanoyl-2-(5Z,8Z,11Z,14Z-eicosatetraenoyl)-sn-glycero-3-phosphocholine from NIST14 [M+H]+	GNPS-NIST14-MATCHES	810.60001	Data from Kevin Bush	N/A	2461	*..*	CCCCCCCCCCCCCCCCCC(=O)OC[C@H](COP(=O)([O-])OCC[N+](C)(C)C)OC(=O)CCC/C=C\C/C=C\C/C=C\C/C=C\CCCCC	ESI-qTof	CCMSLIB00003138207		mwang87	CCMSLIB00003138207	mzspec:GNPS:GNPS-NIST14-MATCHES:accession:CCMSLIB00003138207
806	1405	aligned_features_filled.mgf	863.6915	75397	26945	MONA.mgf	863.6910	0.8570	11	0.0005			1		N/A	MoNA:VF-NPL-QEHF026945		spectra_from_json.mgf		N/A	InChI=1S/C59H90O4/c1-44(2)24-15-25-45(3)26-16-27-46(4)28-17-29-47(5)30-18-31-48(6)32-19-33-49(7)34-20-35-50(8)36-21-37-51(9)38-22-39-52(10)40-23-41-53(11)42-43-55-54(12)56(60)58(62-13)59(63-14)57(55)61/h24,26,28,30,32,34,36,38,40,42H,15-23,25,27,29,31,33,35,37,39,41,43H2,1-14H3/b45-26+,46-28+,47-30+,48-32+,49-34+,50-36+,51-38+,52-40+,53-42+	ACTIUHUUMQJHFO-UPTCCGCDSA-N				positive	3		2	Ubidecarenone [M+H]+	MONA	863.691	MoNA	N/A	26945	*..*	COC1=C(OC)C(=O)C(C/C=C(\C)CC/C=C(\C)CC/C=C(\C)CC/C=C(\C)CC/C=C(\C)CC/C=C(\C)CC/C=C(\C)CC/C=C(\C)CC/C=C(\C)CCC=C(C)C)=C(C)C1=O	ESI-QFT	CCMSLIB00004720526		mwang87	CCMSLIB00004720526	mzspec:GNPS:MONA:accession:CCMSLIB00004720526
810	1411	aligned_features_filled.mgf	703.5743	785613	27549	PNNL-LIPIDS-POSITIVE.mgf	703.5750	0.8990	6	-0.0007			1		N/A	Thomas Metz		spectra_from_json.mgf		N/A	N/A	N/A				Positive	1		2	SM(d18:1/16:0); [M+H]+ C39H80N2O6P1 [M+H]+	PNNL-LIPIDS-POSITIVE	703.575	Thomas Metz	N/A	27549	*..*	N/A	LC-ESI-HCD; Velos	CCMSLIB00010098953		mwang87	CCMSLIB00010098953	mzspec:GNPS:PNNL-LIPIDS-POSITIVE:accession:CCMSLIB00010098953
813	1414	aligned_features_filled.mgf	421.2324	35799	1809	GNPS-NIST14-MATCHES.mgf	421.2321	0.9103	6	0.0002			1		27.0	Data deposited by dfloros		47be2621bf0743f5b25230dd0d205176/2_0_6_2_stem_tube-47_RD11_01_11275.mzXML		N/A	InChI=1S/C18H39O7P/c1-4-7-10-20-13-16-23-26(19,24-17-14-21-11-8-5-2)25-18-15-22-12-9-6-3/h4-18H2,1-3H3	WTLBZVNBAKMVDP-UHFFFAOYSA-N				Positive	3		2	Spectral Match to Tris(2-butoxyethyl) phosphate from NIST14 [M+Na]+	GNPS-NIST14-MATCHES	421.232156	Data from P Dorrestein	N/A	1809	*..*	CCCCOCCOP(OCCOCCCC)(OCCOCCCC)=O	LC-ESI-qTof	CCMSLIB00003138821		mwang87	CCMSLIB00003138821	mzspec:GNPS:GNPS-NIST14-MATCHES:accession:CCMSLIB00003138821
821	1426	aligned_features_filled.mgf	734.5691	33205	3303	GNPS-NIST14-MATCHES.mgf	734.5637	0.9484	9	0.0054			1		30.0	Data deposited by mjmeehan		356758164f01481588b7d21cb4d698e0/28-lungs.mzXML		N/A	InChI=1S/C40H80NO8P/c1-6-8-10-12-14-16-18-19-20-21-23-24-26-28-30-32-39(42)46-36-38(37-48-50(44,45)47-35-34-41(3,4)5)49-40(43)33-31-29-27-25-22-17-15-13-11-9-7-2/h38H,6-37H2,1-5H3/t38-/m1/s1	MZWGYEJOZNRLQE-KXQOOQHDSA-N				Positive	3		2	Spectral Match to 1-Stearoyl-2-myristoyl-sn-glycero-3-phosphocholine from NIST14 [M+H]+	GNPS-NIST14-MATCHES	734.56366	Data from Gabriel Haddad	N/A	3303	*..*	CCCCCCCCCCCCCCCCCC(=O)OC[C@H](COP(=O)([O-])OCC[N+](C)(C)C)OC(=O)CCCCCCCCCCCCC	ESI-qTof	CCMSLIB00003136123		mwang87	CCMSLIB00003136123	mzspec:GNPS:GNPS-NIST14-MATCHES:accession:CCMSLIB00003136123
826	1436	aligned_features_filled.mgf	756.5521	780119	22051	PNNL-LIPIDS-POSITIVE.mgf	756.5540	0.9419	9	-0.0019			1		N/A	Thomas Metz		spectra_from_json.mgf		N/A	N/A	N/A				Positive	1		2	PC(16:1/18:2); [M+H]+ C42H79N1O8P1 [M+H]+	PNNL-LIPIDS-POSITIVE	756.554	Thomas Metz	N/A	22051	*..*	N/A	LC-ESI-HCD; Velos	CCMSLIB00010093455		mwang87	CCMSLIB00010093455	mzspec:GNPS:PNNL-LIPIDS-POSITIVE:accession:CCMSLIB00010093455
828	1438	aligned_features_filled.mgf	415.2534	33386	1744	GNPS-NIST14-MATCHES.mgf	415.2500	0.9089	9	0.0034			1		35.0	Data deposited by eriche		51cc7a92db0644ecbedc57553ca6eab3/EH_Entotheonella_enriched_2b.mzXML		N/A	InChI=1S/C18H38O10/c19-1-3-21-5-7-23-9-11-25-13-15-27-17-18-28-16-14-26-12-10-24-8-6-22-4-2-20/h19-20H,1-18H2	YZUUTMGDONTGTN-UHFFFAOYSA-N				Positive	3		2	Spectral Match to Nonaethylene glycol from NIST14 [M+H]+	GNPS-NIST14-MATCHES	415.25	Data from Piel	N/A	1744	*..*	C(COCCOCCOCCOCCOCCOCCOCCOCCO)O	ESI-QQQ	CCMSLIB00003136412		mwang87	CCMSLIB00003136412	mzspec:GNPS:GNPS-NIST14-MATCHES:accession:CCMSLIB00003136412
829	1439	aligned_features_filled.mgf	508.3761	32317	1484	GNPS-NIST14-MATCHES.mgf	508.3754	0.8027	7	0.0007			1		35.0	Data deposited by lamccall		657eb45679814d8895d947698dd26e24/P8-E5_RE5_01_1524.mzXML		N/A	InChI=1S/C26H54NO6P/c1-5-6-7-8-9-10-11-12-13-14-15-16-17-18-19-20-22-31-24-26(28)25-33-34(29,30)32-23-21-27(2,3)4/h20,22,26,28H,5-19,21,23-25H2,1-4H3/b22-20-/t26-/m1/s1	WBOMIOWRFSPZMC-AYICAFKVSA-N				Positive	3		2	Spectral Match to 1-(1Z-Octadecenyl)-sn-glycero-3-phosphocholine from NIST14 [M+H]+	GNPS-NIST14-MATCHES	508.375416	Data from James McKerrow	N/A	1484	*..*	CCCCCCCCCCCCCCCC/C=C\OC[C@H](COP(=O)([O-])OCC[N+](C)(C)C)O	ESI-qTof	CCMSLIB00003135215		mwang87	CCMSLIB00003135215	mzspec:GNPS:GNPS-NIST14-MATCHES:accession:CCMSLIB00003135215
830	1440	aligned_features_filled.mgf	445.1198	32890	1996	GNPS-NIST14-MATCHES.mgf	445.1206	0.8445	12	-0.0008			1		N/A	Data deposited by marjo		ba311de896ac43dc9cc36bb3fade6642/s103-v312.mgf		N/A	InChI=1S/C12H36O6Si6/c1-19(2)13-20(3,4)15-22(7,8)17-24(11,12)18-23(9,10)16-21(5,6)14-19/h1-12H3	IUMSDRXLFWAGNT-UHFFFAOYSA-N				Positive	3		2	Spectral Match to Cyclohexasiloxane, dodecamethyl- from NIST14 [M+H]+	GNPS-NIST14-MATCHES	445.12056	Data from Maria Maansson	N/A	1996	*..*	C[Si]1(O[Si](O[Si](O[Si](O[Si](O[Si](O1)(C)C)(C)C)(C)C)(C)C)(C)C)C	ESI-QQQ	CCMSLIB00003136772		mwang87	CCMSLIB00003136772	mzspec:GNPS:GNPS-NIST14-MATCHES:accession:CCMSLIB00003136772
832	1443	aligned_features_filled.mgf	810.5986	770510	12441	PNNL-LIPIDS-POSITIVE.mgf	810.6010	0.7294	11	-0.0024			1		N/A	Thomas Metz		spectra_from_json.mgf		N/A	N/A	N/A				Positive	1		2	PC(18:0/20:4); [M+H]+ C46H85N1O8P1 [M+H]+	PNNL-LIPIDS-POSITIVE	810.601	Thomas Metz	N/A	12441	*..*	N/A	LC-ESI-HCD; Velos	CCMSLIB00010078874		mwang87	CCMSLIB00010078874	mzspec:GNPS:PNNL-LIPIDS-POSITIVE:accession:CCMSLIB00010078874
833	1444	aligned_features_filled.mgf	806.5669	781045	22977	PNNL-LIPIDS-POSITIVE.mgf	806.5700	0.7034	12	-0.0031			1		N/A	Thomas Metz		spectra_from_json.mgf		N/A	N/A	N/A				Positive	1		2	PC(18:2/20:4); [M+H]+ C46H81N1O8P1 [M+H]+	PNNL-LIPIDS-POSITIVE	806.57	Thomas Metz	N/A	22977	*..*	N/A	LC-ESI-HCD; Velos	CCMSLIB00010094381		mwang87	CCMSLIB00010094381	mzspec:GNPS:PNNL-LIPIDS-POSITIVE:accession:CCMSLIB00010094381
840	1458	aligned_features_filled.mgf	758.5767	35727	2524	GNPS-NIST14-MATCHES.mgf	758.5689	0.9735	9	0.0078			1		30.0	Data deposited by fevargas		42cb359e331348fa9666dd638f3dbaba/Urine_Rat_A.mzXML		N/A	N/A	N/A				Positive	3		2	Spectral Match to 1-Hexadecanoyl-2-octadecadienoyl-sn-glycero-3-phosphocholine from NIST14 [M+H]+	GNPS-NIST14-MATCHES	758.568938	Data from Kevin Bush	N/A	2524	*..*	N/A	ESI-Q-TOF	CCMSLIB00003138795		mwang87	CCMSLIB00003138795	mzspec:GNPS:GNPS-NIST14-MATCHES:accession:CCMSLIB00003138795
843	1461	aligned_features_filled.mgf	756.5514	780119	22051	PNNL-LIPIDS-POSITIVE.mgf	756.5540	0.9439	11	-0.0026			1		N/A	Thomas Metz		spectra_from_json.mgf		N/A	N/A	N/A				Positive	1		2	PC(16:1/18:2); [M+H]+ C42H79N1O8P1 [M+H]+	PNNL-LIPIDS-POSITIVE	756.554	Thomas Metz	N/A	22051	*..*	N/A	LC-ESI-HCD; Velos	CCMSLIB00010093455		mwang87	CCMSLIB00010093455	mzspec:GNPS:PNNL-LIPIDS-POSITIVE:accession:CCMSLIB00010093455
864	1498	aligned_features_filled.mgf	730.5384	36343	2576	GNPS-NIST14-MATCHES.mgf	730.5408	0.9304	7	-0.0024			1		30.0	Data deposited by mjmeehan		7674435c97c34409abbdb66adfebb6cb/07-lungs.mzXML		N/A	InChI=1S/C40H76NO8P/c1-6-8-10-12-14-16-18-20-22-24-26-28-30-32-39(42)46-36-38(37-48-50(44,45)47-35-34-41(3,4)5)49-40(43)33-31-29-27-25-23-21-19-17-15-13-11-9-7-2/h16-19,38H,6-15,20-37H2,1-5H3/b18-16-,19-17-/t38-/m1/s1	GPWHCUUIQMGELX-VHQDNGOZSA-N				Positive	3		2	Spectral Match to 1,2-Dipalmitoleoyl-sn-glycero-3-phosphocholine from NIST14 [M+H]+	GNPS-NIST14-MATCHES	730.540833	Data from Gabriel Haddad	N/A	2576	*..*	CCCCCC/C=C\CCCCCCCC(=O)OC[C@H](COP(=O)([O-])OCC[N+](C)(C)C)OC(=O)CCCCCCC/C=C\CCCCCC	ESI-qTof	CCMSLIB00003139363		mwang87	CCMSLIB00003139363	mzspec:GNPS:GNPS-NIST14-MATCHES:accession:CCMSLIB00003139363
867	1508	aligned_features_filled.mgf	810.5994	34173	2514	GNPS-NIST14-MATCHES.mgf	810.5908	0.7800	11	0.0087			1		30.0	Data deposited by mjmeehan		070cdc7ef77c4567a2031d5f5d521a80/40-lungs.mzXML		N/A	N/A	N/A				Positive	3		2	Spectral Match to 1-Octadecanoyl-2-octadecenoyl-sn-glycero-3-phosphocholine from NIST14 [M+Na]+	GNPS-NIST14-MATCHES	810.590759	Data from Gabriel Haddad	N/A	2514	*..*	N/A	ESI-Q-TOF	CCMSLIB00003137148		mwang87	CCMSLIB00003137148	mzspec:GNPS:GNPS-NIST14-MATCHES:accession:CCMSLIB00003137148
868	1510	aligned_features_filled.mgf	445.1222	32859	1997	GNPS-NIST14-MATCHES.mgf	445.1206	0.8544	11	0.0016			1		N/A	Data deposited by marjo		ba311de896ac43dc9cc36bb3fade6642/s103-v312.mgf		N/A	InChI=1S/C12H36O6Si6/c1-19(2)13-20(3,4)15-22(7,8)17-24(11,12)18-23(9,10)16-21(5,6)14-19/h1-12H3	IUMSDRXLFWAGNT-UHFFFAOYSA-N				Positive	3		2	Spectral Match to Cyclohexasiloxane, dodecamethyl- from NIST14 [M+H]+	GNPS-NIST14-MATCHES	445.12056	Data from Maria Maansson	N/A	1997	*..*	C[Si]1(O[Si](O[Si](O[Si](O[Si](O[Si](O1)(C)C)(C)C)(C)C)(C)C)(C)C)C	ESI-QQQ	CCMSLIB00003135861		mwang87	CCMSLIB00003135861	mzspec:GNPS:GNPS-NIST14-MATCHES:accession:CCMSLIB00003135861
869	1513	aligned_features_filled.mgf	835.6652	747352	1690	GNPS-IOBA-NHC.mgf	835.6670	0.7384	8	-0.0018			1		20.0	UMR CNRS 8038 Universite de Paris		d13a7832d41440df9a57092cfa9999a2/IOBA_BAK_20M_DDA_ESI+_2_315.mzXML		N/A	InChI=1S/C47H93N2O6P/c1-6-8-10-12-14-16-18-20-21-22-23-24-25-26-27-29-31-33-35-37-39-41-47(51)48-45(44-55-56(52,53)54-43-42-49(3,4)5)46(50)40-38-36-34-32-30-28-19-17-15-13-11-9-7-2/h11,13,38,40,45-46,50H,6-10,12,14-37,39,41-44H2,1-5H3,(H-,48,51,52,53)/b13-11-,40-38+/t45-,46+/m0/s1	DACOGJMBYLZYDH-GXJPFUDISA-N				Positive	3		2	SM(d18:2_24:0) - (2-{[3-hydroxy-2-tetracosanamidooctadeca-4.14-dien-1-yl phosphono]oxy}ethyl)trimethylazanium [M+Na]+	GNPS-IOBA-NHC	835.667	N Auzeil	N/A	1690	*..*	[H][C@@](COP([O-])(=O)OCC[N+](C)(C)C)(NC(=O)CCCCCCCCCCCCCCCCCCCCCCC)[C@H](O)\C=C\CCCCCCCC\C=C/CCC	LC-ESI-qTof	CCMSLIB00005724109		mpanitchpakdi	CCMSLIB00005724109	mzspec:GNPS:GNPS-IOBA-NHC:accession:CCMSLIB00005724109
870	1517	aligned_features_filled.mgf	445.1187	32859	1997	GNPS-NIST14-MATCHES.mgf	445.1206	0.8518	12	-0.0019			1		N/A	Data deposited by marjo		ba311de896ac43dc9cc36bb3fade6642/s103-v312.mgf		N/A	InChI=1S/C12H36O6Si6/c1-19(2)13-20(3,4)15-22(7,8)17-24(11,12)18-23(9,10)16-21(5,6)14-19/h1-12H3	IUMSDRXLFWAGNT-UHFFFAOYSA-N				Positive	3		2	Spectral Match to Cyclohexasiloxane, dodecamethyl- from NIST14 [M+H]+	GNPS-NIST14-MATCHES	445.12056	Data from Maria Maansson	N/A	1997	*..*	C[Si]1(O[Si](O[Si](O[Si](O[Si](O[Si](O1)(C)C)(C)C)(C)C)(C)C)(C)C)C	ESI-QQQ	CCMSLIB00003135861		mwang87	CCMSLIB00003135861	mzspec:GNPS:GNPS-NIST14-MATCHES:accession:CCMSLIB00003135861
877	1525	aligned_features_filled.mgf	371.1006	32872	2315	GNPS-NIST14-MATCHES.mgf	371.1017	0.8164	11	-0.0012			1		N/A	Data deposited by marjo		ba311de896ac43dc9cc36bb3fade6642/s103-v312.mgf		N/A	InChI=1S/C10H30O5Si5/c1-16(2)11-17(3,4)13-19(7,8)15-20(9,10)14-18(5,6)12-16/h1-10H3	XMSXQFUHVRWGNA-UHFFFAOYSA-N				Positive	3		2	Spectral Match to Cyclopentasiloxane, decamethyl- from NIST14 [M+H]+	GNPS-NIST14-MATCHES	371.101732	Data from Maria Maansson	N/A	2315	*..*	C[Si]1(O[Si](O[Si](O[Si](O[Si](O1)(C)C)(C)C)(C)C)(C)C)C	ESI-QQQ	CCMSLIB00003136238		mwang87	CCMSLIB00003136238	mzspec:GNPS:GNPS-NIST14-MATCHES:accession:CCMSLIB00003136238
896	1564	aligned_features_filled.mgf	744.5898	769188	11119	PNNL-LIPIDS-POSITIVE.mgf	744.5540	0.8806	6	0.0358			1		N/A	Thomas Metz		spectra_from_json.mgf		N/A	N/A	N/A				Positive	1		2	PC(15:0/18:2); [M+H]+ C41H79N1O8P1 [M+H]+	PNNL-LIPIDS-POSITIVE	744.554	Thomas Metz	N/A	11119	*..*	N/A	LC-ESI-HCD; Velos	CCMSLIB00010076066		mwang87	CCMSLIB00010076066	mzspec:GNPS:PNNL-LIPIDS-POSITIVE:accession:CCMSLIB00010076066
907	1582	aligned_features_filled.mgf	303.2317	816225	23413	BERKELEY-LAB.mgf	303.2320	0.8213	10	-0.0003			1		N/A	JGI		3dacd5cf9c8d4c3d8596c71bf3234fbd/BERKELEY-LAB.mgf		N/A	InChI=1S/C20H30O2/c1-13(2)14-6-8-16-15(12-14)7-9-17-19(16,3)10-5-11-20(17,4)18(21)22/h7,12-13,16-17H,5-6,8-11H2,1-4H3,(H,21,22)/t16?,17?,19-,20?/m1/s1	RSWGJHLUYNHPMX-SAOIUIGASA-N				Positive	3		2	Abietic acid CollisionEnergy:205060 [M+H]+	BERKELEY-LAB	303.232	Trent Northen	N/A	23413	*..*	CC(C)C1=CC2=CCC3C(C)(C(=O)O)CCCC3(C)C2CC1	LC-ESI-Orbitrap	CCMSLIB00010125849		mwang87	CCMSLIB00010125849	mzspec:GNPS:BERKELEY-LAB:accession:CCMSLIB00010125849
910	1586	aligned_features_filled.mgf	799.6681	760018	1949	PNNL-LIPIDS-POSITIVE.mgf	799.6690	0.9061	10	-0.0009			1		N/A	Thomas Metz		spectra_from_json.mgf		N/A	N/A	N/A				Positive	1		2	SM(d17:1/24:1); [M+H]+ C46H92N2O6P1 [M+H]+	PNNL-LIPIDS-POSITIVE	799.669	Thomas Metz	N/A	1949	*..*	N/A	LC-ESI-HCD; Velos	CCMSLIB00010057211		mwang87	CCMSLIB00010057211	mzspec:GNPS:PNNL-LIPIDS-POSITIVE:accession:CCMSLIB00010057211
932	1623	aligned_features_filled.mgf	768.5833	775313	17245	PNNL-LIPIDS-POSITIVE.mgf	768.5910	0.8148	9	-0.0077			1		N/A	Thomas Metz		spectra_from_json.mgf		N/A	N/A	N/A				Positive	1		2	PC(O-16:0/20:4); [M+H]+ C44H83N1O7P1 [M+H]+	PNNL-LIPIDS-POSITIVE	768.591	Thomas Metz	N/A	17245	*..*	N/A	LC-ESI-HCD; Velos	CCMSLIB00010088649		mwang87	CCMSLIB00010088649	mzspec:GNPS:PNNL-LIPIDS-POSITIVE:accession:CCMSLIB00010088649
947	1649	aligned_features_filled.mgf	786.6483	773050	14981	PNNL-LIPIDS-POSITIVE.mgf	786.6010	0.8288	7	0.0473			1		N/A	Thomas Metz		spectra_from_json.mgf		N/A	N/A	N/A				Positive	1		2	PC(18:1/18:1); [M+H]+ C44H85N1O8P1 [M+H]+	PNNL-LIPIDS-POSITIVE	786.601	Thomas Metz	N/A	14981	*..*	N/A	LC-ESI-HCD; Velos	CCMSLIB00010084153		mwang87	CCMSLIB00010084153	mzspec:GNPS:PNNL-LIPIDS-POSITIVE:accession:CCMSLIB00010084153
950	1657	aligned_features_filled.mgf	796.6215	764436	6367	PNNL-LIPIDS-POSITIVE.mgf	796.6220	0.8956	6	-0.0005			1		N/A	Thomas Metz		spectra_from_json.mgf		N/A	N/A	N/A				Positive	1		2	PC(O-18:0/20:4); [M+H]+ C46H87N1O7P1 [M+H]+	PNNL-LIPIDS-POSITIVE	796.622	Thomas Metz	N/A	6367	*..*	N/A	LC-ESI-HCD; Velos	CCMSLIB00010066061		mwang87	CCMSLIB00010066061	mzspec:GNPS:PNNL-LIPIDS-POSITIVE:accession:CCMSLIB00010066061
953	1662	aligned_features_filled.mgf	445.1207	32859	1997	GNPS-NIST14-MATCHES.mgf	445.1206	0.8173	13	0.0001			1		N/A	Data deposited by marjo		ba311de896ac43dc9cc36bb3fade6642/s103-v312.mgf		N/A	InChI=1S/C12H36O6Si6/c1-19(2)13-20(3,4)15-22(7,8)17-24(11,12)18-23(9,10)16-21(5,6)14-19/h1-12H3	IUMSDRXLFWAGNT-UHFFFAOYSA-N				Positive	3		2	Spectral Match to Cyclohexasiloxane, dodecamethyl- from NIST14 [M+H]+	GNPS-NIST14-MATCHES	445.12056	Data from Maria Maansson	N/A	1997	*..*	C[Si]1(O[Si](O[Si](O[Si](O[Si](O[Si](O1)(C)C)(C)C)(C)C)(C)C)(C)C)C	ESI-QQQ	CCMSLIB00003135861		mwang87	CCMSLIB00003135861	mzspec:GNPS:GNPS-NIST14-MATCHES:accession:CCMSLIB00003135861
963	1679	aligned_features_filled.mgf	795.6282	787069	29007	PNNL-LIPIDS-POSITIVE.mgf	795.6290	0.7390	8	-0.0009			1		N/A	Thomas Metz		spectra_from_json.mgf		N/A	N/A	N/A				Positive	1		2	CoQ9; [M+H]+ C54H83O4 [M+H]+	PNNL-LIPIDS-POSITIVE	795.629	Thomas Metz	N/A	29007	*..*	N/A	LC-ESI-HCD; Velos	CCMSLIB00010100411		mwang87	CCMSLIB00010100411	mzspec:GNPS:PNNL-LIPIDS-POSITIVE:accession:CCMSLIB00010100411
972	1691	aligned_features_filled.mgf	811.6675	747303	1619	GNPS-IOBA-NHC.mgf	811.6700	0.8873	6	-0.0025			1		20.0	UMR CNRS 8038 Universite de Paris		d13a7832d41440df9a57092cfa9999a2/IOBA_control_20M_DDA_ESI+_1_308.mzXML		N/A	InChI=1S/C47H91N2O6P/c1-6-8-10-12-14-16-18-20-21-22-23-24-25-26-27-29-31-33-35-37-39-41-47(51)48-45(44-55-56(52,53)54-43-42-49(3,4)5)46(50)40-38-36-34-32-30-28-19-17-15-13-11-9-7-2/h20-25,45-46,50H,6-19,26-44H2,1-5H3,(H-,48,51,52,53)/b21-20+,23-22+,25-24+/t45-,46+/m0/s1	BBUSRIKDKFLVPF-YWXYLSGTSA-N				Positive	3		2	SM(d18:0_24:3) - 3-hydroxy-2-(tetracosa-11.13.15-trienamido)octadecyl (2-(trimethylammonio)ethyl) phosphate [M+H]+	GNPS-IOBA-NHC	811.67	N Auzeil	N/A	1619	*..*	[H][C@@](NC(CCCCCCCCC/C=C/C=C/C=C/CCCCCCCC)=O)([C@@H](CCCCCCCCCCCCCCC)O)COP([O-])(OCC[N+](C)(C)C)=O	LC-ESI-qTof	CCMSLIB00005724099		mpanitchpakdi	CCMSLIB00005724099	mzspec:GNPS:GNPS-IOBA-NHC:accession:CCMSLIB00005724099
975	1695	aligned_features_filled.mgf	300.2892	35539	2861	GNPS-NIST14-MATCHES.mgf	300.2888	0.8864	7	0.0004			1		30.0	Data deposited by fevargas		3a036d1fca5a4abcbcf55e35e78eeff1/LFD_C1_WT4.mzXML		N/A	InChI=1S/C18H37NO2/c1-2-3-4-5-6-7-8-9-10-11-12-13-14-15-18(21)19-16-17-20/h20H,2-17H2,1H3,(H,19,21)	HXYVTAGFYLMHSO-UHFFFAOYSA-N				Positive	3		2	Spectral Match to Palmitoyl ethanolamide from NIST14 [M+H]+	GNPS-NIST14-MATCHES	300.288799	Data from Joshua Wollam	N/A	2861	*..*	CCCCCCCCCCCCCCCC(=O)NCCO	ESI-qTof	CCMSLIB00003138556		mwang87	CCMSLIB00003138556	mzspec:GNPS:GNPS-NIST14-MATCHES:accession:CCMSLIB00003138556
977	1701	aligned_features_filled.mgf	770.6058	759532	1463	PNNL-LIPIDS-POSITIVE.mgf	770.5700	0.9003	9	0.0358			1		N/A	Thomas Metz		spectra_from_json.mgf		N/A	N/A	N/A				Positive	1		2	PC(17:1/18:2); [M+H]+ C43H81N1O8P1 [M+H]+	PNNL-LIPIDS-POSITIVE	770.57	Thomas Metz	N/A	1463	*..*	N/A	LC-ESI-HCD; Velos	CCMSLIB00010056725		mwang87	CCMSLIB00010056725	mzspec:GNPS:PNNL-LIPIDS-POSITIVE:accession:CCMSLIB00010056725
982	1711	aligned_features_filled.mgf	263.2372	820443	2488	ECRFS_DB.mgf	263.2370	0.8218	9	0.0002			1		N/A	Sjors Rasker, Wout Bergkamp		spectra_from_json.mgf		N/A	InChI=1S/C18H30O/c1-16(2,3)12-10-13(17(4,5)6)15(19)14(11-12)18(7,8)9/h10-11,19H,1-9H3	PFEFOYRSMXVNEL-UHFFFAOYSA-N				Positive	1		2	2,4,6-Tri-tert-butylphenol [M+H]+	ECRFS_DB	263.237	Federico Padilla	N/A	2488	*..*	CC(C)(C)c1cc(C(C)(C)C)cc(C(C)(C)C)c1O	ESI-Orbitrap	CCMSLIB00012728788		jzemlin	CCMSLIB00012728788	mzspec:GNPS:ECRFS_DB:accession:CCMSLIB00012728788
988	1728	aligned_features_filled.mgf	371.1008	36158	677	GNPS-NIST14-MATCHES.mgf	371.1007	0.8957	8	0.0001			1		N/A	Data deposited by marjo		ac91a87795204865ae03b2fdf3e5dc06/s109-v754.mgf		N/A	InChI=1S/C10H30O5Si5/c1-16(2)11-17(3,4)13-19(7,8)15-20(9,10)14-18(5,6)12-16/h1-10H3	XMSXQFUHVRWGNA-UHFFFAOYSA-N				Positive	3		2	Spectral Match to Cyclopentasiloxane, decamethyl- from NIST14 [M+H]+	GNPS-NIST14-MATCHES	371.100698	Data from Maria Maansson	N/A	677	*..*	C[Si]1(O[Si](O[Si](O[Si](O[Si](O1)(C)C)(C)C)(C)C)(C)C)C	ESI-QQQ	CCMSLIB00003139524		mwang87	CCMSLIB00003139524	mzspec:GNPS:GNPS-NIST14-MATCHES:accession:CCMSLIB00003139524
993	1738	aligned_features_filled.mgf	399.2501	136521	47289	MASSBANK.mgf	399.2510	0.8764	14	-0.0009			1		N/A	Massbank		spectra_from_json.mgf		N/A	InChI=1S/C18H39O7P/c1-4-7-10-20-13-16-23-26(19,24-17-14-21-11-8-5-2)25-18-15-22-12-9-6-3/h4-18H2,1-3H3	WTLBZVNBAKMVDP-UHFFFAOYSA-N				Positive	3		2	Massbank:AU246706 Tri(butoxyethyl)phosphate|tris(2-butoxyethyl) phosphate [M+H]+	MASSBANK	399.251	Massbank	N/A	47289	*..*	CCCCOCCOP(=O)(OCCOCCCC)OCCOCCCC	ESI-qTof	CCMSLIB00005772840		mwang87	CCMSLIB00005772840	mzspec:GNPS:MASSBANK:accession:CCMSLIB00005772840
1005	1765	aligned_features_filled.mgf	835.6669	747352	1690	GNPS-IOBA-NHC.mgf	835.6670	0.7612	8	-0.0001			1		20.0	UMR CNRS 8038 Universite de Paris		d13a7832d41440df9a57092cfa9999a2/IOBA_BAK_20M_DDA_ESI+_2_315.mzXML		N/A	InChI=1S/C47H93N2O6P/c1-6-8-10-12-14-16-18-20-21-22-23-24-25-26-27-29-31-33-35-37-39-41-47(51)48-45(44-55-56(52,53)54-43-42-49(3,4)5)46(50)40-38-36-34-32-30-28-19-17-15-13-11-9-7-2/h11,13,38,40,45-46,50H,6-10,12,14-37,39,41-44H2,1-5H3,(H-,48,51,52,53)/b13-11-,40-38+/t45-,46+/m0/s1	DACOGJMBYLZYDH-GXJPFUDISA-N				Positive	3		2	SM(d18:2_24:0) - (2-{[3-hydroxy-2-tetracosanamidooctadeca-4.14-dien-1-yl phosphono]oxy}ethyl)trimethylazanium [M+Na]+	GNPS-IOBA-NHC	835.667	N Auzeil	N/A	1690	*..*	[H][C@@](COP([O-])(=O)OCC[N+](C)(C)C)(NC(=O)CCCCCCCCCCCCCCCCCCCCCCC)[C@H](O)\C=C\CCCCCCCC\C=C/CCC	LC-ESI-qTof	CCMSLIB00005724109		mpanitchpakdi	CCMSLIB00005724109	mzspec:GNPS:GNPS-IOBA-NHC:accession:CCMSLIB00005724109
1008	1771	aligned_features_filled.mgf	812.6175	760492	2423	PNNL-LIPIDS-POSITIVE.mgf	812.6170	0.9290	8	0.0005			1		N/A	Thomas Metz		spectra_from_json.mgf		N/A	N/A	N/A				Positive	1		2	PC(18:1/20:2); [M+H]+ C46H87N1O8P1 [M+H]+	PNNL-LIPIDS-POSITIVE	812.617	Thomas Metz	N/A	2423	*..*	N/A	LC-ESI-HCD; Velos	CCMSLIB00010057685		mwang87	CCMSLIB00010057685	mzspec:GNPS:PNNL-LIPIDS-POSITIVE:accession:CCMSLIB00010057685
1016	1788	aligned_features_filled.mgf	563.5501	36934	1935	GNPS-NIST14-MATCHES.mgf	563.5497	0.8861	10	0.0004			1		26.354971	Data deposited by mernst		ac91a87795204865ae03b2fdf3e5dc06/GC6P7_26prostrata-MS1_GC6_01_28696.mzML		N/A	InChI=1S/C18H35NO/c1-2-3-4-5-6-7-8-9-10-11-12-13-14-15-16-17-18(19)20/h9-10H,2-8,11-17H2,1H3,(H2,19,20)/b10-9-	FATBGEAMYMYZAF-KTKRTIGZSA-N				Positive	3		2	Spectral Match to 9-Octadecenamide, (Z)- from NIST14 [2M+H]+	GNPS-NIST14-MATCHES	563.549683	Data from Pieter Dorrestein	N/A	1935	*..*	CCCCCCCC/C=C\CCCCCCCC(=O)N	ESI-QQQ	CCMSLIB00003139990		mwang87	CCMSLIB00003139990	mzspec:GNPS:GNPS-NIST14-MATCHES:accession:CCMSLIB00003139990
1034	1822	aligned_features_filled.mgf	782.5676	35929	2601	GNPS-NIST14-MATCHES.mgf	782.5682	0.9339	14	-0.0006			1		30.0	Data deposited by mjmeehan		63098e9f3d694fa6b375bf3d17aacc8c/Blood_Blank_pos_C18_QE_07.mzXML		N/A	InChI=1S/C42H82NO8P/c1-6-8-10-12-14-16-18-20-21-23-25-27-29-31-33-35-42(45)51-40(39-50-52(46,47)49-37-36-43(3,4)5)38-48-41(44)34-32-30-28-26-24-22-19-17-15-13-11-9-7-2/h20-21,40H,6-19,22-39H2,1-5H3/b21-20-/t40-/m1/s1	WTJKGGKOPKCXLL-VYOBOKEXSA-N				Positive	3		2	Spectral Match to 1-Hexadecanoyl-2-(9Z-octadecenoyl)-sn-glycero-3-phosphocholine from NIST14 [M+Na]+	GNPS-NIST14-MATCHES	782.568225	Data from Gabriel Haddad	N/A	2601	*..*	CCCCCCCCCCCCCCCC(=O)OC[C@H](COP(=O)([O-])OCC[N+](C)(C)C)OC(=O)CCCCCCC/C=C\CCCCCCCC	ESI-qTof	CCMSLIB00003138952		mwang87	CCMSLIB00003138952	mzspec:GNPS:GNPS-NIST14-MATCHES:accession:CCMSLIB00003138952
1040	1835	aligned_features_filled.mgf	770.5656	765796	7727	PNNL-LIPIDS-POSITIVE.mgf	770.6060	0.7409	9	-0.0404			1		N/A	Thomas Metz		spectra_from_json.mgf		N/A	N/A	N/A				Positive	1		2	PC(O-16:0/20:3); [M+H]+ C44H85N1O7P1 [M+H]+	PNNL-LIPIDS-POSITIVE	770.606	Thomas Metz	N/A	7727	*..*	N/A	LC-ESI-HCD; Velos	CCMSLIB00010068921		mwang87	CCMSLIB00010068921	mzspec:GNPS:PNNL-LIPIDS-POSITIVE:accession:CCMSLIB00010068921
1043	1842	aligned_features_filled.mgf	811.6685	769750	11681	PNNL-LIPIDS-POSITIVE.mgf	811.6690	0.9007	6	-0.0005			1		N/A	Thomas Metz		spectra_from_json.mgf		N/A	N/A	N/A				Positive	1		2	SM(d18:2/24:1); [M+H]+ C47H92N2O6P1 [M+H]+	PNNL-LIPIDS-POSITIVE	811.669	Thomas Metz	N/A	11681	*..*	N/A	LC-ESI-HCD; Velos	CCMSLIB00010077270		mwang87	CCMSLIB00010077270	mzspec:GNPS:PNNL-LIPIDS-POSITIVE:accession:CCMSLIB00010077270
1047	1849	aligned_features_filled.mgf	318.3006	36609	2977	GNPS-NIST14-MATCHES.mgf	318.3004	0.8940	9	0.0002			1		35.0	Data deposited by pmallard		c433b7408c9a4c4db02abf0cd1dcf044/150116_EF_PMA_PSN475_NC-127-18-f_ddMS2_pos.mzXML		N/A	InChI=1S/C18H39NO3/c1-2-3-4-5-6-7-8-9-10-11-12-13-14-17(21)18(22)16(19)15-20/h16-18,20-22H,2-15,19H2,1H3/t16-,17+,18-/m0/s1	AERBNCYCJBRYDG-KSZLIROESA-N				Positive	3		2	Spectral Match to Phytosphingosine from NIST14 [M+H]+	GNPS-NIST14-MATCHES	318.300366	Data from Wolfender/Litaudon	N/A	2977	*..*	CCCCCCCCCCCCCC[C@H]([C@H]([C@H](CO)N)O)O	ESI-qTof	CCMSLIB00003139655		mwang87	CCMSLIB00003139655	mzspec:GNPS:GNPS-NIST14-MATCHES:accession:CCMSLIB00003139655
1050	1857	aligned_features_filled.mgf	459.2789	34554	1784	GNPS-NIST14-MATCHES.mgf	459.2798	0.8614	6	-0.0009			1		21.67	Data deposited by amelnik		ac91a87795204865ae03b2fdf3e5dc06/28202.mzXML		N/A	InChI=1S/C20H42O11/c21-1-3-23-5-7-25-9-11-27-13-15-29-17-19-31-20-18-30-16-14-28-12-10-26-8-6-24-4-2-22/h21-22H,1-20H2	DTPCFIHYWYONMD-UHFFFAOYSA-N				Positive	3		2	Spectral Match to Decaethylene glycol from NIST14 [M+H]+	GNPS-NIST14-MATCHES	459.279755	Data from Rob Knight	N/A	1784	*..*	C(COCCOCCOCCOCCOCCOCCOCCOCCOCCO)O	ESI-QQQ	CCMSLIB00003137675		mwang87	CCMSLIB00003137675	mzspec:GNPS:GNPS-NIST14-MATCHES:accession:CCMSLIB00003137675
1051	1858	aligned_features_filled.mgf	785.6528	769938	11869	PNNL-LIPIDS-POSITIVE.mgf	785.6540	0.7943	6	-0.0012			1		N/A	Thomas Metz		spectra_from_json.mgf		N/A	N/A	N/A				Positive	1		2	SM(d18:2/22:0); [M+H]+ C45H90N2O6P1 [M+H]+	PNNL-LIPIDS-POSITIVE	785.654	Thomas Metz	N/A	11869	*..*	N/A	LC-ESI-HCD; Velos	CCMSLIB00010077668		mwang87	CCMSLIB00010077668	mzspec:GNPS:PNNL-LIPIDS-POSITIVE:accession:CCMSLIB00010077668
1064	1882	aligned_features_filled.mgf	371.1009	32892	2345	GNPS-NIST14-MATCHES.mgf	371.1017	0.8769	7	-0.0009			1		N/A	Data deposited by marjo		ba311de896ac43dc9cc36bb3fade6642/s103-v312.mgf		N/A	InChI=1S/C10H30O5Si5/c1-16(2)11-17(3,4)13-19(7,8)15-20(9,10)14-18(5,6)12-16/h1-10H3	XMSXQFUHVRWGNA-UHFFFAOYSA-N				Positive	3		2	Spectral Match to Cyclopentasiloxane, decamethyl- from NIST14 [M+H]+	GNPS-NIST14-MATCHES	371.101732	Data from Maria Maansson	N/A	2345	*..*	C[Si]1(O[Si](O[Si](O[Si](O[Si](O1)(C)C)(C)C)(C)C)(C)C)C	ESI-QQQ	CCMSLIB00003136831		mwang87	CCMSLIB00003136831	mzspec:GNPS:GNPS-NIST14-MATCHES:accession:CCMSLIB00003136831
1069	1891	aligned_features_filled.mgf	811.6685	763140	5071	PNNL-LIPIDS-POSITIVE.mgf	811.6690	0.8484	6	-0.0005			1		N/A	Thomas Metz		spectra_from_json.mgf		N/A	N/A	N/A				Positive	1		2	SM(d18:2/24:1); [M+H]+ C47H92N2O6P1 [M+H]+	PNNL-LIPIDS-POSITIVE	811.669	Thomas Metz	N/A	5071	*..*	N/A	LC-ESI-HCD; Velos	CCMSLIB00010063053		mwang87	CCMSLIB00010063053	mzspec:GNPS:PNNL-LIPIDS-POSITIVE:accession:CCMSLIB00010063053
1081	1915	aligned_features_filled.mgf	782.5694	32256	2544	GNPS-NIST14-MATCHES.mgf	782.5707	0.9193	6	-0.0013			1		43.0	Data deposited by lamccall		657eb45679814d8895d947698dd26e24/P4-F3_RF3_01_955.mzXML		N/A	InChI=1S/C44H80NO8P/c1-6-8-10-12-14-16-18-20-22-24-26-28-30-32-34-36-43(46)50-40-42(41-52-54(48,49)51-39-38-45(3,4)5)53-44(47)37-35-33-31-29-27-25-23-21-19-17-15-13-11-9-7-2/h14-17,20-23,42H,6-13,18-19,24-41H2,1-5H3/b16-14-,17-15-,22-20-,23-21-/t42-/m1/s1	FVXDQWZBHIXIEJ-LNDKUQBDSA-N				Positive	3		2	Spectral Match to 1,2-Dilinoleoyl-sn-glycero-3-phosphocholine from NIST14 [M+H]+	GNPS-NIST14-MATCHES	782.570686	Data from James McKerrow	N/A	2544	*..*	CCCCC/C=C\C/C=C\CCCCCCCC(=O)OC[C@H](COP(=O)([O-])OCC[N+](C)(C)C)OC(=O)CCCCCCC/C=C\C/C=C\CCCCC	ESI-qTof	CCMSLIB00003135195		mwang87	CCMSLIB00003135195	mzspec:GNPS:GNPS-NIST14-MATCHES:accession:CCMSLIB00003135195
1090	1937	aligned_features_filled.mgf	371.1003	32872	2315	GNPS-NIST14-MATCHES.mgf	371.1017	0.7410	10	-0.0014			1		N/A	Data deposited by marjo		ba311de896ac43dc9cc36bb3fade6642/s103-v312.mgf		N/A	InChI=1S/C10H30O5Si5/c1-16(2)11-17(3,4)13-19(7,8)15-20(9,10)14-18(5,6)12-16/h1-10H3	XMSXQFUHVRWGNA-UHFFFAOYSA-N				Positive	3		2	Spectral Match to Cyclopentasiloxane, decamethyl- from NIST14 [M+H]+	GNPS-NIST14-MATCHES	371.101732	Data from Maria Maansson	N/A	2315	*..*	C[Si]1(O[Si](O[Si](O[Si](O[Si](O1)(C)C)(C)C)(C)C)(C)C)C	ESI-QQQ	CCMSLIB00003136238		mwang87	CCMSLIB00003136238	mzspec:GNPS:GNPS-NIST14-MATCHES:accession:CCMSLIB00003136238
1097	1947	aligned_features_filled.mgf	445.1197	32859	1997	GNPS-NIST14-MATCHES.mgf	445.1206	0.8398	11	-0.0009			1		N/A	Data deposited by marjo		ba311de896ac43dc9cc36bb3fade6642/s103-v312.mgf		N/A	InChI=1S/C12H36O6Si6/c1-19(2)13-20(3,4)15-22(7,8)17-24(11,12)18-23(9,10)16-21(5,6)14-19/h1-12H3	IUMSDRXLFWAGNT-UHFFFAOYSA-N				Positive	3		2	Spectral Match to Cyclohexasiloxane, dodecamethyl- from NIST14 [M+H]+	GNPS-NIST14-MATCHES	445.12056	Data from Maria Maansson	N/A	1997	*..*	C[Si]1(O[Si](O[Si](O[Si](O[Si](O[Si](O1)(C)C)(C)C)(C)C)(C)C)(C)C)C	ESI-QQQ	CCMSLIB00003135861		mwang87	CCMSLIB00003135861	mzspec:GNPS:GNPS-NIST14-MATCHES:accession:CCMSLIB00003135861
1122	1993	aligned_features_filled.mgf	371.1012	36158	677	GNPS-NIST14-MATCHES.mgf	371.1007	0.8828	8	0.0005			1		N/A	Data deposited by marjo		ac91a87795204865ae03b2fdf3e5dc06/s109-v754.mgf		N/A	InChI=1S/C10H30O5Si5/c1-16(2)11-17(3,4)13-19(7,8)15-20(9,10)14-18(5,6)12-16/h1-10H3	XMSXQFUHVRWGNA-UHFFFAOYSA-N				Positive	3		2	Spectral Match to Cyclopentasiloxane, decamethyl- from NIST14 [M+H]+	GNPS-NIST14-MATCHES	371.100698	Data from Maria Maansson	N/A	677	*..*	C[Si]1(O[Si](O[Si](O[Si](O[Si](O1)(C)C)(C)C)(C)C)(C)C)C	ESI-QQQ	CCMSLIB00003139524		mwang87	CCMSLIB00003139524	mzspec:GNPS:GNPS-NIST14-MATCHES:accession:CCMSLIB00003139524
1129	2008	aligned_features_filled.mgf	799.6678	759642	1573	PNNL-LIPIDS-POSITIVE.mgf	799.6690	0.7718	6	-0.0012			1		N/A	Thomas Metz		spectra_from_json.mgf		N/A	N/A	N/A				Positive	1		2	SM(d18:1/23:1); [M+H]+ C46H92N2O6P1 [M+H]+	PNNL-LIPIDS-POSITIVE	799.669	Thomas Metz	N/A	1573	*..*	N/A	LC-ESI-HCD; Velos	CCMSLIB00010056835		mwang87	CCMSLIB00010056835	mzspec:GNPS:PNNL-LIPIDS-POSITIVE:accession:CCMSLIB00010056835
1140	2031	aligned_features_filled.mgf	732.5549	33581	2561	GNPS-NIST14-MATCHES.mgf	732.5538	0.9340	6	0.0011			1		30.0	Data deposited by mjmeehan		657eb45679814d8895d947698dd26e24/03-lungs.mzXML		N/A	InChI=1S/C40H78NO8P/c1-6-8-10-12-14-16-18-19-20-21-23-24-26-28-30-32-39(42)46-36-38(37-48-50(44,45)47-35-34-41(3,4)5)49-40(43)33-31-29-27-25-22-17-15-13-11-9-7-2/h19-20,38H,6-18,21-37H2,1-5H3/b20-19-/t38-/m1/s1	KIVAJCJTVPWSRJ-OQHNRNOKSA-N				Positive	3		2	Spectral Match to 1-(9Z-Octadecenoyl)-2-tetradecanoyl-sn-glycero-3-phosphocholine from NIST14 [M+H]+	GNPS-NIST14-MATCHES	732.553742	Data from Gabriel Haddad	N/A	2561	*..*	CCCCCCCCCCCCCC(=O)O[C@H](COC(=O)CCCCCCC/C=C\CCCCCCCC)COP(=O)([O-])OCC[N+](C)(C)C	ESI-qTof	CCMSLIB00003136557		mwang87	CCMSLIB00003136557	mzspec:GNPS:GNPS-NIST14-MATCHES:accession:CCMSLIB00003136557
1142	2033	aligned_features_filled.mgf	772.6210	747289	1570	GNPS-IOBA-NHC.mgf	772.6230	0.8860	6	-0.0020			1		20.0	UMR CNRS 8038 Universite de Paris		d13a7832d41440df9a57092cfa9999a2/IOBA_control_20M_DDA_ESI+_1_308.mzXML		N/A	InChI=1S/C44H86NO7P/c1-6-8-10-12-14-16-18-20-22-24-26-28-30-32-34-36-39-49-41-43(42-51-53(47,48)50-40-38-45(3,4)5)52-44(46)37-35-33-31-29-27-25-23-21-19-17-15-13-11-9-7-2/h17,19-20,22,43H,6-16,18,21,23-42H2,1-5H3/b19-17-,22-20-/t43-/m1/s1	GSROTDACALJGFK-YIFANWOHSA-N				Positive	3		2	PC-O(18:1_18:1) - trimethyl(2-{[2-[octadec-11-enoyloxy]-3-[octadec-9-en-1-yloxy]propyl phosphonato]oxy}ethyl)azanium [M+H]+	GNPS-IOBA-NHC	772.623	N Auzeil	N/A	1570	*..*	CCCCCCCC\C=C/CCCCCCCCOC[C@]([H])(COP([O-])(=O)OCC[N+](C)(C)C)OC(=O)CCCCCCCCC\C=C/CCCCCC	LC-ESI-qTof	CCMSLIB00005724085		mpanitchpakdi	CCMSLIB00005724085	mzspec:GNPS:GNPS-IOBA-NHC:accession:CCMSLIB00005724085
1175	2093	aligned_features_filled.mgf	438.2979	717683	4262	GNPS-LIBRARY.mgf	438.2970	0.8713	13	0.0009			1		N/A	lfnothias		spectra_from_json.mgf		N/A	N/A	N/A				Positive	3		2	TOP 8 Psoriasis feature - Unknown FeatureID=4262 [M+H]+	GNPS-LIBRARY	438.297	Dorrestein	N/A	4262	*..*	N/A	LC-ESI-qTof	CCMSLIB00004684235		lfnothias	CCMSLIB00004684235	mzspec:GNPS:GNPS-LIBRARY:accession:CCMSLIB00004684235
1204	2150	aligned_features_filled.mgf	814.6323	773384	15315	PNNL-LIPIDS-POSITIVE.mgf	814.6330	0.9018	10	-0.0007			1		N/A	Thomas Metz		spectra_from_json.mgf		N/A	N/A	N/A				Positive	1		2	PC(18:1/20:1); [M+H]+ C46H89N1O8P1 [M+H]+	PNNL-LIPIDS-POSITIVE	814.633	Thomas Metz	N/A	15315	*..*	N/A	LC-ESI-HCD; Velos	CCMSLIB00010084839		mwang87	CCMSLIB00010084839	mzspec:GNPS:PNNL-LIPIDS-POSITIVE:accession:CCMSLIB00010084839
1262	2293	aligned_features_filled.mgf	796.6064	762672	4603	PNNL-LIPIDS-POSITIVE.mgf	796.6220	0.7636	11	-0.0156			1		N/A	Thomas Metz		spectra_from_json.mgf		N/A	N/A	N/A				Positive	1		2	PC(O-16:0/22:4); [M+H]+ C46H87N1O7P1 [M+H]+	PNNL-LIPIDS-POSITIVE	796.622	Thomas Metz	N/A	4603	*..*	N/A	LC-ESI-HCD; Velos	CCMSLIB00010061787		mwang87	CCMSLIB00010061787	mzspec:GNPS:PNNL-LIPIDS-POSITIVE:accession:CCMSLIB00010061787
1264	2295	aligned_features_filled.mgf	768.5876	775313	17245	PNNL-LIPIDS-POSITIVE.mgf	768.5910	0.8703	9	-0.0034			1		N/A	Thomas Metz		spectra_from_json.mgf		N/A	N/A	N/A				Positive	1		2	PC(O-16:0/20:4); [M+H]+ C44H83N1O7P1 [M+H]+	PNNL-LIPIDS-POSITIVE	768.591	Thomas Metz	N/A	17245	*..*	N/A	LC-ESI-HCD; Velos	CCMSLIB00010088649		mwang87	CCMSLIB00010088649	mzspec:GNPS:PNNL-LIPIDS-POSITIVE:accession:CCMSLIB00010088649
1283	2331	aligned_features_filled.mgf	772.6210	781051	22983	PNNL-LIPIDS-POSITIVE.mgf	772.5860	0.9274	7	0.0350			1		N/A	Thomas Metz		spectra_from_json.mgf		N/A	N/A	N/A				Positive	1		2	PC(17:1/18:1); [M+H]+ C43H83N1O8P1 [M+H]+	PNNL-LIPIDS-POSITIVE	772.586	Thomas Metz	N/A	22983	*..*	N/A	LC-ESI-HCD; Velos	CCMSLIB00010094387		mwang87	CCMSLIB00010094387	mzspec:GNPS:PNNL-LIPIDS-POSITIVE:accession:CCMSLIB00010094387
1293	2345	aligned_features_filled.mgf	799.6671	772132	14063	PNNL-LIPIDS-POSITIVE.mgf	799.6690	0.8428	6	-0.0019			1		N/A	Thomas Metz		spectra_from_json.mgf		N/A	N/A	N/A				Positive	1		2	SM(d17:1/24:1); [M+H]+ C46H92N2O6P1 [M+H]+	PNNL-LIPIDS-POSITIVE	799.669	Thomas Metz	N/A	14063	*..*	N/A	LC-ESI-HCD; Velos	CCMSLIB00010082254		mwang87	CCMSLIB00010082254	mzspec:GNPS:PNNL-LIPIDS-POSITIVE:accession:CCMSLIB00010082254
1298	2358	aligned_features_filled.mgf	835.6687	747352	1690	GNPS-IOBA-NHC.mgf	835.6670	0.7120	8	0.0017			1		20.0	UMR CNRS 8038 Universite de Paris		d13a7832d41440df9a57092cfa9999a2/IOBA_BAK_20M_DDA_ESI+_2_315.mzXML		N/A	InChI=1S/C47H93N2O6P/c1-6-8-10-12-14-16-18-20-21-22-23-24-25-26-27-29-31-33-35-37-39-41-47(51)48-45(44-55-56(52,53)54-43-42-49(3,4)5)46(50)40-38-36-34-32-30-28-19-17-15-13-11-9-7-2/h11,13,38,40,45-46,50H,6-10,12,14-37,39,41-44H2,1-5H3,(H-,48,51,52,53)/b13-11-,40-38+/t45-,46+/m0/s1	DACOGJMBYLZYDH-GXJPFUDISA-N				Positive	3		2	SM(d18:2_24:0) - (2-{[3-hydroxy-2-tetracosanamidooctadeca-4.14-dien-1-yl phosphono]oxy}ethyl)trimethylazanium [M+Na]+	GNPS-IOBA-NHC	835.667	N Auzeil	N/A	1690	*..*	[H][C@@](COP([O-])(=O)OCC[N+](C)(C)C)(NC(=O)CCCCCCCCCCCCCCCCCCCCCCC)[C@H](O)\C=C\CCCCCCCC\C=C/CCC	LC-ESI-qTof	CCMSLIB00005724109		mpanitchpakdi	CCMSLIB00005724109	mzspec:GNPS:GNPS-IOBA-NHC:accession:CCMSLIB00005724109
1348	2488	aligned_features_filled.mgf	303.3035	32050	3288	GNPS-NIST14-MATCHES.mgf	303.3026	0.7327	9	0.0009			1		30.0	Data deposited by ThomasMetz		9490f0191ccb4d00b4e25f1b7e8f97a4/SysVirol_SCL012_icSARS_48h_1_Lip_Pos_27Aug12_Sam_12-05-13.mzXML		N/A	N/A	N/A				Positive	3		2	Spectral Match to Monoerucin from NIST14 [303.3]+	GNPS-NIST14-MATCHES	303.302612	Data from  Michael Katze, Ralph Baric, Amy Sims, Katrina Waters, Dick Smith, and Thomas Metz	N/A	3288	*..*	N/A	ESI-IT/ion trap	CCMSLIB00003134971		mwang87	CCMSLIB00003134971	mzspec:GNPS:GNPS-NIST14-MATCHES:accession:CCMSLIB00003134971
1349	2490	aligned_features_filled.mgf	744.5898	788103	30041	PNNL-LIPIDS-POSITIVE.mgf	744.5540	0.7967	6	0.0358			1		N/A	Thomas Metz		spectra_from_json.mgf		N/A	N/A	N/A				Positive	1		2	PC(15:0/18:2); [M+H]+ C41H79N1O8P1 [M+H]+	PNNL-LIPIDS-POSITIVE	744.554	Thomas Metz	N/A	30041	*..*	N/A	LC-ESI-HCD; Velos	CCMSLIB00010101445		mwang87	CCMSLIB00010101445	mzspec:GNPS:PNNL-LIPIDS-POSITIVE:accession:CCMSLIB00010101445
1352	2499	aligned_features_filled.mgf	816.6495	787927	29865	PNNL-LIPIDS-POSITIVE.mgf	816.6480	0.7992	6	0.0015			1		N/A	Thomas Metz		spectra_from_json.mgf		N/A	N/A	N/A				Positive	1		2	PC(18:0/20:1); [M+H]+ C46H91N1O8P1 [M+H]+	PNNL-LIPIDS-POSITIVE	816.648	Thomas Metz	N/A	29865	*..*	N/A	LC-ESI-HCD; Velos	CCMSLIB00010101269		mwang87	CCMSLIB00010101269	mzspec:GNPS:PNNL-LIPIDS-POSITIVE:accession:CCMSLIB00010101269
1353	2503	aligned_features_filled.mgf	720.5529	786949	28887	PNNL-LIPIDS-POSITIVE.mgf	720.5540	0.8689	6	-0.0011			1		N/A	Thomas Metz		spectra_from_json.mgf		N/A	N/A	N/A				Positive	1		2	PC(15:0/16:0); [M+H]+ C39H79N1O8P1 [M+H]+	PNNL-LIPIDS-POSITIVE	720.554	Thomas Metz	N/A	28887	*..*	N/A	LC-ESI-HCD; Velos	CCMSLIB00010100291		mwang87	CCMSLIB00010100291	mzspec:GNPS:PNNL-LIPIDS-POSITIVE:accession:CCMSLIB00010100291
1358	2514	aligned_features_filled.mgf	787.6666	760368	2299	PNNL-LIPIDS-POSITIVE.mgf	787.6690	0.9152	6	-0.0024			1		N/A	Thomas Metz		spectra_from_json.mgf		N/A	N/A	N/A				Positive	1		2	SM(d18:1/22:0); [M+H]+ C45H92N2O6P1 [M+H]+	PNNL-LIPIDS-POSITIVE	787.669	Thomas Metz	N/A	2299	*..*	N/A	LC-ESI-HCD; Velos	CCMSLIB00010057561		mwang87	CCMSLIB00010057561	mzspec:GNPS:PNNL-LIPIDS-POSITIVE:accession:CCMSLIB00010057561
1361	2520	aligned_features_filled.mgf	731.6099	793582	755	BERKELEY-LAB.mgf	731.6060	0.9347	6	0.0039			1		N/A	JGI		3dacd5cf9c8d4c3d8596c71bf3234fbd/BERKELEY-LAB.mgf		N/A	InChI=1S/C41H83N2O6P/c1-6-8-10-12-14-16-18-20-21-23-25-27-29-31-33-35-41(45)42-39(38-49-50(46,47)48-37-36-43(3,4)5)40(44)34-32-30-28-26-24-22-19-17-15-13-11-9-7-2/h32,34,39-40,44H,6-31,33,35-38H2,1-5H3,(H-,42,45,46,47)/p+1/b34-32+/t39-,40+/m0/s1	LKQLRGMMMAHREN-YJFXYUILSA-O				Positive	3		2	Sphingomyelin (d18:1/18:0) CollisionEnergy:102040 [M]+	BERKELEY-LAB	731.606	Trent Northen	N/A	755	*..*	CCCCCCCCCCCCC/C=C/[C@@H](O)[C@H](COP(=O)(O)OCC[N+](C)(C)C)N=C(O)CCCCCCCCCCCCCCCCC	LC-ESI-Orbitrap	CCMSLIB00010103189		mwang87	CCMSLIB00010103189	mzspec:GNPS:BERKELEY-LAB:accession:CCMSLIB00010103189
1378	2549	aligned_features_filled.mgf	784.5837	37157	2626	GNPS-NIST14-MATCHES.mgf	784.5843	0.9717	10	-0.0006			1		30.0	Data deposited by mjmeehan		ac91a87795204865ae03b2fdf3e5dc06/16-blood_pos_C18_QE.mzXML		N/A	InChI=1S/C44H82NO6PS/c1-6-8-10-12-14-16-18-20-22-23-24-25-27-29-31-33-35-37-44(46)53-43(42-51-52(47,48)50-40-38-45(3,4)5)41-49-39-36-34-32-30-28-26-21-19-17-15-13-11-9-7-2/h14,16,20,22,24-25,29,31,43H,6-13,15,17-19,21,23,26-28,30,32-42H2,1-5H3/b16-14-,22-20-,25-24-,31-29-/t43-/m1/s1	YDSCLGYBUIDZNF-WWBBCYQPSA-N				Positive	3		2	Spectral Match to Arachidonoylthio-PC from NIST14 [M+H]+	GNPS-NIST14-MATCHES	784.584297	Data from Gabriel Haddad	N/A	2626	*..*	CCCCCCCCCCCCCCCCOC[C@H](COP(=O)([O-])OCC[N+](C)(C)C)SC(=O)CCC/C=C\C/C=C\C/C=C\C/C=C\CCCCC	ESI-qTof	CCMSLIB00003140236		mwang87	CCMSLIB00003140236	mzspec:GNPS:GNPS-NIST14-MATCHES:accession:CCMSLIB00003140236
1381	2558	aligned_features_filled.mgf	503.3069	32416	801	GNPS-NIST14-MATCHES.mgf	503.3107	0.8482	6	-0.0038			1		35.0	Data deposited by fevargas		51cc7a92db0644ecbedc57553ca6eab3/EMJH_40mL_BA3_01_10159.mzXML		N/A	InChI=1S/C22H46O12/c23-1-3-25-5-7-27-9-11-29-13-15-31-17-19-33-21-22-34-20-18-32-16-14-30-12-10-28-8-6-26-4-2-24/h23-24H,1-22H2	PSVXZQVXSXSQRO-UHFFFAOYSA-N				Positive	3		2	Spectral Match to Undecaethylene glycol from NIST14 [M+H]+	GNPS-NIST14-MATCHES	503.3107	Data from Karly Nisson	N/A	801	*..*	OCCOCCOCCOCCOCCOCCOCCOCCOCCOCCOCCO	LC-ESI-qTof	CCMSLIB00003135327		mwang87	CCMSLIB00003135327	mzspec:GNPS:GNPS-NIST14-MATCHES:accession:CCMSLIB00003135327
1382	2562	aligned_features_filled.mgf	784.5815	767890	9821	PNNL-LIPIDS-POSITIVE.mgf	784.5860	0.8152	8	-0.0045			1		N/A	Thomas Metz		spectra_from_json.mgf		N/A	N/A	N/A				Positive	1		2	PC(16:0/20:3); [M+H]+ C44H83N1O8P1 [M+H]+	PNNL-LIPIDS-POSITIVE	784.586	Thomas Metz	N/A	9821	*..*	N/A	LC-ESI-HCD; Velos	CCMSLIB00010073250		mwang87	CCMSLIB00010073250	mzspec:GNPS:PNNL-LIPIDS-POSITIVE:accession:CCMSLIB00010073250
1404	2605	aligned_features_filled.mgf	756.5496	780119	22051	PNNL-LIPIDS-POSITIVE.mgf	756.5540	0.9315	9	-0.0044			1		N/A	Thomas Metz		spectra_from_json.mgf		N/A	N/A	N/A				Positive	1		2	PC(16:1/18:2); [M+H]+ C42H79N1O8P1 [M+H]+	PNNL-LIPIDS-POSITIVE	756.554	Thomas Metz	N/A	22051	*..*	N/A	LC-ESI-HCD; Velos	CCMSLIB00010093455		mwang87	CCMSLIB00010093455	mzspec:GNPS:PNNL-LIPIDS-POSITIVE:accession:CCMSLIB00010093455
1406	2607	aligned_features_filled.mgf	718.5428	760292	2223	PNNL-LIPIDS-POSITIVE.mgf	718.5390	0.7173	12	0.0038			1		N/A	Thomas Metz		spectra_from_json.mgf		N/A	N/A	N/A				Positive	1		2	PE(16:0/18:1); [M+H]+ C39H77N1O8P1 [M+H]+	PNNL-LIPIDS-POSITIVE	718.539	Thomas Metz	N/A	2223	*..*	N/A	LC-ESI-HCD; Velos	CCMSLIB00010057485		mwang87	CCMSLIB00010057485	mzspec:GNPS:PNNL-LIPIDS-POSITIVE:accession:CCMSLIB00010057485
1428	2676	aligned_features_filled.mgf	522.3561	36739	1281	GNPS-NIST14-MATCHES.mgf	522.3558	0.8316	7	0.0003			1		35.0	Data deposited by lamccall		dbb6e9a4b71d47e694de769b7a16bfd5/P4-C10_RC10_01_1006.mzXML		N/A	InChI=1S/C26H52NO7P/c1-5-6-7-8-9-10-11-12-13-14-15-16-17-18-19-20-26(29)32-23-25(28)24-34-35(30,31)33-22-21-27(2,3)4/h12-13,25,28H,5-11,14-24H2,1-4H3/b13-12-/t25-/m1/s1	YAMUFBLWGFFICM-PTGWMXDISA-N				Positive	3		2	Spectral Match to 1-(9Z-Octadecenoyl)-sn-glycero-3-phosphocholine from NIST14 [M+H]+	GNPS-NIST14-MATCHES	522.355763	Data from James McKerrow	N/A	1281	*..*	CCCCCCCC/C=C\CCCCCCCC(=O)OC[C@H](COP(=O)([O-])OCC[N+](C)(C)C)O	ESI-qTof	CCMSLIB00003139797		mwang87	CCMSLIB00003139797	mzspec:GNPS:GNPS-NIST14-MATCHES:accession:CCMSLIB00003139797
1446	2704	aligned_features_filled.mgf	746.5986	772712	14643	PNNL-LIPIDS-POSITIVE.mgf	746.6060	0.7818	6	-0.0074			1		N/A	Thomas Metz		spectra_from_json.mgf		N/A	N/A	N/A				Positive	1		2	PC(O-16:1/18:0); [M+H]+ C42H85N1O7P1 [M+H]+	PNNL-LIPIDS-POSITIVE	746.606	Thomas Metz	N/A	14643	*..*	N/A	LC-ESI-HCD; Velos	CCMSLIB00010083454		mwang87	CCMSLIB00010083454	mzspec:GNPS:PNNL-LIPIDS-POSITIVE:accession:CCMSLIB00010083454
1453	2724	aligned_features_filled.mgf	824.6507	777213	19145	PNNL-LIPIDS-POSITIVE.mgf	824.6170	0.8413	6	0.0337			1		N/A	Thomas Metz		spectra_from_json.mgf		N/A	N/A	N/A				Positive	1		2	PC(19:0/20:4); [M+H]+ C47H87N1O8P1 [M+H]+	PNNL-LIPIDS-POSITIVE	824.617	Thomas Metz	N/A	19145	*..*	N/A	LC-ESI-HCD; Velos	CCMSLIB00010090549		mwang87	CCMSLIB00010090549	mzspec:GNPS:PNNL-LIPIDS-POSITIVE:accession:CCMSLIB00010090549
1468	2765	aligned_features_filled.mgf	445.1196	32859	1997	GNPS-NIST14-MATCHES.mgf	445.1206	0.8334	11	-0.0010			1		N/A	Data deposited by marjo		ba311de896ac43dc9cc36bb3fade6642/s103-v312.mgf		N/A	InChI=1S/C12H36O6Si6/c1-19(2)13-20(3,4)15-22(7,8)17-24(11,12)18-23(9,10)16-21(5,6)14-19/h1-12H3	IUMSDRXLFWAGNT-UHFFFAOYSA-N				Positive	3		2	Spectral Match to Cyclohexasiloxane, dodecamethyl- from NIST14 [M+H]+	GNPS-NIST14-MATCHES	445.12056	Data from Maria Maansson	N/A	1997	*..*	C[Si]1(O[Si](O[Si](O[Si](O[Si](O[Si](O1)(C)C)(C)C)(C)C)(C)C)(C)C)C	ESI-QQQ	CCMSLIB00003135861		mwang87	CCMSLIB00003135861	mzspec:GNPS:GNPS-NIST14-MATCHES:accession:CCMSLIB00003135861
1496	2834	aligned_features_filled.mgf	811.6688	760000	1931	PNNL-LIPIDS-POSITIVE.mgf	811.6690	0.8026	9	-0.0002			1		N/A	Thomas Metz		spectra_from_json.mgf		N/A	N/A	N/A				Positive	1		2	SM(d18:2/24:1); [M+H]+ C47H92N2O6P1 [M+H]+	PNNL-LIPIDS-POSITIVE	811.669	Thomas Metz	N/A	1931	*..*	N/A	LC-ESI-HCD; Velos	CCMSLIB00010057193		mwang87	CCMSLIB00010057193	mzspec:GNPS:PNNL-LIPIDS-POSITIVE:accession:CCMSLIB00010057193
1503	2852	aligned_features_filled.mgf	556.5294	758604	535	PNNL-LIPIDS-POSITIVE.mgf	556.5300	0.7533	8	-0.0006			1		N/A	Thomas Metz		spectra_from_json.mgf		N/A	N/A	N/A				Positive	1		2	Cer(d18:0/16:0(2OH)); [M+H]+ C34H70N1O4 [M+H]+	PNNL-LIPIDS-POSITIVE	556.53	Thomas Metz	N/A	535	*..*	N/A	LC-ESI-CID; Lumos	CCMSLIB00010055797		mwang87	CCMSLIB00010055797	mzspec:GNPS:PNNL-LIPIDS-POSITIVE:accession:CCMSLIB00010055797
1539	2938	aligned_features_filled.mgf	835.6664	747352	1690	GNPS-IOBA-NHC.mgf	835.6670	0.7100	7	-0.0006			1		20.0	UMR CNRS 8038 Universite de Paris		d13a7832d41440df9a57092cfa9999a2/IOBA_BAK_20M_DDA_ESI+_2_315.mzXML		N/A	InChI=1S/C47H93N2O6P/c1-6-8-10-12-14-16-18-20-21-22-23-24-25-26-27-29-31-33-35-37-39-41-47(51)48-45(44-55-56(52,53)54-43-42-49(3,4)5)46(50)40-38-36-34-32-30-28-19-17-15-13-11-9-7-2/h11,13,38,40,45-46,50H,6-10,12,14-37,39,41-44H2,1-5H3,(H-,48,51,52,53)/b13-11-,40-38+/t45-,46+/m0/s1	DACOGJMBYLZYDH-GXJPFUDISA-N				Positive	3		2	SM(d18:2_24:0) - (2-{[3-hydroxy-2-tetracosanamidooctadeca-4.14-dien-1-yl phosphono]oxy}ethyl)trimethylazanium [M+Na]+	GNPS-IOBA-NHC	835.667	N Auzeil	N/A	1690	*..*	[H][C@@](COP([O-])(=O)OCC[N+](C)(C)C)(NC(=O)CCCCCCCCCCCCCCCCCCCCCCC)[C@H](O)\C=C\CCCCCCCC\C=C/CCC	LC-ESI-qTof	CCMSLIB00005724109		mpanitchpakdi	CCMSLIB00005724109	mzspec:GNPS:GNPS-IOBA-NHC:accession:CCMSLIB00005724109
1554	2985	aligned_features_filled.mgf	518.3217	36747	2474	GNPS-NIST14-MATCHES.mgf	518.3213	0.8130	6	0.0004			1		30.0	Data deposited by fevargas		c433b7408c9a4c4db02abf0cd1dcf044/HFD_C1_Ant2.mzXML		N/A	InChI=1S/C24H50NO7P/c1-5-6-7-8-9-10-11-12-13-14-15-16-17-18-24(27)30-21-23(26)22-32-33(28,29)31-20-19-25(2,3)4/h23,26H,5-22H2,1-4H3/t23-/m1/s1	ASWBNKHCZGQVJV-HSZRJFAPSA-N				Positive	3		2	Spectral Match to 1-Hexadecanoyl-sn-glycero-3-phosphocholine from NIST14 [M+Na]+	GNPS-NIST14-MATCHES	518.32128	Data from Joshua Wollam	N/A	2474	*..*	CCCCCCCCCCCCCCCC(=O)OC[C@H](COP(=O)([O-])OCC[N+](C)(C)C)O	ESI-qTof	CCMSLIB00003139839		mwang87	CCMSLIB00003139839	mzspec:GNPS:GNPS-NIST14-MATCHES:accession:CCMSLIB00003139839
1566	3003	aligned_features_filled.mgf	616.1758	35880	1304	GNPS-NIST14-MATCHES.mgf	616.1765	0.9256	9	-0.0007			1		38.0	Data deposited by lamccall		7ee6542309474939be7df8d2de2d2000/P7-B9_GB9_01_1478.mzXML		N/A	N/A	N/A				Positive	3		2	Spectral Match to Hemin cation from NIST14 [Cat]+	GNPS-NIST14-MATCHES	616.176425	Data from James McKerrow	N/A	1304	*..*	N/A	ESI-HCD	CCMSLIB00003138897		mwang87	CCMSLIB00003138897	mzspec:GNPS:GNPS-NIST14-MATCHES:accession:CCMSLIB00003138897
1576	3024	aligned_features_filled.mgf	824.6522	763106	5037	PNNL-LIPIDS-POSITIVE.mgf	824.6170	0.8233	6	0.0352			1		N/A	Thomas Metz		spectra_from_json.mgf		N/A	N/A	N/A				Positive	1		2	PC(19:0/20:4); [M+H]+ C47H87N1O8P1 [M+H]+	PNNL-LIPIDS-POSITIVE	824.617	Thomas Metz	N/A	5037	*..*	N/A	LC-ESI-HCD; Velos	CCMSLIB00010062962		mwang87	CCMSLIB00010062962	mzspec:GNPS:PNNL-LIPIDS-POSITIVE:accession:CCMSLIB00010062962
1604	3090	aligned_features_filled.mgf	482.3602	36752	3788	GNPS-NIST14-MATCHES.mgf	482.3598	0.8588	7	0.0004			1		35.0	Data deposited by eriche		dbb6e9a4b71d47e694de769b7a16bfd5/EH_2014_05_17_WTminusN_low.mzXML		N/A	InChI=1S/C24H52NO6P/c1-5-6-7-8-9-10-11-12-13-14-15-16-17-18-20-29-22-24(26)23-31-32(27,28)30-21-19-25(2,3)4/h24,26H,5-23H2,1-4H3/t24-/m1/s1	VLBPIWYTPAXCFJ-XMMPIXPASA-N				Positive	3		2	Spectral Match to 1-Hexadecyl-sn-glycero-3-phosphocholine from NIST14 [M+H]+	GNPS-NIST14-MATCHES	482.359769	Data from Piel, Dittmann	N/A	3788	*..*	CCCCCCCCCCCCCCCCOC[C@H](COP(=O)([O-])OCC[N+](C)(C)C)O	ESI-qTof	CCMSLIB00003139845		mwang87	CCMSLIB00003139845	mzspec:GNPS:GNPS-NIST14-MATCHES:accession:CCMSLIB00003139845
1617	3125	aligned_features_filled.mgf	810.5964	34173	2514	GNPS-NIST14-MATCHES.mgf	810.5908	0.7593	12	0.0056			1		30.0	Data deposited by mjmeehan		070cdc7ef77c4567a2031d5f5d521a80/40-lungs.mzXML		N/A	N/A	N/A				Positive	3		2	Spectral Match to 1-Octadecanoyl-2-octadecenoyl-sn-glycero-3-phosphocholine from NIST14 [M+Na]+	GNPS-NIST14-MATCHES	810.590759	Data from Gabriel Haddad	N/A	2514	*..*	N/A	ESI-Q-TOF	CCMSLIB00003137148		mwang87	CCMSLIB00003137148	mzspec:GNPS:GNPS-NIST14-MATCHES:accession:CCMSLIB00003137148
1623	3140	aligned_features_filled.mgf	673.5302	765172	7103	PNNL-LIPIDS-POSITIVE.mgf	673.5280	0.8277	6	0.0022			1		N/A	Thomas Metz		spectra_from_json.mgf		N/A	N/A	N/A				Positive	1		2	SM(d18:2/14:0); [M+H]+ C37H74N2O6P1 [M+H]+	PNNL-LIPIDS-POSITIVE	673.528	Thomas Metz	N/A	7103	*..*	N/A	LC-ESI-HCD; Velos	CCMSLIB00010067620		mwang87	CCMSLIB00010067620	mzspec:GNPS:PNNL-LIPIDS-POSITIVE:accession:CCMSLIB00010067620
1640	3179	aligned_features_filled.mgf	758.5712	35727	2524	GNPS-NIST14-MATCHES.mgf	758.5689	0.9687	8	0.0023			1		30.0	Data deposited by fevargas		42cb359e331348fa9666dd638f3dbaba/Urine_Rat_A.mzXML		N/A	N/A	N/A				Positive	3		2	Spectral Match to 1-Hexadecanoyl-2-octadecadienoyl-sn-glycero-3-phosphocholine from NIST14 [M+H]+	GNPS-NIST14-MATCHES	758.568938	Data from Kevin Bush	N/A	2524	*..*	N/A	ESI-Q-TOF	CCMSLIB00003138795		mwang87	CCMSLIB00003138795	mzspec:GNPS:GNPS-NIST14-MATCHES:accession:CCMSLIB00003138795
1647	3195	aligned_features_filled.mgf	556.5289	760914	2845	PNNL-LIPIDS-POSITIVE.mgf	556.5300	0.7520	8	-0.0012			1		N/A	Thomas Metz		spectra_from_json.mgf		N/A	N/A	N/A				Positive	1		2	Cer(d18:0/16:0(2OH)); [M+H]+ C34H70N1O4 [M+H]+	PNNL-LIPIDS-POSITIVE	556.53	Thomas Metz	N/A	2845	*..*	N/A	LC-ESI-HCD; Velos	CCMSLIB00010058107		mwang87	CCMSLIB00010058107	mzspec:GNPS:PNNL-LIPIDS-POSITIVE:accession:CCMSLIB00010058107
1664	3246	aligned_features_filled.mgf	453.3432	161773	7053	GNPS-ION-MOBILITY-LIBRARY.mgf	453.3420	0.7063	11	0.0012			1		N/A	victoriadeleray		spectra_from_json.mgf		N/A	InChI=1S/C30H44O3/c1-20-13-14-22(3)25(19-20)32-16-12-15-30(10,11)27(31)33-26-23(28(4,5)6)17-21(2)18-24(26)29(7,8)9/h13-14,17-19H,12,15-16H2,1-11H3	MLRZUMHKKWLFGY-UHFFFAOYSA-N				Positive	1		2	gemfibrozile_2,6-di-tert-butyl-4-methylphenol [M+H]+	GNPS-ION-MOBILITY-LIBRARY	453.342	Pieter Dorrestein	N/A	7053	*..*	Cc1ccc(C)c(OCCCC(C)(C)C(=O)Oc2c(C(C)(C)C)cc(C)cc2C(C)(C)C)c1	LC-ESI-ToF	CCMSLIB00017433327		jzemlin	CCMSLIB00017433327	mzspec:GNPS:GNPS-ION-MOBILITY-LIBRARY:accession:CCMSLIB00017433327
1699	3332	aligned_features_filled.mgf	466.3306	717685	3668	GNPS-LIBRARY.mgf	466.3280	0.7314	10	0.0026			1		N/A	lfnothias		spectra_from_json.mgf		N/A	N/A	N/A				Positive	3		2	TOP19 Psoriasis feature - Unknown FeatureID=3668 [M+H]+	GNPS-LIBRARY	466.328	Dorrestein	N/A	3668	*..*	N/A	LC-ESI-qTof	CCMSLIB00004684237		lfnothias	CCMSLIB00004684237	mzspec:GNPS:GNPS-LIBRARY:accession:CCMSLIB00004684237
1724	3397	aligned_features_filled.mgf	526.4316	160296	3810	GNPS-ION-MOBILITY-LIBRARY.mgf	526.4300	0.7752	11	0.0016			1		N/A	victoriadeleray		spectra_from_json.mgf		N/A	InChI=1S/C34H55NO3/c1-20(4-7-30(38)35-34-17-21-12-22(18-34)14-23(13-21)19-34)26-5-6-27-31-28(9-11-33(26,27)3)32(2)10-8-25(36)15-24(32)16-29(31)37/h20-29,31,36-37H,4-19H2,1-3H3,(H,35,38)/t20-,21?,22?,23?,24?,25-,26-,27+,28+,29-,31+,32+,33-,34?/m1/s1	ZDKCUZOBWQOONE-WVNPVXECSA-N				Positive	1		2	CDCA_amantadine [M+H]+	GNPS-ION-MOBILITY-LIBRARY	526.43	Pieter Dorrestein	N/A	3810	*..*	C[C@H](CCC(=O)NC12CC3CC(CC(C3)C1)C2)[C@H]1CC[C@H]2[C@@H]3[C@H](O)CC4C[C@H](O)CC[C@]4(C)[C@H]3CC[C@]12C	LC-ESI-ToF	CCMSLIB00017430733		jzemlin	CCMSLIB00017430733	mzspec:GNPS:GNPS-ION-MOBILITY-LIBRARY:accession:CCMSLIB00017430733
1730	3416	aligned_features_filled.mgf	800.6525	781073	23005	PNNL-LIPIDS-POSITIVE.mgf	800.6170	0.8935	6	0.0355			1		N/A	Thomas Metz		spectra_from_json.mgf		N/A	N/A	N/A				Positive	1		2	PC(18:1/19:1); [M+H]+ C45H87N1O8P1 [M+H]+	PNNL-LIPIDS-POSITIVE	800.617	Thomas Metz	N/A	23005	*..*	N/A	LC-ESI-HCD; Velos	CCMSLIB00010094409		mwang87	CCMSLIB00010094409	mzspec:GNPS:PNNL-LIPIDS-POSITIVE:accession:CCMSLIB00010094409
1743	3450	aligned_features_filled.mgf	796.6179	762672	4603	PNNL-LIPIDS-POSITIVE.mgf	796.6220	0.8064	10	-0.0041			1		N/A	Thomas Metz		spectra_from_json.mgf		N/A	N/A	N/A				Positive	1		2	PC(O-16:0/22:4); [M+H]+ C46H87N1O7P1 [M+H]+	PNNL-LIPIDS-POSITIVE	796.622	Thomas Metz	N/A	4603	*..*	N/A	LC-ESI-HCD; Velos	CCMSLIB00010061787		mwang87	CCMSLIB00010061787	mzspec:GNPS:PNNL-LIPIDS-POSITIVE:accession:CCMSLIB00010061787
1748	3469	aligned_features_filled.mgf	391.2856	34705	38	GNPS-NIST14-MATCHES.mgf	391.2846	0.7875	7	0.0010			1		30.0	Data deposited by mjmeehan		657eb45679814d8895d947698dd26e24/19-F-11.mzXML		N/A	InChI=1S/C24H38O4/c1-5-9-13-19(7-3)17-27-23(25)21-15-11-12-16-22(21)24(26)28-18-20(8-4)14-10-6-2/h11-12,15-16,19-20H,5-10,13-14,17-18H2,1-4H3	BJQHLKABXJIVAM-UHFFFAOYSA-N				Positive	3		2	Spectral Match to Bis(2-ethylhexyl) phthalate from NIST14 [M+H]+	GNPS-NIST14-MATCHES	391.284586	Data from Gabriel Haddad	N/A	38	*..*	CCCCC(CC)COC(=O)C1=CC=CC=C1C(=O)OCC(CC)CCCC	ESI-QQQ	CCMSLIB00003137685		mwang87	CCMSLIB00003137685	mzspec:GNPS:GNPS-NIST14-MATCHES:accession:CCMSLIB00003137685
1783	3564	aligned_features_filled.mgf	532.3734	34277	1679	GNPS-NIST14-MATCHES.mgf	532.3735	0.9036	9	-0.0001			1		30.0	Data deposited by daniel		c433b7408c9a4c4db02abf0cd1dcf044/Coral_B8.mzXML		N/A	InChI=1S/C26H56NO6P/c1-5-6-7-8-9-10-11-12-13-14-15-16-17-18-19-20-22-31-24-26(28)25-33-34(29,30)32-23-21-27(2,3)4/h26,28H,5-25H2,1-4H3	XKBJVQHMEXMFDZ-UHFFFAOYSA-N				Positive	3		2	Spectral Match to Lyso-PAF C-18 from NIST14 [M+Na]+	GNPS-NIST14-MATCHES	532.373493	Data from Pieter Dorrestein	N/A	1679	*..*	CCCCCCCCCCCCCCCCCCOCC(COP(=O)([O-])OCC[N+](C)(C)C)O	ESI-qTof	CCMSLIB00003137258		mwang87	CCMSLIB00003137258	mzspec:GNPS:GNPS-NIST14-MATCHES:accession:CCMSLIB00003137258
1791	3583	aligned_features_filled.mgf	756.5522	773162	15093	PNNL-LIPIDS-POSITIVE.mgf	756.5540	0.8150	6	-0.0018			1		N/A	Thomas Metz		spectra_from_json.mgf		N/A	N/A	N/A				Positive	1		2	PC(16:1/18:2); [M+H]+ C42H79N1O8P1 [M+H]+	PNNL-LIPIDS-POSITIVE	756.554	Thomas Metz	N/A	15093	*..*	N/A	LC-ESI-HCD; Velos	CCMSLIB00010084384		mwang87	CCMSLIB00010084384	mzspec:GNPS:PNNL-LIPIDS-POSITIVE:accession:CCMSLIB00010084384
1797	3599	aligned_features_filled.mgf	820.7370	779745	21677	PNNL-LIPIDS-POSITIVE.mgf	820.7390	0.7113	15	-0.0020			1		N/A	Thomas Metz		spectra_from_json.mgf		N/A	N/A	N/A				Positive	1		2	TG(14:0/16:1/18:1); [M+NH4]+ C51H98N1O6 [M+NH3+H]+	PNNL-LIPIDS-POSITIVE	820.739	Thomas Metz	N/A	21677	*..*	N/A	LC-ESI-HCD; Velos	CCMSLIB00010093081		mwang87	CCMSLIB00010093081	mzspec:GNPS:PNNL-LIPIDS-POSITIVE:accession:CCMSLIB00010093081
1810	3639	aligned_features_filled.mgf	794.6086	780325	22257	PNNL-LIPIDS-POSITIVE.mgf	794.6060	0.8279	13	0.0026			1		N/A	Thomas Metz		spectra_from_json.mgf		N/A	N/A	N/A				Positive	1		2	PC(O-18:1/20:4); [M+H]+ C46H85N1O7P1 [M+H]+	PNNL-LIPIDS-POSITIVE	794.606	Thomas Metz	N/A	22257	*..*	N/A	LC-ESI-HCD; Velos	CCMSLIB00010093661		mwang87	CCMSLIB00010093661	mzspec:GNPS:PNNL-LIPIDS-POSITIVE:accession:CCMSLIB00010093661
1816	3653	aligned_features_filled.mgf	359.3179	36508	4096	GNPS-NIST14-MATCHES.mgf	359.3200	0.7225	7	-0.0021			1		35.0	Data deposited by eriche		311e249236334ffba3f657124a66ce9c/EH_11092013_Ento_Sponge.mzXML		N/A	InChI=1S/C21H42O4/c1-2-3-4-5-6-7-8-9-10-11-12-13-14-15-16-17-21(24)25-19-20(23)18-22/h20,22-23H,2-19H2,1H3	VBICKXHEKHSIBG-UHFFFAOYSA-N				Positive	3		2	Spectral Match to Glycerol 1-stearate from NIST14 [M+H]+	GNPS-NIST14-MATCHES	359.32	Data from Piel	N/A	4096	*..*	CCCCCCCCCCCCCCCCCC(=O)OCC(CO)O	ESI-QQQ	CCMSLIB00003139547		mwang87	CCMSLIB00003139547	mzspec:GNPS:GNPS-NIST14-MATCHES:accession:CCMSLIB00003139547
1822	3671	aligned_features_filled.mgf	732.5868	33582	2483	GNPS-NIST14-MATCHES.mgf	732.5535	0.9291	8	0.0333			1		30.0	Data deposited by mjmeehan		657eb45679814d8895d947698dd26e24/03-lungs.mzXML		N/A	InChI=1S/C40H78NO8P/c1-6-8-10-12-14-16-18-19-20-21-23-24-26-28-30-32-39(42)46-36-38(37-48-50(44,45)47-35-34-41(3,4)5)49-40(43)33-31-29-27-25-22-17-15-13-11-9-7-2/h19-20,38H,6-18,21-37H2,1-5H3/b20-19-/t38-/m1/s1	KIVAJCJTVPWSRJ-OQHNRNOKSA-N				Positive	3		2	Spectral Match to 1-(9Z-Octadecenoyl)-2-tetradecanoyl-sn-glycero-3-phosphocholine from NIST14 [M+H]+	GNPS-NIST14-MATCHES	732.553448	Data from Gabriel Haddad	N/A	2483	*..*	CCCCCCCCCCCCCC(=O)O[C@H](COC(=O)CCCCCCC/C=C\CCCCCCCC)COP(=O)([O-])OCC[N+](C)(C)C	ESI-qTof	CCMSLIB00003136587		mwang87	CCMSLIB00003136587	mzspec:GNPS:GNPS-NIST14-MATCHES:accession:CCMSLIB00003136587
1838	3706	aligned_features_filled.mgf	302.3052	131608	41254	MASSBANK.mgf	302.3050	0.9205	7	0.0002			1		N/A	Massbank		spectra_from_json.mgf		N/A	InChI=1S/C18H39NO2/c1-2-3-4-5-6-7-8-9-10-11-12-13-14-19(15-17-20)16-18-21/h20-21H,2-18H2,1H3	CPHJEACXPATRSU-UHFFFAOYSA-N				Positive	3		2	Massbank:LU100203 2,2'-(Tetradecylimino)diethanol|Tetradecyldiethanolamine [M+H]+	MASSBANK	302.305	Massbank	N/A	41254	*..*	CCCCCCCCCCCCCCN(CCO)CCO	ESI-Hybrid FT	CCMSLIB00005766805		mwang87	CCMSLIB00005766805	mzspec:GNPS:MASSBANK:accession:CCMSLIB00005766805
1879	3802	aligned_features_filled.mgf	810.5961	32131	2562	GNPS-NIST14-MATCHES.mgf	810.5989	0.7922	11	-0.0028			1		30.0	Data deposited by mjmeehan		dbb6e9a4b71d47e694de769b7a16bfd5/18-lungs.mzXML		N/A	N/A	N/A				Positive	3		2	Spectral Match to 1-Octadecanoyl-2-octadecenoyl-sn-glycero-3-phosphocholine from NIST14 [M+Na]+	GNPS-NIST14-MATCHES	810.598938	Data from Gabriel Haddad	N/A	2562	*..*	N/A	ESI-Q-TOF	CCMSLIB00003135060		mwang87	CCMSLIB00003135060	mzspec:GNPS:GNPS-NIST14-MATCHES:accession:CCMSLIB00003135060
1891	3847	aligned_features_filled.mgf	770.6038	781021	22953	PNNL-LIPIDS-POSITIVE.mgf	770.5700	0.8025	9	0.0338			1		N/A	Thomas Metz		spectra_from_json.mgf		N/A	N/A	N/A				Positive	1		2	PC(17:1/18:2); [M+H]+ C43H81N1O8P1 [M+H]+	PNNL-LIPIDS-POSITIVE	770.57	Thomas Metz	N/A	22953	*..*	N/A	LC-ESI-HCD; Velos	CCMSLIB00010094357		mwang87	CCMSLIB00010094357	mzspec:GNPS:PNNL-LIPIDS-POSITIVE:accession:CCMSLIB00010094357
1898	3869	aligned_features_filled.mgf	315.1952	54335	7963	MONA.mgf	315.1950	0.7995	7	0.0002			1		N/A	MoNA:VF-NPL-QEHF007963		spectra_from_json.mgf		N/A	InChI=1S/C20H26O3/c1-12(2)13-6-7-15-14(10-13)16(21)11-17-19(15,3)8-5-9-20(17,4)18(22)23/h6-7,10,12,17H,5,8-9,11H2,1-4H3,(H,22,23)	MSWJSDLNPCSSNW-UHFFFAOYSA-N				positive	3		2	1,4a-dimethyl-9-oxo-7-propan-2-yl-3,4,10,10a-tetrahydro-2H-phenanthrene-1-carboxylic acid [M+H]+	MONA	315.195	MoNA	N/A	7963	*..*	CC(C)c1ccc2c(c1)C(=O)CC1C(C)(C(=O)O)CCCC21C	ESI-QFT	CCMSLIB00004699026		mwang87	CCMSLIB00004699026	mzspec:GNPS:MONA:accession:CCMSLIB00004699026
1931	3945	aligned_features_filled.mgf	746.5983	772712	14643	PNNL-LIPIDS-POSITIVE.mgf	746.6060	0.7697	10	-0.0077			1		N/A	Thomas Metz		spectra_from_json.mgf		N/A	N/A	N/A				Positive	1		2	PC(O-16:1/18:0); [M+H]+ C42H85N1O7P1 [M+H]+	PNNL-LIPIDS-POSITIVE	746.606	Thomas Metz	N/A	14643	*..*	N/A	LC-ESI-HCD; Velos	CCMSLIB00010083454		mwang87	CCMSLIB00010083454	mzspec:GNPS:PNNL-LIPIDS-POSITIVE:accession:CCMSLIB00010083454
1972	4066	aligned_features_filled.mgf	718.5724	772084	14015	PNNL-LIPIDS-POSITIVE.mgf	718.5750	0.8236	7	-0.0026			1		N/A	Thomas Metz		spectra_from_json.mgf		N/A	N/A	N/A				Positive	1		2	PC(O-16:0/16:1); [M+H]+ C40H81N1O7P1 [M+H]+	PNNL-LIPIDS-POSITIVE	718.575	Thomas Metz	N/A	14015	*..*	N/A	LC-ESI-HCD; Velos	CCMSLIB00010082154		mwang87	CCMSLIB00010082154	mzspec:GNPS:PNNL-LIPIDS-POSITIVE:accession:CCMSLIB00010082154
1974	4078	aligned_features_filled.mgf	476.2760	36194	7851	GNPS-NIST14-MATCHES.mgf	476.2745	0.7036	7	0.0015			1		30.0	Data deposited by daniel		657eb45679814d8895d947698dd26e24/NIST_STD_05_c.mzXML		N/A	InChI=1S/C21H44NO7P/c1-2-3-4-5-6-7-8-9-10-11-12-13-14-15-21(24)27-18-20(23)19-29-30(25,26)28-17-16-22/h20,23H,2-19,22H2,1H3,(H,25,26)/t20-/m1/s1	YVYMBNSKXOXSKW-HXUWFJFHSA-N				Positive	3		2	Spectral Match to 1-Hexadecanoyl-sn-glycero-3-phosphoethanolamine from NIST14 [M+Na]+	GNPS-NIST14-MATCHES	476.27453	Data from Pieter Dorrestein	N/A	7851	*..*	CCCCCCCCCCCCCCCC(=O)OC[C@H](COP(=O)(O)OCCN)O	ESI-qTof	CCMSLIB00003139209		mwang87	CCMSLIB00003139209	mzspec:GNPS:GNPS-NIST14-MATCHES:accession:CCMSLIB00003139209
2158	4667	aligned_features_filled.mgf	524.3724	110916	13174	MASSBANK.mgf	524.3710	0.8328	6	0.0014			1		N/A	Massbank		spectra_from_json.mgf		N/A	InChI=1S/C26H54NO7P/c1-5-6-7-8-9-10-11-12-13-14-15-16-17-18-19-20-26(29)32-23-25(28)24-34-35(30,31)33-22-21-27(2,3)4/h25,28H,5-24H2,1-4H3/t25-/m1/s1	IHNKQIMGVNPMTC-RUZDIDTESA-N				Positive	3		2	Massbank:RP025802 1-Stearoyl-sn-glycero-3-phosphocholine|1-octadecanoyl-sn-glycero-3-phosphocholine|[(2R)-2-hydroxy-3-octadecanoyloxypropyl] 2-(trimethylazaniumyl)ethyl phosphate [M+H]+	MASSBANK	524.371	Massbank	N/A	13174	*..*	[H][C@@](O)(COC(=O)CCCCCCCCCCCCCCCCC)COP([O-])(=O)OCC[N+](C)(C)C	ESI-qTof	CCMSLIB00005738725		mwang87	CCMSLIB00005738725	mzspec:GNPS:MASSBANK:accession:CCMSLIB00005738725
2183	4764	aligned_features_filled.mgf	676.4900	764774	6705	PNNL-LIPIDS-POSITIVE.mgf	676.4920	0.7269	7	-0.0020			1		N/A	Thomas Metz		spectra_from_json.mgf		N/A	N/A	N/A				Positive	1		2	PE(14:1/17:0); [M+H]+ C36H71N1O8P1 [M+H]+	PNNL-LIPIDS-POSITIVE	676.492	Thomas Metz	N/A	6705	*..*	N/A	LC-ESI-HCD; Velos	CCMSLIB00010066790		mwang87	CCMSLIB00010066790	mzspec:GNPS:PNNL-LIPIDS-POSITIVE:accession:CCMSLIB00010066790
2208	4834	aligned_features_filled.mgf	815.6996	32513	2357	GNPS-NIST14-MATCHES.mgf	815.7004	0.7981	6	-0.0009			1		30.0	Data deposited by mjmeehan		ba311de896ac43dc9cc36bb3fade6642/Blood_Blank_pos_C18_QE_19.mzXML		N/A	N/A	N/A				Positive	3		2	Spectral Match to N-Tetracosanoyl-4-sphingenyl-1-O-phosphorylcholine from NIST14 [M+H]+	GNPS-NIST14-MATCHES	815.700439	Data from Gabriel Haddad	N/A	2357	*..*	N/A	ESI-Q-TOF	CCMSLIB00003135443		mwang87	CCMSLIB00003135443	mzspec:GNPS:GNPS-NIST14-MATCHES:accession:CCMSLIB00003135443
2219	4855	aligned_features_filled.mgf	820.6204	776491	18423	PNNL-LIPIDS-POSITIVE.mgf	820.5860	0.7979	6	0.0344			1		N/A	Thomas Metz		spectra_from_json.mgf		N/A	N/A	N/A				Positive	1		2	PC(17:0/22:6); [M+H]+ C47H83N1O8P1 [M+H]+	PNNL-LIPIDS-POSITIVE	820.586	Thomas Metz	N/A	18423	*..*	N/A	LC-ESI-HCD; Velos	CCMSLIB00010089827		mwang87	CCMSLIB00010089827	mzspec:GNPS:PNNL-LIPIDS-POSITIVE:accession:CCMSLIB00010089827
2338	5240	aligned_features_filled.mgf	258.2792	168126	6140	WFSR-LIBRARY.mgf	258.2790	0.7126	6	0.0002			1		N/A	Sjors Rasker, Wout Bergkamp		spectra_from_json.mgf		N/A	InChI=1S/C16H35NO/c1-4-5-6-7-8-9-10-11-12-13-14-15-16-17(2,3)18/h4-16H2,1-3H3	ONHFWHCMZAJCFB-UHFFFAOYSA-N				Positive	1		2	Myristamine oxide_CE15 [M+H]+	WFSR-LIBRARY	258.279	Federico Padilla-Gonzalez	N/A	6140	*..*	CCCCCCCCCCCCCC[N+](C)(C)[O-]	ESI-Orbitrap	CCMSLIB00013939921		jzemlin	CCMSLIB00013939921	mzspec:GNPS:WFSR-LIBRARY:accession:CCMSLIB00013939921
2364	5345	aligned_features_filled.mgf	600.4663	489861	12860	MSNLIB-POSITIVE.mgf	600.4680	0.7852	13	-0.0017			1		N/A	Corinna Brungs		spectra_from_json.mgf		N/A	InChI=1S/C30H62O10/c1-2-3-4-5-6-7-8-9-10-11-13-32-15-17-34-19-21-36-23-25-38-27-29-40-30-28-39-26-24-37-22-20-35-18-16-33-14-12-31/h31H,2-30H2,1H3	ONJQDTZCDSESIW-UHFFFAOYSA-N				Positive	1		2	Polidocanol [M+NH3+H]+	MSNLIB-POSITIVE	600.468	Tomas Pluskal	N/A	12860	*..*	CCCCCCCCCCCCOCCOCCOCCOCCOCCOCCOCCOCCOCCO	ESI-Orbitrap	CCMSLIB00012287161		jzemlin	CCMSLIB00012287161	mzspec:GNPS:MSNLIB-POSITIVE:accession:CCMSLIB00012287161
2370	5364	aligned_features_filled.mgf	304.2983	32866	1625	GNPS-NIST14-MATCHES.mgf	304.3005	0.7995	6	-0.0022			1		N/A	Data deposited by marjo		ba311de896ac43dc9cc36bb3fade6642/s103-v312.mgf		N/A	InChI=1S/C21H38N/c1-4-5-6-7-8-9-10-11-12-16-19-22(2,3)20-21-17-14-13-15-18-21/h13-15,17-18H,4-12,16,19-20H2,1-3H3/q+1	CYDRXTMLKJDRQH-UHFFFAOYSA-N				Positive	3		2	Spectral Match to Benzyldodecyldimethylammonium from NIST14 [M]+	GNPS-NIST14-MATCHES	304.3005	Data from Maria Maansson	N/A	1625	*..*	CCCCCCCCCCCC[N+](C)(C)CC1=CC=CC=C1	ESI-QQQ	CCMSLIB00003136054		mwang87	CCMSLIB00003136054	mzspec:GNPS:GNPS-NIST14-MATCHES:accession:CCMSLIB00003136054
2442	5604	aligned_features_filled.mgf	732.5772	33581	2561	GNPS-NIST14-MATCHES.mgf	732.5538	0.9843	12	0.0234			1		30.0	Data deposited by mjmeehan		657eb45679814d8895d947698dd26e24/03-lungs.mzXML		N/A	InChI=1S/C40H78NO8P/c1-6-8-10-12-14-16-18-19-20-21-23-24-26-28-30-32-39(42)46-36-38(37-48-50(44,45)47-35-34-41(3,4)5)49-40(43)33-31-29-27-25-22-17-15-13-11-9-7-2/h19-20,38H,6-18,21-37H2,1-5H3/b20-19-/t38-/m1/s1	KIVAJCJTVPWSRJ-OQHNRNOKSA-N				Positive	3		2	Spectral Match to 1-(9Z-Octadecenoyl)-2-tetradecanoyl-sn-glycero-3-phosphocholine from NIST14 [M+H]+	GNPS-NIST14-MATCHES	732.553742	Data from Gabriel Haddad	N/A	2561	*..*	CCCCCCCCCCCCCC(=O)O[C@H](COC(=O)CCCCCCC/C=C\CCCCCCCC)COP(=O)([O-])OCC[N+](C)(C)C	ESI-qTof	CCMSLIB00003136557		mwang87	CCMSLIB00003136557	mzspec:GNPS:GNPS-NIST14-MATCHES:accession:CCMSLIB00003136557
2457	5647	aligned_features_filled.mgf	800.6145	763114	5045	PNNL-LIPIDS-POSITIVE.mgf	800.6170	0.8167	6	-0.0025			1		N/A	Thomas Metz		spectra_from_json.mgf		N/A	N/A	N/A				Positive	1		2	PC(18:2/19:0); [M+H]+ C45H87N1O8P1 [M+H]+	PNNL-LIPIDS-POSITIVE	800.617	Thomas Metz	N/A	5045	*..*	N/A	LC-ESI-HCD; Velos	CCMSLIB00010062982		mwang87	CCMSLIB00010062982	mzspec:GNPS:PNNL-LIPIDS-POSITIVE:accession:CCMSLIB00010062982
2479	5751	aligned_features_filled.mgf	316.2475	79780	1464	MONA.mgf	316.2480	0.7717	7	-0.0005			1		N/A	MoNA:MoNA032747		spectra_from_json.mgf		N/A	InChI=1S/C17H33NO4/c1-5-6-7-8-9-10-11-12-17(21)22-15(13-16(19)20)14-18(2,3)4/h15H,5-14H2,1-4H3	LZOSYCMHQXPBFU-UHFFFAOYSA-N				positive	3		2	DECANOYLCARNITINE [M+H]+	MONA	316.248	MoNA	N/A	1464	*..*	CCCCCCCCCC(=O)OC(CC(=O)[O-])C[N+](C)(C)C	ESI-qTof	CCMSLIB00006681617		mpanitchpakdi	CCMSLIB00006681617	mzspec:GNPS:MONA:accession:CCMSLIB00006681617
2484	5765	aligned_features_filled.mgf	671.3796	716980	1807	GNPS-LIBRARY.mgf	671.3780	0.7238	12	0.0016			1		N/A	HW		spectra_from_json.mgf		N/A	N/A	N/A				Positive	3		2	GameXPeptide E [M+H]+	GNPS-LIBRARY	671.378	HW	N/A	1807	*..*	N/A	LC-ESI-qTof	CCMSLIB00001059265		sniperwolff	CCMSLIB00001059265	mzspec:GNPS:GNPS-LIBRARY:accession:CCMSLIB00001059265
2546	5979	aligned_features_filled.mgf	520.3420	781829	23761	PNNL-LIPIDS-POSITIVE.mgf	520.3400	0.7984	8	0.0020			1		N/A	Thomas Metz		spectra_from_json.mgf		N/A	N/A	N/A				Positive	1		2	PC(18:2/0:0); [M+H]+ C26H51N1O7P1 [M+H]+	PNNL-LIPIDS-POSITIVE	520.34	Thomas Metz	N/A	23761	*..*	N/A	LC-ESI-HCD; Velos	CCMSLIB00010095165		mwang87	CCMSLIB00010095165	mzspec:GNPS:PNNL-LIPIDS-POSITIVE:accession:CCMSLIB00010095165
2672	6438	aligned_features_filled.mgf	827.6983	759688	1619	PNNL-LIPIDS-POSITIVE.mgf	827.7010	0.7330	6	-0.0027			1		N/A	Thomas Metz		spectra_from_json.mgf		N/A	N/A	N/A				Positive	1		2	SM(d19:1/24:1); [M+H]+ C48H96N2O6P1 [M+H]+	PNNL-LIPIDS-POSITIVE	827.701	Thomas Metz	N/A	1619	*..*	N/A	LC-ESI-HCD; Velos	CCMSLIB00010056881		mwang87	CCMSLIB00010056881	mzspec:GNPS:PNNL-LIPIDS-POSITIVE:accession:CCMSLIB00010056881
2682	6483	aligned_features_filled.mgf	496.3381	763320	5251	PNNL-LIPIDS-POSITIVE.mgf	496.3400	0.8973	6	-0.0019			1		N/A	Thomas Metz		spectra_from_json.mgf		N/A	N/A	N/A				Positive	1		2	PC(0:0/16:0); [M+H]+ C24H51N1O7P1 [M+H]+	PNNL-LIPIDS-POSITIVE	496.34	Thomas Metz	N/A	5251	*..*	N/A	LC-ESI-HCD; Velos	CCMSLIB00010063486		mwang87	CCMSLIB00010063486	mzspec:GNPS:PNNL-LIPIDS-POSITIVE:accession:CCMSLIB00010063486
2688	6505	aligned_features_filled.mgf	302.3056	32349	3203	GNPS-NIST14-MATCHES.mgf	302.3067	0.8063	9	-0.0011			1		35.0	Data deposited by pmallard		42cb359e331348fa9666dd638f3dbaba/150116_EF_PMA_PSN475_NC-146-4-f_ddMS2_pos.mzXML		N/A	InChI=1S/C18H39NO2/c1-2-3-4-5-6-7-8-9-10-11-12-13-14-15-18(21)17(19)16-20/h17-18,20-21H,2-16,19H2,1H3/t17-,18+/m0/s1	OTKJDMGTUTTYMP-ZWKOTPCHSA-N				Positive	3		2	Spectral Match to D-erythro-Sphinganine from NIST14 [M+H]+	GNPS-NIST14-MATCHES	302.306731	Data from Wolfender/Litaudon	N/A	3203	*..*	CCCCCCCCCCCCCCC[C@H]([C@H](CO)N)O	ESI-qTof	CCMSLIB00003135250		mwang87	CCMSLIB00003135250	mzspec:GNPS:GNPS-NIST14-MATCHES:accession:CCMSLIB00003135250
2697	6533	aligned_features_filled.mgf	734.5691	33205	3303	GNPS-NIST14-MATCHES.mgf	734.5637	0.9698	7	0.0054			1		30.0	Data deposited by mjmeehan		356758164f01481588b7d21cb4d698e0/28-lungs.mzXML		N/A	InChI=1S/C40H80NO8P/c1-6-8-10-12-14-16-18-19-20-21-23-24-26-28-30-32-39(42)46-36-38(37-48-50(44,45)47-35-34-41(3,4)5)49-40(43)33-31-29-27-25-22-17-15-13-11-9-7-2/h38H,6-37H2,1-5H3/t38-/m1/s1	MZWGYEJOZNRLQE-KXQOOQHDSA-N				Positive	3		2	Spectral Match to 1-Stearoyl-2-myristoyl-sn-glycero-3-phosphocholine from NIST14 [M+H]+	GNPS-NIST14-MATCHES	734.56366	Data from Gabriel Haddad	N/A	3303	*..*	CCCCCCCCCCCCCCCCCC(=O)OC[C@H](COP(=O)([O-])OCC[N+](C)(C)C)OC(=O)CCCCCCCCCCCCC	ESI-qTof	CCMSLIB00003136123		mwang87	CCMSLIB00003136123	mzspec:GNPS:GNPS-NIST14-MATCHES:accession:CCMSLIB00003136123
2735	6680	aligned_features_filled.mgf	560.3805	164914	2904	WFSR-LIBRARY.mgf	560.3940	0.7148	7	-0.0135			1		N/A	Sjors Rasker, Wout Bergkamp		spectra_from_json.mgf		N/A	InChI=1S/C33H53NO6/c1-17-5-8-24-18(2)27-25(34(24)15-17)14-23-21-7-6-19-13-20(9-11-32(19,3)22(21)10-12-33(23,27)4)39-31-30(38)29(37)28(36)26(16-35)40-31/h6,17-18,20-31,35-38H,5,7-16H2,1-4H3/t17-,18+,20-,21+,22-,23-,24+,25-,26+,27-,28+,29-,30+,31+,32-,33-/m0/s1	IDGKMGZVTKHZDA-OSCYGWHCSA-N				Positive	1		2	gamma-Chaconine_CE60 [M+H]+	WFSR-LIBRARY	560.394	Federico Padilla-Gonzalez	N/A	2904	*..*	[H][C@]12CC[C@H](C)CN1[C@@]1([H])C[C@@]3([H])[C@]4([H])CC=C5C[C@H](CC[C@]5(C)[C@@]4([H])CC[C@]3(C)[C@@]1([H])[C@@H]2C)O[C@]1([H])O[C@H](CO)[C@@H](O)[C@H](O)[C@H]1O	ESI-Orbitrap	CCMSLIB00013936685		jzemlin	CCMSLIB00013936685	mzspec:GNPS:WFSR-LIBRARY:accession:CCMSLIB00013936685
2765	6794	aligned_features_filled.mgf	445.1201	32890	1996	GNPS-NIST14-MATCHES.mgf	445.1206	0.8108	9	-0.0005			1		N/A	Data deposited by marjo		ba311de896ac43dc9cc36bb3fade6642/s103-v312.mgf		N/A	InChI=1S/C12H36O6Si6/c1-19(2)13-20(3,4)15-22(7,8)17-24(11,12)18-23(9,10)16-21(5,6)14-19/h1-12H3	IUMSDRXLFWAGNT-UHFFFAOYSA-N				Positive	3		2	Spectral Match to Cyclohexasiloxane, dodecamethyl- from NIST14 [M+H]+	GNPS-NIST14-MATCHES	445.12056	Data from Maria Maansson	N/A	1996	*..*	C[Si]1(O[Si](O[Si](O[Si](O[Si](O[Si](O1)(C)C)(C)C)(C)C)(C)C)(C)C)C	ESI-QQQ	CCMSLIB00003136772		mwang87	CCMSLIB00003136772	mzspec:GNPS:GNPS-NIST14-MATCHES:accession:CCMSLIB00003136772
2846	7154	aligned_features_filled.mgf	371.1013	35384	1526	GNPS-NIST14-MATCHES.mgf	371.1150	0.7801	6	-0.0137			1		N/A	Data deposited by marjo		65f6bd9e532b4604a3da3c936ee8be6c/s102-v758.mgf		N/A	InChI=1S/C10H30O5Si5/c1-16(2)11-17(3,4)13-19(7,8)15-20(9,10)14-18(5,6)12-16/h1-10H3	XMSXQFUHVRWGNA-UHFFFAOYSA-N				Positive	3		2	Spectral Match to Cyclopentasiloxane, decamethyl- from NIST14 [M+H]+	GNPS-NIST14-MATCHES	371.11496	Data from Maria Maansson	N/A	1526	*..*	C[Si]1(O[Si](O[Si](O[Si](O[Si](O1)(C)C)(C)C)(C)C)(C)C)C	ESI-QQQ	CCMSLIB00003138498		mwang87	CCMSLIB00003138498	mzspec:GNPS:GNPS-NIST14-MATCHES:accession:CCMSLIB00003138498
2942	7653	aligned_features_filled.mgf	401.3378	717442	1784	GNPS-LIBRARY.mgf	401.3380	0.7213	6	-0.0002			1		N/A	aaksenov		spectra_from_json.mgf		N/A	N/A	N/A				Positive	3		2	Putative (3-hydroxyhexadecanoyl)lysine [M+H]+	GNPS-LIBRARY	401.338	Dorrestein	N/A	1784	*..*	N/A	LC-ESI-qTof	CCMSLIB00004679234		aaksenov	CCMSLIB00004679234	mzspec:GNPS:GNPS-LIBRARY:accession:CCMSLIB00004679234
3124	8699	aligned_features_filled.mgf	734.5678	33693	5328	GNPS-NIST14-MATCHES.mgf	734.5722	0.8633	6	-0.0044			1		39.0	Data deposited by negarg		911aaf9fea3e43ecb208c13f468fc5c9/1E9_RE9_01_3529.mzXML		N/A	InChI=1S/C40H80NO8P/c1-6-8-10-12-14-16-18-19-20-21-23-24-26-28-30-32-39(42)46-36-38(37-48-50(44,45)47-35-34-41(3,4)5)49-40(43)33-31-29-27-25-22-17-15-13-11-9-7-2/h38H,6-37H2,1-5H3/t38-/m1/s1	MZWGYEJOZNRLQE-KXQOOQHDSA-N				Positive	3		2	Spectral Match to 1-Stearoyl-2-myristoyl-sn-glycero-3-phosphocholine from NIST14 [M+H]+	GNPS-NIST14-MATCHES	734.572233	Data from Pieter C. Dorrestein	N/A	5328	*..*	CCCCCCCCCCCCCCCCCC(=O)OC[C@H](COP(=O)([O-])OCC[N+](C)(C)C)OC(=O)CCCCCCCCCCCCC	ESI-qTof	CCMSLIB00003136641		mwang87	CCMSLIB00003136641	mzspec:GNPS:GNPS-NIST14-MATCHES:accession:CCMSLIB00003136641
3544	12442	aligned_features_filled.mgf	814.6323	773384	15315	PNNL-LIPIDS-POSITIVE.mgf	814.6330	0.9083	8	-0.0007			1		N/A	Thomas Metz		spectra_from_json.mgf		N/A	N/A	N/A				Positive	1		2	PC(18:1/20:1); [M+H]+ C46H89N1O8P1 [M+H]+	PNNL-LIPIDS-POSITIVE	814.633	Thomas Metz	N/A	15315	*..*	N/A	LC-ESI-HCD; Velos	CCMSLIB00010084839		mwang87	CCMSLIB00010084839	mzspec:GNPS:PNNL-LIPIDS-POSITIVE:accession:CCMSLIB00010084839
