feature_id,mz,rt,source_file,source_scan
1,397.4242,22.007,UHM56-22416.mzML,11928.0
2,425.4543,23.38,UHM43-10851.mzML,12606.0
3,376.2661,9.915,UHM36-10847.mzML,5027.0
4,325.364,13.667,UHM56-22416.mzML,7351.0
5,453.4849,25.338,UHM43-10851.mzML,13698.0
6,369.3894,20.547,UHM56-22416.mzML,11144.0
7,481.5147,27.353,UHM43-10851.mzML,14786.0
8,341.3568,18.911,UHM31-10845.mzML,9906.0
9,793.8304,22.006323,UHM56-22416.mzML,11933.0
10,353.3942,15.128,UHM56-22416.mzML,8135.0
11,849.8926,23.38,UHM145-22424.mzML,12689.0
12,338.3448,20.313,UHM20-22444.mzML,10621.0
14,610.1883,26.533,UHM17-10841.mzML,14206.0
15,838.5393,15.274,UHM20-10843.mzML,8002.0
17,905.9533,25.338121,UHM43-10851.mzML,13703.0
19,453.481,25.717,UHM56-22416.mzML,13945.0
20,274.2761,8.928032,UHM102-22454.mzML,4665.0
24,637.3085,17.86,UHM125-22428.mzML,9327.0
25,684.2053,27.850885,UHM17-10841.mzML,14927.0
26,536.1675,24.636,UHM17-10841.mzML,13151.0
28,663.457,26.827,UHM56-22416.mzML,14586.0
29,381.4223,16.557013,UHM56-22416.mzML,8935.0
30,737.7638,20.547,UHM56-22416.mzML,11163.0
31,282.2804,16.457633,UHM72-22446.mzML,8691.0
32,962.0146,27.353,UHM45-10853.mzML,14780.0
33,479.4958,25.570683,UHM43-10851.mzML,13813.0
34,912.6422,22.65,UHM125-22428.mzML,11937.0
36,849.8893,23.614,UHM43-10851.mzML,12706.0
37,878.5298,15.274,UHM45-10853.mzML,8153.0
39,854.5187,14.292193,UHM44-10852.mzML,7311.0
41,856.5476,15.274,UHM20-10843.mzML,8006.0
43,341.3547,19.232,UHM56-22416.mzML,10408.0
44,509.542,24.825493,UHM41-10850.mzML,13217.0
45,681.6993,18.911,UHM31-10845.mzML,9893.0
47,415.2132,10.629888,BE3.mzML,5467.0
48,297.3271,12.1685,UHM145-22424.mzML,6554.0
52,269.2956,10.601,UHM145-22424.mzML,5706.0
54,385.3474,23.176,UHM125-22432.mzML,12419.0
57,479.4948,25.834,UHM43-10851.mzML,13970.0
58,481.5103,27.709904,UHM125-22432.mzML,14921.0
59,869.3751,22.6205,UHM36-10847.mzML,11972.0
60,832.5347,14.29459,UHM102-10855.mzML,7494.0
61,878.5253,16.136295,BE3.mzML,8462.0
64,304.301,11.624,UHM20-10843.mzML,5994.0
65,537.5366,26.594,UHM20-10843.mzML,14245.0
66,760.5867,22.6345,UHM72-22470.mzML,12363.0
71,931.9656,25.542078,UHM45-10853.mzML,13786.0
72,885.3698,20.634,UHM36-10847.mzML,10888.0
73,734.5735,19.8895,BE3.mzML,10880.0
74,494.5666,22.559098,UHM38-22420.mzML,12011.0
77,734.57,19.5245,BE1.mzML,10866.0
78,905.9492,25.688873,UHM145-22424.mzML,13978.0
80,758.2225,27.469,UHM102-22454.mzML,14809.0
81,381.4215,16.755997,UHM22-22456.mzML,8671.0
85,589.3979,26.418,UHM18-10842.mzML,13948.0
86,788.6181,23.736,UHM56-10854.mzML,12909.0
87,398.2425,9.911,UHM45-10853.mzML,5235.0
90,358.3688,13.463,UHM17-22401.mzML,6924.0
92,621.3112,20.897,UHM17-10841.mzML,11106.0
93,760.5862,23.759893,UHM45-22434.mzML,12755.0
94,768.5962,23.994,UHM125-22432.mzML,12889.0
95,832.2408,26.651,UHM27-10844.mzML,14055.0
96,522.5978,24.812,UHM38-22420.mzML,13158.0
98,682.7014,18.911,UHM20-22444.mzML,9846.0
99,856.5428,16.136,BE3.mzML,8465.0
101,852.5108,6.1755,UHM22-22460.mzML,3136.0
102,786.6017,22.617,UHM145-22426.mzML,12159.0
103,708.5114,26.827,UHM17-22403.mzML,14455.0
104,679.5399,19.140473,UHM56-22416.mzML,10276.0
108,393.286,9.9165,UHM36-10847.mzML,5046.0
110,411.3629,23.263,UHM31-22462.mzML,12201.0
111,256.2644,15.917,UHM72-22446.mzML,8419.0
113,398.3463,7.705821,UHM56-22416.mzML,4119.0
114,565.5672,22.884,UHM38-10848.mzML,11996.0
116,773.4948,9.911,UHM36-10847.mzML,5031.0
119,437.1942,10.6237,BE3.mzML,5454.0
125,332.332,13.182,UHM20-10843.mzML,6858.0
126,906.2601,27.192455,UHM31-22462.mzML,14361.0
127,313.3212,17.072,UHM56-10854.mzML,8828.0
128,786.601,23.766,UHM145-22426.mzML,12726.0
130,536.438,26.418,UHM17-22401.mzML,14132.0
131,382.4243,16.553973,UHM145-22424.mzML,9163.0
133,868.5061,6.116,UHM145-22426.mzML,3093.0
134,281.0511,24.636,UHM17-10841.mzML,13153.0
136,413.3784,24.725093,UHM17-22403.mzML,13319.0
138,507.5252,27.443927,UHM43-10851.mzML,14850.0
139,413.3929,22.65,UHM22-22458.mzML,11912.0
140,372.2443,10.418,UHM20-22442.mzML,5156.0
141,353.3912,15.3765,UHM22-22456.mzML,7906.0
142,409.4528,17.918,UHM56-22416.mzML,9707.0
143,624.6294,26.448,UHM43-10851.mzML,14275.0
144,409.453,18.123,UHM22-22456.mzML,9391.0
145,884.6077,21.014,UHM31-10845.mzML,11074.0
146,556.5305,23.03,UHM43-10851.mzML,12430.0
147,519.1387,24.636,UHM17-10841.mzML,13156.0
148,907.2609,27.17891,UHM31-22462.mzML,14861.0
149,507.5256,27.703582,UHM43-10851.mzML,14994.0
151,637.3075,18.093,UHM17-22401.mzML,9469.0
152,931.9645,25.776029,UHM43-10851.mzML,13942.0
154,548.5402,27.236,UHM145-22424.mzML,14809.0
155,288.2903,9.732,UHM20-10843.mzML,4989.0
156,690.5074,23.147,UHM56-22416.mzML,12511.0
157,355.07,26.534,UHM17-10841.mzML,14190.0
158,788.6175,28.232086,UHM102-22450.mzML,15040.0
160,813.6851,23.76,UHM72-22448.mzML,12512.0
163,908.2595,27.236,UHM22-22456.mzML,14427.0
164,872.6463,22.6505,UHM125-22432.mzML,12182.0
168,734.5696,21.488812,UHM145-22426.mzML,11341.0
169,630.6189,22.971779,Blank-withIS_1.mzML,12316.0
170,548.5411,22.65,UHM56-22416.mzML,12301.0
172,1253.7463,20.634,UHM36-10847.mzML,10890.0
174,520.5089,21.014,UHM56-22416.mzML,11400.0
176,284.2955,18.064612,UHM36-10847.mzML,9487.0
177,503.1077,24.636,UHM17-10841.mzML,13159.0
179,441.4251,23.964914,UHM56-22416.mzML,13004.0
180,868.7698,27.835716,UHM40-22410.mzML,14840.0
182,397.3474,23.147,UHM17-22403.mzML,12452.0
183,788.6171,22.855,UHM56-10854.mzML,11965.0
184,938.6548,23.761,UHM43-10851.mzML,12806.0
185,988.0274,27.44,UHM43-10851.mzML,14835.0
187,358.23,9.648,UHM20-22442.mzML,4792.0
188,564.6187,24.138914,UHM145-22424.mzML,13209.0
189,429.3736,22.679472,UHM17-22403.mzML,12190.0
191,520.5085,25.191957,UHM145-22424.mzML,13689.0
193,832.2413,26.886,UHM56-10854.mzML,14141.0
194,924.2701,26.33,BE1.mzML,14028.0
195,844.6148,21.014,UHM125-22432.mzML,11251.0
198,716.5233,23.73,UHM56-22416.mzML,12820.0
199,734.5704,22.6315,UHM72-22470.mzML,12059.0
201,957.9801,25.570663,UHM20-10843.mzML,13641.0
204,751.5127,9.9115,UHM36-10847.mzML,5033.0
206,400.3568,8.007682,UHM31-22464.mzML,4220.0
208,507.2718,15.742,UHM45-22434.mzML,8114.0
210,466.5353,21.247082,UHM145-22424.mzML,11532.0
212,538.5202,19.145819,UHM56-22416.mzML,10360.0
213,659.2878,17.859,BE3.mzML,9404.0
216,925.2709,26.33,BE2.mzML,14025.0
218,592.6502,26.622,UHM145-22424.mzML,14537.0
219,998.2888,27.616,UHM20-10843.mzML,14758.0
220,906.2597,27.794285,UHM45-22436.mzML,14912.0
222,813.6843,28.252973,UHM72-22448.mzML,14957.0
223,269.2959,9.594,UHM145-22424.mzML,5146.0
224,610.6138,26.068,UHM44-10852.mzML,13765.0
225,886.6257,21.657,UHM125-22432.mzML,11600.0
226,330.3021,11.431924,UHM56-22416.mzML,6122.0
229,665.5325,25.161329,UHM145-22424.mzML,13657.0
233,1018.0744,24.821804,UHM45-22436.mzML,13292.0
234,643.2926,20.897,UHM17-10841.mzML,11121.0
237,292.2025,9.920671,UHM38-10848.mzML,4924.0
238,654.3322,17.86,UHM17-22401.mzML,9325.0
239,537.5712,24.811932,UHM27-10844.mzML,13014.0
240,842.5995,20.459,UHM56-22416.mzML,11065.0
242,690.5074,23.731,UHM56-22416.mzML,12853.0
244,382.441,16.90084,UHM56-22416.mzML,9143.0
245,884.7642,22.589146,UHM40-22410.mzML,12478.0
247,1802.2882,22.665,UHM31-10845.mzML,11987.0
251,813.6852,22.616,UHM72-22448.mzML,11883.0
253,907.2607,27.764062,UHM72-22446.mzML,15108.0
254,469.4554,25.8645,UHM56-22416.mzML,14073.0
255,437.4835,19.419135,UHM22-22456.mzML,10127.0
259,870.6305,22.124285,UHM56-22416.mzML,12028.0
260,776.2322,22.913,UHM20-10843.mzML,12180.0
262,607.3904,26.827,UHM17-10841.mzML,14353.0
264,369.3474,22.942,UHM145-22424.mzML,12446.0
265,282.2794,26.594,UHM20-10843.mzML,14213.0
267,509.5407,25.994,UHM145-22424.mzML,13810.0
268,1072.3083,26.535,UHM17-22403.mzML,14296.0
269,907.351,20.635,UHM36-10847.mzML,10892.0
270,706.4552,6.332594,UHM17-22403.mzML,3264.0
271,834.2404,26.7385,UHM45-22436.mzML,14457.0
272,485.2915,15.753094,UHM22-22460.mzML,8284.0
275,906.2594,27.528,UHM125-22430.mzML,14595.0
276,602.5869,24.110343,UHM31-22464.mzML,13045.0
278,850.2515,24.439644,UHM20-10843.mzML,13015.0
280,647.4594,26.534,Blank-withIS_3.mzML,14208.0
281,665.5322,25.542,UHM145-22424.mzML,13900.0
285,898.5889,19.933,UHM56-22416.mzML,10793.0
287,452.4826,27.208,BE1.mzML,14507.0
290,382.4243,16.760129,UHM31-10845.mzML,8840.0
291,385.3114,8.114201,UHM145-22424.mzML,4334.0
292,536.5881,22.387,UHM145-22424.mzML,12179.0
295,980.2783,26.359,UHM40-10849.mzML,13913.0
296,716.5231,23.292,UHM145-22424.mzML,12624.0
298,1295.5859,17.859,UHM145-22424.mzML,9650.0
300,702.2139,21.686,UHM20-10843.mzML,11506.0
301,284.236,11.073066,UHM18-10842.mzML,5562.0
302,536.5765,27.616,UHM31-22464.mzML,14948.0
305,940.6701,24.547629,UHM125-22432.mzML,13193.0
306,782.5675,22.648,UHM145-22426.mzML,12303.0
307,536.3267,8.114,UHM145-22424.mzML,4332.0
308,411.4313,22.67889,UHM36-22408.mzML,12024.0
311,313.3217,17.333706,UHM145-22424.mzML,9371.0
314,537.4411,26.447235,UHM17-22401.mzML,14746.0
317,789.6204,28.214649,Blank-withIS_3.mzML,15389.0
318,368.4265,17.947,UHM102-22450.mzML,9362.0
319,774.6015,28.210989,BE1.mzML,15004.0
320,508.5567,21.131,UHM145-22424.mzML,11500.0
322,677.5084,23.672,UHM56-22416.mzML,12773.0
323,415.0367,24.620093,UHM17-10841.mzML,13146.0
324,980.2791,26.71,UHM41-22466.mzML,14093.0
326,410.4722,18.278966,UHM38-22420.mzML,9723.0
328,441.1899,8.173,UHM43-10851.mzML,4274.0
330,568.5653,28.15925,UHM125-22432.mzML,15161.0
333,396.3244,7.522815,UHM56-22416.mzML,4091.0
335,518.493,24.235767,UHM145-22424.mzML,13164.0
336,980.2777,27.82631,UHM125-22432.mzML,14941.0
337,862.625,21.014,UHM56-22416.mzML,11392.0
339,750.5855,23.85569,UHM56-22416.mzML,12955.0
341,871.5737,26.681,UHM40-10849.mzML,14205.0
342,403.3217,8.115,UHM145-22424.mzML,4336.0
345,675.4918,22.767,UHM38-22420.mzML,12180.0
348,882.5915,20.459,UHM56-22416.mzML,11084.0
349,451.4627,23.585,UHM20-10843.mzML,12566.0
350,396.3266,21.598,UHM18-10842.mzML,11300.0
351,693.5635,26.9875,UHM145-22424.mzML,14636.0
352,980.2779,27.1195,UHM31-22464.mzML,14648.0
353,281.0512,26.5205,UHM17-10841.mzML,14193.0
354,546.5244,26.36,UHM45-22436.mzML,14091.0
355,718.5763,18.473,BE3.mzML,10035.0
356,988.0278,27.703696,UHM43-10851.mzML,14985.0
358,430.3806,24.484628,UHM20-10843.mzML,13036.0
360,581.2429,17.86,UHM56-22416.mzML,9658.0
362,679.4208,17.363,UHM17-22401.mzML,9084.0
363,1078.7032,12.381,UHM17-22403.mzML,6554.0
366,703.5757,21.54,UHM56-22416.mzML,11737.0
368,550.6289,26.067,UHM36-22408.mzML,13923.0
372,605.3157,23.794,UHM17-10841.mzML,12705.0
374,535.5566,26.038,UHM20-10843.mzML,14210.0
375,330.3371,11.993,UHM20-22444.mzML,6071.0
376,734.5703,23.76,UHM17-22403.mzML,12744.0
379,429.0885,27.860956,UHM17-10841.mzML,14929.0
384,957.98,25.833801,UHM43-10851.mzML,13990.0
385,746.6065,22.65,UHM20-22442.mzML,11890.0
389,549.4879,23.142233,UHM56-22416.mzML,12514.0
390,856.6514,24.461,UHM145-22424.mzML,13292.0
391,499.1945,4.262,UHM56-22416.mzML,2204.0
392,691.5478,25.572286,UHM145-22424.mzML,13954.0
393,576.5718,24.2086,UHM40-22410.mzML,12774.0
394,663.4922,22.825,UHM56-22416.mzML,12380.0
396,1054.2969,27.136303,UHM45-10853.mzML,14649.0
398,1273.6039,17.86,UHM17-22401.mzML,9341.0
399,772.6227,23.7595,UHM102-22450.mzML,12672.0
401,385.2453,20.984,UHM18-10842.mzML,10948.0
402,399.1292,1.604693,UHM145-22424.mzML,786.0
403,399.3623,23.819213,UHM125-22432.mzML,12779.0
404,288.2895,9.438,UHM20-10843.mzML,4807.0
405,483.1994,9.7305,UHM56-22416.mzML,5207.0
408,341.3059,23.848812,UHM125-22428.mzML,12595.0
409,399.3492,7.705483,UHM22-22460.mzML,3857.0
410,746.5724,18.356,BE3.mzML,9917.0
411,577.1264,26.513,UHM17-10841.mzML,14177.0
412,409.1363,4.1,UHM56-22416.mzML,2108.0
413,1055.2975,27.763264,UHM18-10842.mzML,14697.0
414,290.2701,9.146,BE3.mzML,4661.0
415,313.2853,7.614,UHM145-22424.mzML,4064.0
418,1296.5884,17.859,UHM145-22424.mzML,9666.0
419,409.1761,10.373,UHM125-22432.mzML,5405.0
422,1054.2966,27.820676,UHM45-10853.mzML,15054.0
423,584.5612,26.973,UHM45-10853.mzML,14554.0
424,882.6635,24.52,UHM102-22454.mzML,13191.0
425,559.5178,26.6,UHM20-10843.mzML,14232.0
428,423.4311,22.443809,UHM45-10853.mzML,12103.0
430,760.5851,24.518643,UHM56-22414.mzML,13308.0
433,536.3263,6.865154,UHM56-22416.mzML,3611.0
434,612.1646,22.329,UHM17-10841.mzML,11886.0
435,1146.3276,27.09,UHM22-22458.mzML,14319.0
436,768.5905,19.83817,UHM56-10854.mzML,10413.0
438,377.1463,1.609607,UHM145-22424.mzML,754.0
441,665.5253,18.414486,UHM56-22416.mzML,9961.0
442,1087.691,19.992119,UHM18-22438.mzML,10458.0
443,385.3111,6.867,UHM56-22416.mzML,3626.0
444,501.356,12.91,UHM56-22416.mzML,6951.0
445,891.3561,22.621,UHM43-10851.mzML,12203.0
446,584.5607,23.994,UHM125-22432.mzML,12866.0
447,926.6182,21.657,UHM125-22432.mzML,11602.0
453,540.5354,26.038,UHM56-22416.mzML,14140.0
454,756.5541,22.61925,UHM145-22426.mzML,12122.0
455,795.6285,27.1775,Blank-withIS_2.mzML,14571.0
456,760.5862,28.226536,Blank-withIS_1.mzML,15167.0
457,467.4935,26.36,UHM56-22416.mzML,14329.0
463,316.3214,11.25451,UHM20-10843.mzML,5802.0
465,451.4625,23.79,UHM31-10845.mzML,12582.0
466,437.1934,11.935644,Blank-withIS_3.mzML,6342.0
467,890.6565,22.651,UHM56-22416.mzML,12294.0
468,782.5674,23.758894,UHM145-22426.mzML,12712.0
469,437.1956,11.201451,UHM17-22403.mzML,5912.0
470,746.6111,23.994,UHM125-22432.mzML,12896.0
471,746.6063,23.759893,UHM18-22440.mzML,12571.0
474,587.5487,22.890596,UHM38-10848.mzML,11950.0
477,856.5766,19.203762,UHM125-22432.mzML,10242.0
478,455.3346,14.222415,UHM145-22424.mzML,7674.0
481,403.3221,6.869523,UHM56-22416.mzML,3623.0
482,535.5565,25.12479,UHM17-10841.mzML,13447.0
483,706.451,6.204057,UHM145-22426.mzML,3142.0
485,813.6842,25.579282,UHM72-22448.mzML,13539.0
486,439.4632,24.255155,UHM43-10851.mzML,13090.0
487,400.3598,7.894535,UHM145-22426.mzML,4052.0
490,746.5714,17.918,UHM31-22464.mzML,9864.0
491,395.3312,22.475,UHM17-22403.mzML,12058.0
494,669.3336,17.567,BE3.mzML,9245.0
495,520.3347,3.581,UHM145-22424.mzML,1830.0
496,312.3264,20.487309,UHM18-10842.mzML,10708.0
497,1746.2252,21.014,UHM125-22432.mzML,11257.0
499,531.2761,17.48,UHM17-10841.mzML,9246.0
500,541.2036,5.51815,UHM56-22416.mzML,2887.0
502,693.5558,20.167,UHM56-22416.mzML,10905.0
504,858.5966,19.928228,UHM56-22416.mzML,10809.0
506,397.3491,22.444288,UHM18-22440.mzML,11902.0
507,628.1959,20.138,UHM20-10843.mzML,10675.0
509,409.1378,3.742,UHM56-22416.mzML,1919.0
513,756.5549,19.817,BE3.mzML,11041.0
515,564.3607,3.9375,UHM145-22424.mzML,2036.0
519,724.5695,22.708,UHM145-22424.mzML,12347.0
520,575.5038,23.716846,UHM56-22416.mzML,12890.0
522,799.5334,22.592,UHM145-22424.mzML,12252.0
523,591.1958,5.933,UHM56-22416.mzML,3143.0
524,492.4781,23.234,UHM145-22424.mzML,12610.0
528,752.6007,24.519877,UHM45-10853.mzML,13223.0
529,583.2567,9.029,UHM43-10851.mzML,4767.0
530,835.6672,28.481964,UHM72-22448.mzML,15084.0
531,725.3299,12.276,UHM56-22416.mzML,6602.0
532,383.2051,13.843,UHM145-22422.mzML,7062.0
533,748.5857,28.203757,BE1.mzML,15260.0
534,565.6219,24.169,UHM36-22408.mzML,12777.0
535,693.554,20.372,UHM102-22454.mzML,10938.0
536,873.569,16.135785,BE3.mzML,8468.0
537,760.5853,22.884,UHM17-22403.mzML,12470.0
538,875.9014,23.585,UHM20-10843.mzML,12557.0
539,533.2816,15.8,UHM31-22464.mzML,8470.0
542,782.5665,21.545297,UHM145-22426.mzML,11815.0
550,796.6337,27.177,UHM41-10850.mzML,14459.0
551,280.2636,15.099,UHM102-22454.mzML,8041.0
553,718.5735,20.108,UHM145-22426.mzML,11011.0
554,980.278,27.5425,UHM31-22464.mzML,14908.0
557,285.2912,15.184473,UHM31-10845.mzML,7864.0
561,801.549,23.643,UHM56-22416.mzML,12837.0
562,782.5714,21.862,UHM102-10855.mzML,11675.0
563,628.4573,10.6445,UHM56-22416.mzML,5709.0
564,355.0697,27.883633,UHM17-10841.mzML,14932.0
568,383.4023,21.305186,UHM45-10853.mzML,11460.0
572,562.519,25.045,UHM145-22424.mzML,13596.0
574,551.329,26.827,UHM17-22401.mzML,14242.0
576,628.6027,24.743995,UHM31-22464.mzML,13365.0
577,341.0175,27.883204,UHM17-10841.mzML,14913.0
578,467.3138,14.106,UHM56-22416.mzML,7607.0
580,368.3884,21.919,UHM31-10845.mzML,11541.0
581,427.3062,12.508,UHM145-22424.mzML,6730.0
583,834.6013,18.619,BE3.mzML,9889.0
584,810.5988,23.705,UHM56-10854.mzML,12483.0
589,939.5965,21.978,Blank-withIS_3.mzML,11702.0
590,570.5458,24.1988,UHM45-10853.mzML,13047.0
591,485.2162,4.907944,UHM36-10847.mzML,2416.0
594,1494.1475,20.532053,UHM31-22464.mzML,11906.0
595,537.5361,26.944,UHM145-22424.mzML,14640.0
596,962.0118,25.249266,UHM45-22436.mzML,13493.0
603,398.3429,8.174827,UHM31-22464.mzML,4211.0
604,484.4357,17.275,UHM56-22416.mzML,9351.0
605,934.6404,21.978,UHM18-10842.mzML,11510.0
607,1106.7448,21.744,UHM125-22432.mzML,11623.0
612,549.488,23.732,UHM56-22416.mzML,12857.0
613,788.2319,27.002,UHM17-10841.mzML,14481.0
614,663.5175,23.731,UHM145-22424.mzML,12836.0
615,664.4941,22.855334,UHM56-22416.mzML,12280.0
616,371.1017,20.138,BE2.mzML,10618.0
617,512.4674,18.707,UHM56-22416.mzML,10136.0
618,369.3472,16.292861,UHM145-22424.mzML,8794.0
621,1055.298,26.695,UHM22-22458.mzML,13938.0
623,756.5513,18.794,UHM31-22464.mzML,10136.0
628,476.3083,3.03611,UHM17-22403.mzML,1501.0
629,1128.3164,27.791386,UHM102-10855.mzML,14888.0
630,1054.2972,26.7245,UHM22-22460.mzML,14268.0
631,675.544,19.203762,UHM56-22416.mzML,10380.0
632,630.6187,23.76,UHM56-10854.mzML,12512.0
633,357.3293,20.488,UHM31-10845.mzML,10760.0
635,688.4954,21.401114,UHM56-22416.mzML,11625.0
638,670.6106,22.9125,Blank-withIS_1.mzML,12305.0
640,465.5132,20.663307,UHM145-22424.mzML,11522.0
642,835.6681,19.875,UHM43-10851.mzML,10653.0
645,266.9994,26.51,UHM17-10841.mzML,14197.0
646,371.1015,18.269,BE3.mzML,9634.0
649,989.6884,20.897,UHM43-10851.mzML,11254.0
651,462.3671,14.213,UHM40-22412.mzML,7248.0
653,640.6246,26.447,UHM45-22436.mzML,14140.0
659,481.292,16.555025,UHM145-22424.mzML,8942.0
660,675.6756,20.313,UHM20-22444.mzML,10624.0
662,786.6012,28.229094,UHM145-22426.mzML,15173.0
663,321.315,20.313,UHM20-22444.mzML,10654.0
664,840.6525,26.389,UHM145-22424.mzML,14365.0
668,600.1957,5.708008,UHM56-22416.mzML,2999.0
671,438.5034,19.582726,UHM38-22420.mzML,10414.0
672,683.3189,11.006,UHM102-10855.mzML,5684.0
673,810.5983,28.331452,UHM56-10854.mzML,15004.0
674,611.5403,19.116,UHM22-22460.mzML,10112.0
675,902.619,19.963392,UHM125-22428.mzML,10532.0
677,501.3553,12.719366,UHM56-22416.mzML,6839.0
679,707.5698,21.073,UHM56-22416.mzML,11513.0
681,310.3116,18.436132,UHM72-22446.mzML,9763.0
683,701.5206,19.14583,UHM56-22416.mzML,10350.0
685,391.3305,16.266637,UHM145-22424.mzML,8768.0
686,453.1671,10.632618,UHM40-22412.mzML,5333.0
687,1128.3157,27.089,UHM102-10855.mzML,14501.0
688,981.2787,27.970299,UHM20-22444.mzML,14760.0
692,914.6548,23.321751,UHM56-22416.mzML,12675.0
693,1104.7211,12.625316,UHM56-22416.mzML,6791.0
695,429.3879,18.678,UHM56-22416.mzML,10139.0
697,466.5337,20.809429,UHM38-22420.mzML,11089.0
698,520.5082,25.629354,UHM145-22424.mzML,13893.0
699,641.5099,22.825,UHM56-22416.mzML,12383.0
700,637.5013,23.556,UHM145-22424.mzML,12853.0
701,355.0704,20.138,UHM20-10843.mzML,10677.0
703,423.4308,22.27,UHM56-10854.mzML,11666.0
704,1106.735,13.405,UHM17-22403.mzML,7112.0
705,625.5516,19.641,UHM22-22460.mzML,10429.0
706,480.5132,24.37796,UHM38-22418.mzML,12777.0
707,738.5042,23.730166,UHM72-22470.mzML,12691.0
709,788.6171,25.587359,UHM102-22450.mzML,13590.0
711,477.4784,24.111151,UHM43-10851.mzML,13093.0
714,355.0702,18.269,BE3.mzML,9632.0
715,538.5748,24.784543,UHM17-22403.mzML,13603.0
716,387.1938,10.373,UHM125-22432.mzML,5421.0
717,549.1844,4.816,UHM17-10841.mzML,2398.0
718,542.5147,22.532064,UHM56-22416.mzML,12206.0
719,270.3166,13.724484,UHM56-22416.mzML,7399.0
720,400.985,26.534,UHM17-10841.mzML,14199.0
723,556.5307,23.760864,UHM45-22436.mzML,12676.0
724,744.5887,20.897,UHM145-22426.mzML,11443.0
726,656.6178,26.389,UHM145-22424.mzML,14352.0
727,760.585,25.6,UHM17-22403.mzML,13761.0
728,788.6172,22.6195,UHM40-10849.mzML,11835.0
729,812.6165,28.20279,UHM31-22464.mzML,15256.0
731,340.3503,20.4,UHM31-10845.mzML,10722.0
732,914.4301,22.592,UHM17-10841.mzML,12051.0
733,537.5801,27.616,UHM31-22464.mzML,14701.0
735,349.3225,12.1375,UHM56-22416.mzML,6522.0
736,415.2119,11.207503,UHM17-22401.mzML,5718.0
738,455.3333,17.217042,Blank-withIS_2.mzML,9131.0
739,785.653,28.257875,UHM31-22464.mzML,15285.0
740,340.3576,21.89,UHM20-22444.mzML,11489.0
741,746.6063,21.830667,UHM20-22442.mzML,11426.0
744,593.1938,5.933,UHM40-22410.mzML,2861.0
745,663.4911,22.971224,UHM45-10853.mzML,12378.0
747,284.3318,13.064,UHM125-22430.mzML,6657.0
749,339.3356,12.034113,UHM145-22424.mzML,6458.0
751,628.3747,27.93415,BE2.mzML,14890.0
752,928.6136,22.650999,UHM56-22416.mzML,12316.0
753,834.6789,22.621,UHM31-22464.mzML,12273.0
755,810.5992,19.816631,UHM72-22448.mzML,10362.0
756,570.5471,23.946496,UHM56-22416.mzML,13007.0
757,718.5748,21.208886,UHM72-22470.mzML,12100.0
758,734.5705,23.205,UHM45-22434.mzML,12217.0
760,780.5526,17.947,UHM102-10855.mzML,9523.0
761,1194.8184,25.835,UHM38-10848.mzML,13633.0
762,691.3156,17.567,BE3.mzML,9247.0
763,632.6346,27.119,UHM33-10846.mzML,14294.0
765,1594.8762,17.947,UHM43-10851.mzML,9649.0
766,575.5032,23.264,UHM56-22416.mzML,12600.0
767,358.334,12.863865,UHM56-22416.mzML,6938.0
768,1391.7921,18.415,UHM45-10853.mzML,9910.0
769,1433.8029,19.232476,UHM145-22424.mzML,10413.0
770,894.5024,15.289,UHM36-22408.mzML,7960.0
772,489.0549,26.5235,UHM17-10841.mzML,14202.0
773,564.4973,22.591005,UHM125-22432.mzML,12075.0
774,416.3544,5.9305,UHM31-22464.mzML,3082.0
775,363.3344,18.911,UHM45-22436.mzML,10032.0
777,772.5858,18.823,BE3.mzML,10499.0
778,1076.6866,11.843,UHM17-22403.mzML,6264.0
779,633.2068,7.050615,UHM56-22416.mzML,3751.0
781,668.6545,27.09,UHM145-22424.mzML,14787.0
784,744.5906,21.861,UHM102-22452.mzML,11612.0
785,360.3622,14.704511,UHM20-10843.mzML,7681.0
790,702.5069,22.6195,UHM145-22424.mzML,12269.0
791,1263.5941,20.8975,UHM17-10841.mzML,11125.0
792,768.5878,21.51,UHM56-10854.mzML,11149.0
794,954.6486,23.731,UHM31-22464.mzML,12798.0
797,1160.7903,23.175974,UHM125-22432.mzML,12427.0
800,870.6636,25.660023,UHM56-22416.mzML,13936.0
803,525.2845,12.565833,UHM43-10851.mzML,6686.0
804,782.5671,28.394032,BE3.mzML,15200.0
805,596.5984,23.613,UHM43-10851.mzML,12744.0
808,576.5715,24.578,UHM56-22416.mzML,13317.0
809,898.6617,23.77,UHM43-10851.mzML,12830.0
811,788.6203,24.52,UHM102-22450.mzML,13369.0
815,744.5891,21.217,UHM102-10855.mzML,11589.0
817,616.6022,26.9145,UHM31-22464.mzML,14558.0
819,605.5508,28.257488,UHM102-22450.mzML,15110.0
821,508.5453,23.937,UHM36-22408.mzML,13230.0
825,648.629,22.942,Blank-withIS_1.mzML,12370.0
826,762.6016,28.231015,UHM102-22450.mzML,15059.0
827,341.0178,24.607,UHM17-10841.mzML,13178.0
828,666.3684,20.898,UHM17-10841.mzML,11127.0
829,813.6859,21.83075,UHM56-22416.mzML,11836.0
831,327.2024,0.956329,UHM18-22440.mzML,471.0
832,813.6847,23.234,UHM33-10846.mzML,11822.0
833,670.611,23.7155,UHM56-10854.mzML,12488.0
834,900.6767,24.578,UHM56-22416.mzML,13329.0
835,269.2957,13.662,UHM56-22416.mzML,7392.0
838,722.5174,19.705307,UHM45-10853.mzML,10580.0
843,285.2909,15.45,UHM31-10845.mzML,7960.0
845,566.5509,22.678526,UHM125-22432.mzML,12153.0
847,808.5839,23.731,UHM145-22426.mzML,12732.0
848,326.9659,24.636,UHM17-10841.mzML,13190.0
849,419.3972,22.007,UHM102-22454.mzML,12050.0
850,768.59,21.2185,UHM17-22401.mzML,11325.0
852,582.5928,26.594,UHM20-10843.mzML,14216.0
855,447.4283,23.6735,UHM145-22424.mzML,12842.0
858,377.3204,22.621,UHM145-22424.mzML,12276.0
859,538.5189,21.014,UHM56-22416.mzML,11393.0
860,712.489,23.730043,UHM56-22416.mzML,12870.0
862,399.1785,6.71144,UHM102-10855.mzML,3370.0
865,524.5056,18.298,UHM56-22416.mzML,9868.0
866,592.5276,24.206856,UHM102-22454.mzML,13031.0
869,568.5667,24.502998,UHM43-10851.mzML,13387.0
871,329.1857,15.274,UHM102-22454.mzML,8143.0
872,415.0365,26.534,UHM17-10841.mzML,14234.0
873,590.5869,26.988,UHM40-22410.mzML,14295.0
874,1084.7637,21.744,UHM125-22432.mzML,11633.0
875,744.5905,22.6055,UHM56-22414.mzML,11890.0
876,670.6111,22.6345,UHM102-22450.mzML,11957.0
878,457.4184,20.459,UHM56-22416.mzML,11038.0
879,522.3251,7.864302,UHM56-22416.mzML,4184.0
881,740.5661,21.217084,UHM72-22470.mzML,11290.0
882,443.3145,8.114112,UHM145-22424.mzML,4314.0
883,344.2127,8.957,UHM20-22442.mzML,4403.0
884,288.1813,0.869374,UHM102-22454.mzML,437.0
887,620.6816,22.504,UHM36-22408.mzML,12054.0
888,835.6664,23.746069,UHM72-22448.mzML,12484.0
890,554.3218,13.551,UHM31-10845.mzML,6970.0
891,414.3374,6.121,UHM56-22416.mzML,3225.0
892,1054.2961,26.242,UHM27-10844.mzML,13879.0
893,391.3655,20.547,UHM145-22422.mzML,10781.0
895,698.6302,27.061,UHM56-22416.mzML,14701.0
896,521.1172,20.927,UHM17-10841.mzML,11138.0
898,782.5668,28.493968,UHM31-22464.mzML,15381.0
899,835.6232,24.680407,UHM40-22410.mzML,13019.0
900,534.4884,23.175,UHM145-22424.mzML,12575.0
902,299.3055,26.594,UHM125-22428.mzML,14102.0
904,534.3121,3.732,UHM31-22464.mzML,1908.0
908,1737.7406,22.592,UHM36-10847.mzML,11978.0
909,335.2203,11.6,BE3.mzML,5992.0
911,760.2004,25.892,UHM17-10841.mzML,13844.0
913,396.4194,23.321,UHM31-10845.mzML,12305.0
914,653.5102,22.767,UHM22-22460.mzML,12134.0
917,584.561,24.972713,UHM56-22416.mzML,13565.0
918,317.1371,9.579066,UHM18-22438.mzML,4753.0
919,704.5219,28.205531,UHM56-22416.mzML,15321.0
920,606.4764,23.117895,UHM22-22460.mzML,12310.0
921,677.433,22.6315,UHM72-22446.mzML,12076.0
922,815.6931,23.767329,UHM22-22456.mzML,12702.0
924,360.2282,14.301,UHM45-10853.mzML,7623.0
925,593.5981,21.8465,UHM36-22406.mzML,11460.0
926,497.4864,27.265,BE1.mzML,14542.0
930,429.373,24.484407,UHM56-22416.mzML,13276.0
932,939.603,22.619,UHM56-22416.mzML,12258.0
934,566.5516,27.234,UHM45-22436.mzML,14597.0
937,281.1377,10.630002,BE3.mzML,5460.0
939,302.187,9.911,UHM20-10843.mzML,5081.0
940,341.3062,18.396993,UHM17-22401.mzML,9628.0
941,508.5556,20.569053,UHM145-22424.mzML,11185.0
942,355.0703,26.302,UHM20-10843.mzML,14053.0
943,988.0276,25.557296,UHM45-22436.mzML,13666.0
944,1405.7726,17.48,UHM145-22424.mzML,9485.0
947,730.5392,21.858334,UHM56-22416.mzML,11855.0
949,1325.8998,26.827,UHM56-22416.mzML,14577.0
950,510.2556,4.101232,UHM38-10848.mzML,1993.0
951,386.2532,6.291,UHM56-22416.mzML,3319.0
952,656.6181,22.972,UHM45-22436.mzML,12216.0
953,780.5519,18.2975,UHM102-10855.mzML,9699.0
954,854.6313,22.648065,UHM102-22454.mzML,12179.0
955,834.2191,27.149,UHM17-10841.mzML,14530.0
958,560.3952,6.117009,UHM125-22432.mzML,3094.0
960,757.3578,10.051,UHM40-22410.mzML,5042.0
962,780.5519,19.845,UHM102-10855.mzML,10548.0
966,497.2161,10.521639,UHM56-22416.mzML,5642.0
968,584.5611,26.007,UHM145-22424.mzML,14159.0
970,636.4622,20.225,UHM56-22416.mzML,10956.0
971,742.5387,23.818066,UHM56-22416.mzML,12965.0
972,1494.1478,20.722,BE3.mzML,11722.0
973,884.7645,22.796,UHM17-22401.mzML,12063.0
975,367.3318,22.942,UHM145-22424.mzML,12455.0
976,385.3629,21.887,UHM20-10843.mzML,11621.0
978,413.3943,23.05175,UHM31-10845.mzML,12181.0
979,310.3105,22.84,UHM38-10848.mzML,11982.0
981,875.9027,23.786383,UHM43-10851.mzML,12836.0
982,808.5829,22.65,UHM145-22426.mzML,12119.0
984,281.0503,27.504167,UHM102-22454.mzML,14836.0
986,369.3476,22.767,BE2.mzML,12055.0
988,611.3654,22.885318,UHM18-10842.mzML,12014.0
990,418.1712,5.367758,UHM56-22416.mzML,2807.0
992,608.3878,4.221,UHM17-22403.mzML,2121.0
994,551.1826,4.8115,UHM102-22450.mzML,2371.0
995,746.6058,28.222713,UHM17-22401.mzML,14992.0
996,894.4982,16.136236,BE3.mzML,8450.0
998,487.2982,18.181,UHM18-10842.mzML,9396.0
999,490.2888,3.252,UHM31-22464.mzML,1677.0
1000,523.2458,15.742,UHM45-22434.mzML,8101.0
1002,1644.1844,21.014,UHM31-22464.mzML,11337.0
1004,1332.7771,19.992119,UHM145-22424.mzML,10829.0
1005,910.6224,22.151525,UHM56-22416.mzML,11996.0
1012,590.5503,27.061,UHM145-22424.mzML,14688.0
1015,704.5229,25.211036,UHM56-22416.mzML,13648.0
1016,772.621,22.621,UHM56-10854.mzML,11827.0
1017,907.7808,27.74812,UHM40-22410.mzML,14671.0
1019,901.5865,22.619,UHM56-22416.mzML,12262.0
1020,409.1375,4.504,UHM56-22416.mzML,2348.0
1029,807.6383,28.477653,UHM31-22464.mzML,15400.0
1031,721.5056,26.827,UHM72-22446.mzML,14381.0
1032,585.4309,18.619,UHM56-22416.mzML,10072.0
1037,788.6157,25.104714,UHM17-22401.mzML,13311.0
1038,558.4852,24.235239,UHM145-22424.mzML,13170.0
1039,697.5244,19.263498,UHM102-22454.mzML,10332.0
1040,539.2618,12.889,UHM43-10851.mzML,6859.0
1041,794.6038,21.043,UHM145-22426.mzML,10883.0
1042,454.2925,12.293,UHM56-22416.mzML,6618.0
1043,567.2914,14.210374,UHM43-10851.mzML,7563.0
1044,671.3806,17.48,UHM17-22401.mzML,9119.0
1045,794.6059,21.394,UHM102-10855.mzML,11066.0
1047,576.5048,23.739,UHM36-10847.mzML,12480.0
1048,451.1652,9.305851,UHM145-22426.mzML,4815.0
1050,780.5502,17.538,UHM102-22452.mzML,9368.0
1051,432.2823,2.121842,UHM145-22424.mzML,1076.0
1052,542.5143,22.329,UHM56-22416.mzML,12097.0
1053,772.586,21.071,UHM102-10855.mzML,11223.0
1054,736.5421,26.827,UHM38-22418.mzML,14117.0
1055,679.5485,26.097,UHM56-22416.mzML,14101.0
1059,786.6522,28.251167,UHM31-22464.mzML,15288.0
1062,552.5363,20.167,UHM56-22416.mzML,10959.0
1063,797.94,17.947,UHM145-22424.mzML,9711.0
1065,459.3034,20.985,UHM72-22448.mzML,10988.0
1067,552.5364,20.4,UHM45-10853.mzML,10967.0
1068,265.2536,16.458261,UHM72-22446.mzML,8694.0
1070,812.6206,24.06361,UHM145-22424.mzML,13069.0
1071,655.5244,23.526,UHM56-22416.mzML,12779.0
1072,620.4908,23.526,UHM38-22420.mzML,12552.0
1073,371.1011,21.686,UHM20-10843.mzML,11512.0
1074,503.1074,27.4845,UHM102-22454.mzML,14785.0
1075,746.5733,28.218705,BE1.mzML,15055.0
1077,761.5876,28.230608,Blank-withIS_1.mzML,15474.0
1078,654.3334,18.093,UHM17-22401.mzML,9475.0
1079,560.5016,25.201962,UHM45-22436.mzML,13460.0
1086,355.0695,22.913,UHM20-10843.mzML,12188.0
1087,371.2289,1.401378,UHM18-22440.mzML,666.0
1088,568.3364,14.387021,UHM56-22416.mzML,7757.0
1090,565.2479,20.897,UHM18-10842.mzML,10928.0
1091,592.5288,23.940087,UHM56-22416.mzML,13029.0
1093,347.2314,6.9805,UHM102-22454.mzML,3610.0
1094,788.9359,17.947,UHM56-22416.mzML,9746.0
1096,786.5997,25.597726,UHM102-22452.mzML,13823.0
1097,790.6234,28.232529,UHM17-22401.mzML,15330.0
1098,393.0864,17.86,UHM56-22416.mzML,9664.0
1099,367.3004,8.107835,UHM145-22424.mzML,4317.0
1102,780.5492,18.765057,UHM145-22426.mzML,9757.0
1110,769.5753,18.386515,UHM18-22438.mzML,9679.0
1111,806.5673,19.831262,UHM145-22426.mzML,10579.0
1113,926.6534,23.643,UHM43-10851.mzML,12762.0
1115,444.2978,6.924847,UHM56-22416.mzML,3677.0
1117,810.5969,19.291,UHM72-22448.mzML,10093.0
1118,651.1442,27.854948,UHM17-10841.mzML,14917.0
1119,714.2131,25.48478,UHM17-10841.mzML,13593.0
1120,666.6398,26.447,UHM41-10850.mzML,14011.0
1121,563.5204,25.024973,UHM38-22418.mzML,13173.0
1123,635.2036,7.04466,UHM20-22442.mzML,3511.0
1125,712.4887,23.131583,UHM145-22424.mzML,12582.0
1126,550.6281,26.272,UHM45-10853.mzML,14202.0
1127,355.0696,21.686,UHM20-10843.mzML,11509.0
1129,369.3155,9.289518,UHM145-22424.mzML,4955.0
1130,316.3211,10.988,UHM36-10847.mzML,5623.0
1134,1791.7095,20.634,UHM18-10842.mzML,10764.0
1136,638.215,26.5065,UHM17-10841.mzML,14167.0
1138,658.6488,26.9875,UHM72-22448.mzML,14259.0
1140,314.3433,13.565,UHM20-22444.mzML,6930.0
1142,424.4509,25.279524,UHM31-10845.mzML,13404.0
1143,702.5428,20.750192,UHM102-10855.mzML,11528.0
1145,712.2335,27.884561,UHM17-10841.mzML,15034.0
1147,401.3615,8.027,UHM18-22440.mzML,3999.0
1148,397.3277,7.522796,UHM22-22460.mzML,3965.0
1151,901.3449,21.860363,UHM20-10843.mzML,11610.0
1153,868.6848,22.623,UHM45-22436.mzML,12044.0
1154,454.3674,22.623,UHM145-22424.mzML,12282.0
1156,722.5543,22.593594,UHM56-22416.mzML,12229.0
1158,288.2883,9.171206,BE3.mzML,4693.0
1159,704.5228,25.597687,UHM56-22416.mzML,13888.0
1160,708.4005,19.232755,UHM45-10853.mzML,10318.0
1161,1115.7152,21.803,UHM102-22452.mzML,11725.0
1162,447.4284,23.38,UHM43-10851.mzML,12772.0
1166,746.5706,24.869472,UHM145-22426.mzML,13320.0
1168,686.1817,23.556,UHM17-10841.mzML,12583.0
1169,711.5045,17.743,UHM45-10853.mzML,9492.0
1170,625.6351,17.071396,UHM31-10845.mzML,8898.0
1171,917.6348,11.844505,UHM56-22416.mzML,6376.0
1172,282.2795,22.828226,UHM18-10842.mzML,11976.0
1173,637.5009,23.321,UHM145-22424.mzML,12664.0
1174,664.4916,22.152263,UHM56-22416.mzML,11966.0
1175,624.4404,26.403589,UHM17-22401.mzML,14020.0
1177,819.8375,22.269525,UHM31-10845.mzML,11739.0
1179,910.5154,6.594744,UHM72-22470.mzML,3385.0
1180,510.3925,14.34,UHM56-22416.mzML,7741.0
1183,616.6024,26.33,UHM31-22464.mzML,14280.0
1185,576.4602,24.305165,UHM22-22460.mzML,12993.0
1188,560.3961,6.2635,UHM45-10853.mzML,3242.0
1192,538.5197,23.059,UHM56-22416.mzML,12470.0
1196,417.3373,7.572027,UHM56-22416.mzML,4023.0
1199,397.3795,24.432696,UHM145-22424.mzML,13260.0
1203,552.4319,26.389059,UHM17-22401.mzML,14049.0
1207,355.0696,27.557871,UHM20-10843.mzML,14766.0
1209,714.2122,25.162,UHM17-10841.mzML,13461.0
1211,788.5453,28.348399,Blank-withIS_1.mzML,15212.0
1212,641.509,22.972,UHM102-22454.mzML,12355.0
1213,604.6024,23.7455,UHM31-22462.mzML,12500.0
1214,537.571,26.2285,UHM43-10851.mzML,14187.0
1216,955.5876,21.102,UHM31-22462.mzML,11035.0
1217,396.4315,17.129022,UHM145-22424.mzML,9294.0
1220,569.3585,15.274,UHM17-22401.mzML,7920.0
1222,796.5864,28.474182,BE1.mzML,15231.0
1223,496.3391,12.393495,UHM56-22416.mzML,6667.0
1224,683.1981,7.312196,UHM56-22416.mzML,3895.0
1225,577.5201,28.231355,UHM41-10850.mzML,15041.0
1226,568.4938,25.045,UHM56-22416.mzML,13552.0
1228,600.5551,24.592633,UHM45-10853.mzML,13278.0
1229,475.4597,25.341999,UHM45-10853.mzML,13779.0
1230,355.0698,24.440155,UHM20-10843.mzML,13032.0
1237,794.6064,22.648,UHM17-22403.mzML,12218.0
1243,457.1803,2.038999,UHM56-22416.mzML,1037.0
1244,628.6166,21.335,UHM20-10843.mzML,11348.0
1245,302.1956,1.628454,UHM56-22416.mzML,844.0
1249,607.5657,22.825,UHM36-22408.mzML,12136.0
1251,803.5641,24.931651,UHM56-22416.mzML,13549.0
1253,578.338,4.073828,UHM31-22464.mzML,2097.0
1254,439.3441,8.113793,UHM145-22424.mzML,4307.0
1256,541.2805,8.114724,UHM145-22424.mzML,4323.0
1257,640.1934,23.468,UHM17-10841.mzML,12514.0
1259,568.53,22.884,UHM18-22438.mzML,11992.0
1261,780.552,19.304845,UHM145-22426.mzML,10576.0
1263,810.5972,28.467481,UHM20-10843.mzML,15187.0
1265,396.3254,22.475,UHM18-10842.mzML,11700.0
1268,312.3259,20.108,UHM72-22446.mzML,10675.0
1269,738.5475,21.71405,UHM145-22424.mzML,11760.0
1270,554.4774,24.315,UHM36-10847.mzML,12910.0
1271,642.5792,24.139829,UHM31-22464.mzML,13015.0
1272,685.1955,7.30889,UHM40-22410.mzML,3572.0
1274,287.2375,16.498655,BE2.mzML,8651.0
1276,371.1007,22.913,UHM20-10843.mzML,12191.0
1277,425.412,19.803969,UHM31-10845.mzML,10402.0
1279,492.4197,26.067,UHM18-10842.mzML,13727.0
1281,584.5618,21.744101,UHM56-22416.mzML,11787.0
1282,772.6215,28.232529,UHM17-22401.mzML,15023.0
1287,509.5038,24.227,UHM20-10843.mzML,12894.0
1288,461.3247,8.113764,UHM145-22424.mzML,4320.0
1291,568.3347,14.632,UHM31-10845.mzML,7566.0
1292,340.3209,26.039,UHM44-10852.mzML,13736.0
1293,746.6089,25.600607,UHM18-22440.mzML,13570.0
1295,367.3316,22.767,BE2.mzML,12061.0
1296,394.3103,6.863019,UHM125-22432.mzML,3493.0
1300,642.6279,21.686,UHM125-22432.mzML,11636.0
1301,795.361,10.372,UHM125-22432.mzML,5411.0
1303,1128.3148,26.714,UHM38-10848.mzML,14224.0
1306,1120.7596,22.400886,UHM125-22432.mzML,11994.0
1309,703.5752,22.58905,UHM45-10853.mzML,12032.0
1311,1362.9315,22.6135,UHM17-22401.mzML,11945.0
1313,544.509,21.657014,UHM56-22416.mzML,11756.0
1316,443.3139,6.869523,UHM56-22416.mzML,3655.0
1319,551.3476,15.274,UHM20-10843.mzML,8011.0
1323,834.6783,26.33,UHM31-22464.mzML,14203.0
1326,397.378,18.093489,UHM31-10845.mzML,9461.0
1328,281.0507,22.913,UHM20-10843.mzML,12201.0
1329,508.5813,23.585,UHM38-22420.mzML,12596.0
1331,495.2657,26.827,UHM20-22444.mzML,14203.0
1333,785.6528,22.619194,UHM22-22458.mzML,11898.0
1334,470.3988,23.76,UHM145-22424.mzML,12907.0
1335,536.5024,23.88399,UHM145-22424.mzML,12989.0
1336,281.0508,21.686,UHM20-10843.mzML,11515.0
1337,695.3917,17.363,Blank-withIS_2.mzML,9202.0
1341,492.4787,19.203,UHM56-22416.mzML,10401.0
1342,354.4068,15.537,UHM38-22420.mzML,8209.0
1347,1132.7532,13.609,UHM17-22403.mzML,7228.0
1349,600.5553,22.32743,UHM45-10853.mzML,12026.0
1350,1380.0057,23.147,UHM56-22416.mzML,12522.0
1352,398.342,6.116,UHM17-22403.mzML,3137.0
1355,595.566,26.155,UHM56-22416.mzML,14165.0
1358,337.1045,11.162,UHM145-22424.mzML,6013.0
1359,733.6212,21.832,UHM45-22436.mzML,11582.0
1360,444.3752,26.432618,UHM17-22401.mzML,13973.0
1361,708.9019,19.232,UHM145-22424.mzML,10436.0
1363,281.295,12.159,UHM22-22456.mzML,6146.0
1365,267.2689,18.411442,UHM45-22434.mzML,9554.0
1368,815.6926,22.621,UHM22-22456.mzML,11885.0
1370,374.3644,13.581,UHM17-22401.mzML,6994.0
1371,770.6053,21.861,UHM102-22452.mzML,11669.0
1372,734.5693,28.232657,BE3.mzML,15104.0
1373,810.5982,22.621,UHM102-22452.mzML,12053.0
1374,954.6486,23.293,UHM43-10851.mzML,12565.0
1377,990.0399,25.249572,BE3.mzML,13448.0
1378,768.5881,22.796,UHM102-22450.mzML,11945.0
1380,430.3893,14.148618,UHM102-22454.mzML,7529.0
1381,367.2637,16.750059,UHM18-10842.mzML,8661.0
1382,782.3537,10.023,UHM102-10855.mzML,5156.0
1383,573.4737,9.192142,UHM102-22454.mzML,4813.0
1385,284.2948,18.40349,UHM18-10842.mzML,9572.0
1387,835.6661,22.634,UHM72-22448.mzML,11970.0
1389,566.5507,21.101571,UHM56-22416.mzML,11449.0
1392,807.6347,19.844487,UHM125-22432.mzML,10607.0
1394,815.6926,28.26299,UHM18-22440.mzML,15094.0
1395,810.6016,21.628,UHM102-10855.mzML,11480.0
1396,425.4094,26.389,UHM145-22424.mzML,14354.0
1397,906.2589,26.49,UHM72-22448.mzML,13952.0
1399,818.6705,26.389,UHM56-22416.mzML,14371.0
1403,864.6971,27.872768,BE3.mzML,14628.0
1405,863.692,27.862807,Blank-withIS_2.mzML,14863.0
1406,366.3736,21.9785,Blank-withIS_3.mzML,11723.0
1408,1143.552,16.034,UHM45-10853.mzML,8601.0
1410,1050.6726,11.408859,UHM17-22403.mzML,6028.0
1411,703.5743,21.774,UHM36-10847.mzML,11457.0
1412,270.2991,9.593,UHM38-10848.mzML,4844.0
1413,834.6685,24.438856,UHM145-22424.mzML,13286.0
1414,421.2321,13.148,UHM20-10843.mzML,6845.0
1415,256.2628,8.928,UHM145-22422.mzML,4377.0
1416,696.6866,26.769,UHM72-22446.mzML,14299.0
1419,287.237,14.4905,BE1.mzML,7530.0
1420,423.153,5.063,UHM56-22416.mzML,2647.0
1422,1304.745,18.24,UHM145-22424.mzML,9888.0
1423,1089.7015,20.722,UHM102-22452.mzML,11132.0
1425,265.0193,24.635793,UHM17-10841.mzML,13193.0
1426,734.5691,25.58508,UHM17-22403.mzML,13796.0
1430,505.5098,26.1835,UHM43-10851.mzML,14133.0
1431,480.5137,24.454938,UHM31-22462.mzML,12840.0
1434,402.3562,12.675366,UHM18-10842.mzML,6432.0
1435,644.6339,27.587,Blank-withIS_1.mzML,14812.0
1436,756.5533,23.737,UHM31-22464.mzML,12830.0
1437,429.0887,27.207,UHM31-22462.mzML,14356.0
1438,415.2548,2.126561,UHM45-10853.mzML,1053.0
1439,508.3761,13.112,UHM56-22416.mzML,7083.0
1440,445.1198,21.686,UHM20-10843.mzML,11502.0
1442,355.0705,13.892,BE3.mzML,7228.0
1443,810.5986,17.547242,UHM72-22448.mzML,9114.0
1444,806.5669,17.947,UHM102-10855.mzML,9510.0
1446,281.0512,20.138,UHM20-10843.mzML,10680.0
1448,625.3982,15.755564,UHM72-22470.mzML,8301.0
1452,679.5383,19.696787,UHM45-10853.mzML,10584.0
1454,490.4609,22.6185,UHM38-22420.mzML,12089.0
1455,651.5212,24.14,UHM18-22438.mzML,12682.0
1457,333.1305,5.931247,UHM102-10855.mzML,2953.0
1458,758.5685,28.20309,BE1.mzML,15096.0
1459,355.0695,27.207,UHM31-22462.mzML,14372.0
1460,1220.3434,27.2505,UHM17-10841.mzML,14598.0
1461,756.5514,21.453,UHM102-10855.mzML,11621.0
1462,531.2731,18.181,UHM17-10841.mzML,9633.0
1464,355.3687,19.776471,UHM56-22416.mzML,10712.0
1465,694.3849,17.48,UHM145-22424.mzML,9461.0
1466,774.2526,27.1485,BE1.mzML,14489.0
1468,866.6285,27.178455,UHM40-22410.mzML,14434.0
1469,299.2689,6.884009,UHM145-22424.mzML,3644.0
1473,592.4602,23.205,UHM22-22460.mzML,12364.0
1475,553.2557,17.48,UHM145-22424.mzML,9438.0
1478,769.537,19.962695,UHM56-22416.mzML,10825.0
1481,740.5596,18.56,BE3.mzML,9760.0
1484,616.5637,24.198401,UHM40-22410.mzML,12815.0
1485,480.5493,21.891,UHM145-22424.mzML,11888.0
1486,494.5296,27.0605,UHM38-22418.mzML,14236.0
1489,813.6196,24.067684,UHM43-10851.mzML,12985.0
1490,604.6038,23.234,UHM31-22462.mzML,12194.0
1491,547.4751,21.394,UHM56-22416.mzML,11599.0
1492,555.3175,10.631114,UHM40-22412.mzML,5336.0
1494,436.2335,8.173,UHM56-22416.mzML,4362.0
1495,620.5971,24.111264,UHM31-22464.mzML,13063.0
1497,485.3615,17.363,UHM145-22424.mzML,9393.0
1498,730.5384,22.619,UHM56-22416.mzML,12223.0
1499,341.2669,13.638,UHM72-22448.mzML,6991.0
1504,735.5363,25.629708,UHM102-22454.mzML,13823.0
1508,810.5994,25.604551,UHM56-10854.mzML,13494.0
1510,445.1222,22.913,UHM17-10841.mzML,12174.0
1513,835.6652,21.195643,UHM43-10851.mzML,11584.0
1517,445.1187,16.165,UHM17-10841.mzML,8519.0
1518,651.5154,23.914431,UHM102-22454.mzML,12867.0
1519,411.3263,17.801,UHM56-22416.mzML,9629.0
1520,641.5462,18.181,UHM22-22460.mzML,9577.0
1521,555.218,6.264,UHM56-22416.mzML,3306.0
1522,1199.7714,25.834,UHM36-10847.mzML,13751.0
1524,1157.7263,22.619,UHM102-22454.mzML,12119.0
1525,371.1006,26.331,UHM20-10843.mzML,14063.0
1526,861.637,25.104071,UHM40-22410.mzML,13278.0
1528,303.1321,1.251951,UHM102-22454.mzML,563.0
1531,808.5837,28.440618,BE1.mzML,15138.0
1532,374.2532,6.224503,UHM56-22416.mzML,3283.0
1533,365.1718,8.353092,UHM20-10843.mzML,4251.0
1535,385.3417,22.942,UHM72-22446.mzML,12233.0
1542,564.5344,26.067,UHM145-22424.mzML,14191.0
1543,541.2816,6.8655,UHM56-22416.mzML,3629.0
1544,557.247,8.113436,UHM145-22424.mzML,4312.0
1545,672.6127,27.032,UHM43-10851.mzML,14614.0
1546,1046.103,24.858832,UHM145-22424.mzML,13421.0
1548,304.2847,9.935,BE1.mzML,5042.0
1551,686.1812,23.759,UHM17-10841.mzML,12677.0
1552,824.6584,26.959055,UHM43-10851.mzML,14575.0
1558,312.3252,18.707,UHM31-10845.mzML,9765.0
1559,414.2165,9.913,UHM17-22401.mzML,5003.0
1561,608.4455,26.403559,UHM17-22401.mzML,14052.0
1563,568.4274,21.131,UHM17-22403.mzML,11347.0
1564,744.5898,23.716,UHM72-22470.mzML,12663.0
1567,579.5338,27.673707,UHM41-22466.mzML,14659.0
1568,254.2481,9.253959,UHM22-22456.mzML,4559.0
1571,340.394,16.370286,UHM102-22450.mzML,8488.0
1572,475.1478,4.765,UHM102-10855.mzML,2359.0
1573,445.368,24.49,UHM56-22416.mzML,13298.0
1574,1092.7269,21.049386,UHM125-22432.mzML,11277.0
1576,1134.7753,23.061224,UHM125-22432.mzML,12382.0
1577,787.9275,17.509,UHM145-22424.mzML,9487.0
1579,416.352,6.368064,UHM145-22426.mzML,3255.0
1581,1358.0687,19.148301,UHM56-22416.mzML,10371.0
1582,303.2317,12.115238,UHM31-10845.mzML,6179.0
1584,268.2997,25.565845,UHM45-10853.mzML,13808.0
1585,455.2044,8.942,UHM43-10851.mzML,4686.0
1586,799.6681,28.234474,Blank-withIS_1.mzML,15196.0
1587,266.9984,27.854948,UHM17-10841.mzML,14982.0
1588,730.538,28.201956,UHM56-22416.mzML,15360.0
1589,1220.3433,27.528,UHM17-10841.mzML,14696.0
1592,539.3193,12.886485,UHM56-22416.mzML,6941.0
1593,281.051,27.86929,Blank_MeOH.mzML,14697.0
1594,283.2246,12.538,UHM72-22448.mzML,6360.0
1596,860.6805,24.531527,UHM56-22416.mzML,13334.0
1598,719.5788,26.922428,UHM145-22424.mzML,14661.0
1599,315.1953,6.335879,UHM31-22464.mzML,3304.0
1600,439.344,6.862037,UHM56-22416.mzML,3651.0
1602,272.2575,9.521215,UHM102-22450.mzML,4795.0
1603,621.3867,24.53321,UHM18-10842.mzML,12899.0
1605,603.2656,4.709708,UHM102-22452.mzML,2418.0
1607,687.5063,18.288084,UHM56-22416.mzML,9886.0
1608,513.2078,5.083,UHM56-22416.mzML,2679.0
1609,1222.8483,25.862,UHM45-22434.mzML,13621.0
1612,988.0265,25.922,UHM36-22408.mzML,13437.0
1613,544.5084,25.0455,UHM145-22424.mzML,13606.0
1615,1622.9036,19.933,UHM45-10853.mzML,10694.0
1617,791.256,6.802607,UHM145-22426.mzML,3440.0
1618,573.1821,11.381976,UHM17-22401.mzML,5800.0
1623,768.5833,18.387,BE3.mzML,9715.0
1625,478.2451,9.73,UHM56-22416.mzML,5213.0
1626,679.3624,20.898,UHM18-10842.mzML,10922.0
1627,388.2559,1.405771,UHM145-22424.mzML,658.0
1629,816.5837,19.181448,UHM56-22416.mzML,10406.0
1633,341.0177,27.5,UHM102-22454.mzML,14795.0
1634,682.6343,22.842,UHM41-10850.mzML,12136.0
1635,419.3973,22.181834,UHM20-10843.mzML,11832.0
1636,481.2927,16.866551,UHM45-22436.mzML,8912.0
1638,703.5099,22.612,UHM45-10853.mzML,12175.0
1639,607.5652,22.5905,UHM18-22438.mzML,11951.0
1640,349.1826,0.96133,UHM145-22424.mzML,453.0
1642,814.5688,18.649,UHM56-22416.mzML,10095.0
1647,1493.8474,18.677114,UHM45-10853.mzML,10022.0
1648,607.5654,23.176,BE1.mzML,12191.0
1649,786.6483,28.434462,BE3.mzML,15152.0
1653,548.2876,3.8835,UHM31-22464.mzML,1998.0
1655,419.3606,18.093,UHM45-10853.mzML,9703.0
1657,796.6214,22.619,UHM20-22442.mzML,11848.0
1658,676.4904,21.781742,UHM145-22426.mzML,11629.0
1659,369.3158,8.057266,UHM56-22416.mzML,4283.0
1662,445.1207,20.138,UHM20-10843.mzML,10670.0
1664,422.3635,9.276799,UHM145-22424.mzML,4957.0
1665,520.1591,9.594328,UHM56-22416.mzML,5132.0
1666,733.6236,22.621,UHM45-22436.mzML,12022.0
1668,536.5886,21.800499,UHM56-22416.mzML,11809.0
1671,411.0948,13.901,UHM17-10841.mzML,7287.0
1672,651.5084,17.305556,UHM56-22416.mzML,9384.0
1673,672.6145,24.449095,UHM45-22434.mzML,12908.0
1674,698.6283,24.526021,UHM102-22454.mzML,13220.0
1675,332.3167,11.419,UHM20-10843.mzML,5888.0
1679,795.6278,27.528,UHM56-10854.mzML,14566.0
1680,738.5036,23.263,UHM72-22448.mzML,12215.0
1682,412.3208,6.087012,UHM38-22420.mzML,3083.0
1683,618.6186,26.797,UHM40-10849.mzML,14114.0
1685,468.3183,14.106,UHM56-22416.mzML,7639.0
1686,453.1669,11.208006,UHM56-22416.mzML,6013.0
1688,1419.8209,20.53805,UHM43-10851.mzML,11018.0
1689,740.5549,20.108,UHM145-22426.mzML,10393.0
1690,769.2728,6.841579,UHM56-22416.mzML,3600.0
1691,811.6675,22.61644,UHM125-22432.mzML,12109.0
1693,497.2518,11.278,UHM43-10851.mzML,5972.0
1694,297.0829,22.3435,UHM17-10841.mzML,11911.0
1695,300.2892,14.894,UHM102-22454.mzML,7929.0
1698,736.4567,16.749911,UHM56-22416.mzML,9098.0
1701,770.6052,22.788,UHM56-22414.mzML,11874.0
1703,668.5945,24.741143,UHM31-22464.mzML,13360.0
1705,714.5058,21.774,UHM145-22424.mzML,11812.0
1706,652.4118,4.4515,UHM17-22403.mzML,2249.0
1707,318.301,9.068739,UHM17-22403.mzML,4740.0
1711,263.2372,15.098227,UHM72-22446.mzML,7939.0
1712,932.5433,15.055,UHM56-10854.mzML,7710.0
1717,790.5569,28.367097,UHM125-22432.mzML,15366.0
1722,727.2067,8.406,UHM125-22430.mzML,4226.0
1723,534.5228,26.272,UHM43-10851.mzML,14206.0
1724,767.3409,13.609,UHM43-10851.mzML,7262.0
1728,371.1008,24.453626,UHM20-10843.mzML,13025.0
1732,320.2953,10.7685,UHM20-10843.mzML,5558.0
1733,784.5892,22.325887,UHM45-10853.mzML,12029.0
1734,764.564,22.709273,UHM145-22424.mzML,12371.0
1737,461.325,6.863,UHM56-22416.mzML,3639.0
1738,399.2501,13.148892,UHM44-10852.mzML,6692.0
1740,1290.6327,17.86,UHM17-22401.mzML,9348.0
1741,606.4758,23.0,UHM20-22444.mzML,12104.0
1747,860.6948,26.067,UHM31-22464.mzML,14107.0
1748,495.4422,20.225,UHM56-22416.mzML,10961.0
1750,423.1526,4.652,UHM56-22416.mzML,2428.0
1752,517.157,6.087,UHM56-22416.mzML,3207.0
1758,549.1486,22.168,UHM17-10841.mzML,11806.0
1759,485.4389,17.275303,UHM36-10847.mzML,9125.0
1762,768.587,20.43,UHM17-22401.mzML,10724.0
1764,641.1885,6.295262,UHM56-22416.mzML,3338.0
1765,835.6669,17.9185,UHM44-10852.mzML,9294.0
1767,524.2697,5.12,UHM38-10848.mzML,2497.0
1768,643.1839,6.299,UHM31-10845.mzML,3087.0
1771,812.6175,23.797,UHM145-22426.mzML,12894.0
1777,816.5867,18.677,BE3.mzML,9840.0
1778,710.5198,19.904,UHM145-22424.mzML,10789.0
1779,623.3552,17.142,UHM43-10851.mzML,9160.0
1780,887.569,26.097,UHM125-22428.mzML,13601.0
1782,592.3184,4.208,UHM31-22464.mzML,2177.0
1783,898.6226,21.859167,UHM43-10851.mzML,11767.0
1784,653.5308,25.746503,UHM102-22454.mzML,13889.0
1788,563.5501,16.447503,UHM72-22446.mzML,8697.0
1789,809.4216,15.885647,UHM43-10851.mzML,8491.0
1790,734.6616,25.588248,UHM125-22432.mzML,13781.0
1791,820.6223,23.731,UHM31-22464.mzML,12862.0
1792,485.1114,16.168673,UHM17-10841.mzML,8522.0
1794,662.4735,21.130307,UHM56-22416.mzML,11458.0
1795,565.6235,24.00144,UHM38-10848.mzML,12596.0
1798,592.4533,22.705,UHM45-22436.mzML,12104.0
1800,910.5546,14.040979,BE3.mzML,7310.0
1801,725.2087,8.3965,UHM56-22416.mzML,4503.0
1803,266.9993,20.1525,UHM20-10843.mzML,10686.0
1804,722.6267,23.735504,UHM45-22436.mzML,12659.0
1805,564.535,22.253787,UHM56-22416.mzML,12078.0
1806,500.4813,24.249716,UHM45-22436.mzML,12935.0
1809,588.5311,27.236,UHM45-22436.mzML,14552.0
1811,540.5347,21.507161,UHM43-10851.mzML,11673.0
1817,700.6447,23.555,UHM45-22436.mzML,12643.0
1819,803.5581,26.827,Blank_MeOH.mzML,14140.0
1822,782.5685,19.816,UHM17-22401.mzML,10403.0
1823,563.5015,28.20419,UHM22-22460.mzML,15112.0
1824,315.2316,16.561,UHM145-22424.mzML,8958.0
1828,415.3205,9.931759,UHM56-22416.mzML,5331.0
1831,559.5444,26.184,UHM72-22448.mzML,13800.0
1834,955.5896,21.598,UHM56-22414.mzML,11302.0
1835,770.5668,28.430539,UHM31-22464.mzML,15467.0
1837,715.5372,20.164129,UHM56-22416.mzML,10916.0
1838,694.6691,27.0015,UHM38-22418.mzML,14214.0
1842,811.6685,21.800399,UHM17-22401.mzML,11408.0
1843,557.2462,6.869549,UHM56-22416.mzML,3642.0
1846,786.6537,20.167085,UHM125-22432.mzML,10025.0
1847,670.6352,26.097,UHM41-10850.mzML,13957.0
1849,318.3003,10.579,UHM43-10851.mzML,5607.0
1853,281.0508,26.33,BE3.mzML,14040.0
1856,550.5454,27.236,UHM36-22408.mzML,14620.0
1857,459.2821,3.033241,UHM17-22403.mzML,1519.0
1858,785.6528,21.54,UHM22-22458.mzML,11483.0
1859,812.6158,25.600572,UHM31-22464.mzML,13902.0
1860,1085.6705,19.466548,UHM102-22454.mzML,10430.0
1861,297.3274,15.121216,UHM56-22416.mzML,8138.0
1862,459.355,12.604047,UHM145-22422.mzML,6390.0
1863,414.337,6.544698,UHM56-22416.mzML,3465.0
1865,918.6862,24.55697,UHM125-22432.mzML,13271.0
1870,730.5413,25.574866,UHM56-22416.mzML,13797.0
1871,725.5614,21.509666,UHM45-10853.mzML,11559.0
1874,870.4877,14.296,UHM45-10853.mzML,7626.0
1877,816.6465,23.777353,UHM45-22436.mzML,13176.0
1878,281.0492,18.269,UHM20-10843.mzML,9656.0
1879,854.5622,18.648871,UHM56-22416.mzML,10091.0
1882,371.1009,27.616,UHM20-10843.mzML,14798.0
1883,503.1067,26.564,UHM27-10844.mzML,14002.0
1885,533.2065,12.420858,UHM17-22401.mzML,6361.0
1889,620.5968,26.447235,UHM40-22410.mzML,14027.0
1890,540.4973,20.108653,UHM45-10853.mzML,10836.0
1891,811.6685,23.776838,UHM125-22432.mzML,12773.0
1892,1143.9551,27.294,UHM72-22448.mzML,14451.0
1893,336.3263,18.911,UHM20-22444.mzML,9856.0
1897,576.4666,23.526,UHM22-22460.mzML,12543.0
1900,870.5907,20.108576,UHM56-22416.mzML,10911.0
1904,802.9504,19.906672,UHM43-10851.mzML,10707.0
1905,411.4307,17.509,UHM56-22416.mzML,9479.0
1907,694.885,17.48,UHM45-10853.mzML,9390.0
1910,446.2603,2.459314,UHM31-22464.mzML,1234.0
1912,387.1542,4.104,UHM56-22416.mzML,2111.0
1913,962.6714,21.9775,UHM18-10842.mzML,11504.0
1915,782.5694,23.263,UHM56-22416.mzML,12557.0
1923,480.527,19.992,UHM145-22424.mzML,10859.0
1925,429.088,27.537736,UHM125-22432.mzML,14802.0
1927,429.0888,21.6855,UHM20-10843.mzML,11544.0
1929,266.1732,7.451913,UHM125-22428.mzML,3704.0
1930,809.6082,22.6205,UHM18-10842.mzML,11875.0
1932,1130.7373,12.938,UHM17-22403.mzML,6857.0
1933,412.3207,6.345323,UHM56-22416.mzML,3353.0
1936,262.2381,5.071,UHM17-22401.mzML,2482.0
1937,371.1003,27.148,UHM17-10841.mzML,14469.0
1940,504.2654,3.446886,UHM102-22452.mzML,1728.0
1941,506.4926,24.10578,UHM45-10853.mzML,12995.0
1943,703.6789,18.911,UHM18-22438.mzML,9839.0
1944,388.2694,6.900084,UHM145-22424.mzML,3663.0
1945,562.5206,21.681101,UHM56-22416.mzML,11730.0
1946,563.5878,26.4185,UHM72-22446.mzML,14176.0
1947,445.1197,26.316,UHM20-10843.mzML,14091.0
1948,598.501,27.879832,UHM17-22401.mzML,14818.0
1952,425.1566,4.095,UHM56-22416.mzML,2117.0
1955,1134.7683,14.515,UHM145-22424.mzML,7844.0
1956,590.4756,25.6293,UHM22-22460.mzML,13700.0
1957,381.2436,14.105351,UHM18-10842.mzML,7215.0
1959,819.837,22.414599,UHM20-10843.mzML,11909.0
1960,627.533,17.626,UHM22-22460.mzML,9277.0
1962,682.6342,26.3605,UHM56-22416.mzML,14352.0
1964,715.5349,20.401,UHM45-10853.mzML,10951.0
1965,827.6175,22.621,UHM18-10842.mzML,11886.0
1969,856.5829,18.736,BE3.mzML,9907.0
1970,443.3524,12.9105,UHM56-22416.mzML,6954.0
1971,833.648,19.886263,UHM56-10854.mzML,10368.0
1972,681.4722,23.761,BE3.mzML,12643.0
1973,565.4999,22.56105,UHM17-22403.mzML,12308.0
1974,281.0508,27.148,UHM31-22462.mzML,14340.0
1976,705.5264,28.203886,UHM20-22444.mzML,15071.0
1979,550.5544,28.148605,UHM45-10853.mzML,15197.0
1981,527.478,22.942,UHM40-22412.mzML,12037.0
1982,385.3423,14.743,UHM17-22403.mzML,7848.0
1984,695.4147,16.70372,UHM17-22401.mzML,8703.0
1985,1520.1627,22.619,UHM102-10855.mzML,11954.0
1989,572.5399,23.716,UHM45-22434.mzML,12478.0
1992,266.9992,18.269,UHM17-10841.mzML,9678.0
1993,371.1031,13.901,BE3.mzML,7247.0
1994,618.6174,27.777571,Blank-withIS_1.mzML,14911.0
1998,961.8026,27.119,Blank-withIS_1.mzML,14613.0
2000,1044.0962,25.0334,UHM45-22436.mzML,13394.0
2003,480.3103,12.703577,UHM56-22416.mzML,6842.0
2004,930.4236,20.663,UHM18-10842.mzML,10770.0
2005,590.4756,25.01367,UHM56-22416.mzML,13573.0
2008,799.6678,23.7305,UHM56-10854.mzML,12906.0
2012,882.7004,23.749276,UHM45-22434.mzML,12450.0
2013,583.2146,6.721,UHM56-22416.mzML,3559.0
2015,509.2808,18.1375,UHM18-10842.mzML,9399.0
2016,1014.0415,27.441,UHM45-10853.mzML,14848.0
2017,811.9567,19.904292,UHM45-22436.mzML,10564.0
2020,612.5923,28.113812,UHM56-22416.mzML,15253.0
2023,727.5651,22.619,UHM72-22446.mzML,12053.0
2024,808.5825,28.362952,UHM102-10855.mzML,15221.0
2026,554.478,24.074271,UHM125-22428.mzML,12752.0
2029,424.4623,18.444,UHM145-22424.mzML,10030.0
2031,732.5535,28.234412,UHM17-22403.mzML,15438.0
2032,393.0168,10.69223,UHM17-22403.mzML,5624.0
2033,772.6207,25.600164,UHM17-22401.mzML,13586.0
2036,367.3002,6.8655,UHM56-22416.mzML,3648.0
2038,313.2732,22.533,UHM125-22428.mzML,11892.0
2040,815.8042,22.007,UHM145-22424.mzML,11936.0
2041,791.2552,6.990985,UHM102-22454.mzML,3603.0
2043,312.3635,14.719,UHM41-22466.mzML,7571.0
2044,549.4602,13.201,UHM56-22416.mzML,7111.0
2047,934.7496,28.213685,BE2.mzML,15049.0
2049,400.9844,27.88043,UHM17-10841.mzML,14988.0
2051,903.5618,28.113244,UHM45-22434.mzML,14956.0
2053,251.1281,8.173,UHM43-10851.mzML,4280.0
2054,272.2574,9.254,BE3.mzML,4667.0
2055,440.3853,14.215454,UHM40-22412.mzML,7251.0
2056,900.6392,22.483437,UHM125-22432.mzML,12058.0
2058,691.5365,19.144834,UHM45-10853.mzML,10305.0
2060,759.7415,20.547,UHM56-10854.mzML,10741.0
2061,270.3152,27.353,UHM17-22401.mzML,14551.0
2062,338.2662,10.227,UHM145-22424.mzML,5488.0
2066,785.652,23.76,UHM22-22458.mzML,12551.0
2068,540.3062,12.812507,UHM31-10845.mzML,6563.0
2071,768.5908,28.484235,UHM102-22450.mzML,15139.0
2074,332.3322,12.906325,UHM56-10854.mzML,6542.0
2075,581.2426,18.064,UHM40-22410.mzML,9464.0
2076,792.7368,26.564471,UHM40-22410.mzML,13983.0
2077,412.3884,10.753,UHM125-22428.mzML,5453.0
2079,551.5508,27.930502,UHM125-22428.mzML,14828.0
2081,400.2705,7.18253,UHM56-22416.mzML,3802.0
2082,494.3454,9.20449,UHM125-22432.mzML,4768.0
2083,520.5071,20.014832,UHM102-22454.mzML,10729.0
2085,1061.6707,18.941,UHM102-22452.mzML,10174.0
2087,1129.6942,20.722,UHM102-22452.mzML,11148.0
2088,427.3156,9.283696,UHM145-22424.mzML,4963.0
2091,727.2748,17.889,UHM17-10841.mzML,9476.0
2093,438.2979,12.730054,UHM56-22416.mzML,6845.0
2096,407.1894,1.116442,UHM17-10841.mzML,499.0
2097,614.5968,20.867766,UHM125-22432.mzML,11171.0
2098,536.5031,20.5065,UHM125-22432.mzML,10971.0
2100,719.7496,27.503667,UHM56-22416.mzML,14944.0
2101,308.1849,5.823114,UHM102-22452.mzML,3017.0
2102,367.3688,13.551,UHM145-22424.mzML,7290.0
2104,556.5297,19.987709,UHM125-22432.mzML,10680.0
2108,502.4983,21.013749,UHM56-22416.mzML,11412.0
2109,415.0365,27.47,UHM102-22454.mzML,14821.0
2111,1146.7751,22.503,UHM125-22432.mzML,12055.0
2112,609.272,12.515,UHM45-10853.mzML,6660.0
2114,780.5582,21.422846,UHM56-22416.mzML,11615.0
2115,747.6797,24.7675,UHM56-22416.mzML,13460.0
2121,796.6316,24.698816,UHM56-22416.mzML,13414.0
2122,489.0545,27.88043,UHM17-10841.mzML,14984.0
2125,281.0504,11.448745,BE1.mzML,5862.0
2126,661.5278,20.955357,UHM56-22416.mzML,11349.0
2130,695.415,15.902,UHM31-22462.mzML,8170.0
2131,453.3196,13.139752,UHM145-22424.mzML,7066.0
2132,539.2982,13.668,UHM40-22410.mzML,7025.0
2137,394.347,13.301646,UHM20-10843.mzML,6925.0
2138,674.4644,17.363,UHM17-22401.mzML,9070.0
2139,549.4619,22.766,BE2.mzML,12048.0
2140,339.3362,12.368,UHM145-22424.mzML,6685.0
2143,525.2889,3.581,UHM145-22424.mzML,1833.0
2144,520.3296,9.283696,UHM145-22424.mzML,4960.0
2145,418.1713,4.928301,UHM56-22416.mzML,2573.0
2149,622.3637,4.341725,UHM31-22464.mzML,2245.0
2150,814.6323,28.200274,UHM56-10854.mzML,15011.0
2154,988.0254,25.231491,UHM20-10843.mzML,13488.0
2159,560.5001,25.602638,UHM43-10851.mzML,13851.0
2164,871.8676,23.6745,UHM45-10853.mzML,12622.0
2166,948.7623,28.222713,UHM45-22434.mzML,14931.0
2171,451.1656,8.814724,UHM102-22454.mzML,4601.0
2173,328.3213,16.979285,UHM102-22454.mzML,9068.0
2176,770.5809,18.386479,UHM18-22440.mzML,9720.0
2178,607.4819,23.117948,UHM38-22418.mzML,12031.0
2181,590.5868,26.374029,UHM40-22410.mzML,13985.0
2182,607.4791,23.0,UHM40-22412.mzML,12063.0
2185,438.3588,8.104835,UHM22-22460.mzML,4168.0
2189,820.6273,25.574718,UHM56-22416.mzML,13861.0
2191,580.327,7.852,UHM56-22416.mzML,4189.0
2192,812.6961,22.27,UHM31-22464.mzML,11998.0
2198,592.46,22.416,UHM22-22460.mzML,11941.0
2199,393.2095,1.409543,UHM145-22424.mzML,648.0
2202,409.2556,10.498,BE3.mzML,5390.0
2203,411.3614,23.497,UHM18-22440.mzML,12382.0
2204,468.3422,14.161653,UHM31-22464.mzML,7577.0
2205,516.4789,19.925527,UHM56-22416.mzML,10802.0
2206,618.5809,28.234412,UHM56-22416.mzML,15251.0
2209,344.315,12.003379,UHM56-22416.mzML,6458.0
2214,598.1808,6.18993,UHM56-22416.mzML,3293.0
2216,610.6234,22.89825,UHM18-10842.mzML,11989.0
2217,1188.7151,18.765139,UHM102-22454.mzML,10049.0
2218,593.5234,22.766411,UHM36-22406.mzML,11887.0
2219,477.1441,4.766,UHM125-22432.mzML,2365.0
2221,884.6774,27.033,UHM145-22424.mzML,14693.0
2222,639.4981,22.298479,UHM22-22460.mzML,11871.0
2223,343.2245,12.105205,UHM45-10853.mzML,6442.0
2224,429.0887,16.164837,BE3.mzML,8473.0
2227,282.2813,11.497,UHM20-10843.mzML,5933.0
2229,341.3062,18.094,UHM17-22401.mzML,9493.0
2230,504.3144,7.870962,UHM56-22416.mzML,4187.0
2234,417.3364,8.771,UHM145-22424.mzML,4682.0
2236,421.3323,8.113436,UHM22-22460.mzML,4170.0
2237,647.2227,7.719246,UHM56-22416.mzML,4093.0
2239,811.6015,22.6345,UHM56-10854.mzML,11846.0
2246,776.6075,28.210289,UHM72-22448.mzML,15109.0
2247,429.088,26.608,UHM17-22403.mzML,14275.0
2248,501.3568,14.045568,UHM145-22426.mzML,7404.0
2249,452.2771,11.292434,UHM56-22416.mzML,6074.0
2253,650.4769,21.452,UHM45-10853.mzML,11546.0
2256,493.5456,21.9485,UHM145-22424.mzML,12029.0
2257,269.2957,11.582041,UHM125-22432.mzML,6078.0
2258,1132.7589,21.89,UHM125-22432.mzML,11741.0
2259,785.5932,22.618505,UHM125-22432.mzML,12160.0
2263,595.457,9.192642,UHM17-22403.mzML,4807.0
2264,260.0675,12.477534,UHM56-22416.mzML,6718.0
2267,528.5124,26.36,UHM45-22436.mzML,14085.0
2272,850.6747,26.945312,UHM56-22416.mzML,14661.0
2273,445.748,6.117,UHM72-22470.mzML,3097.0
2278,794.6017,28.464471,UHM125-22432.mzML,15296.0
2280,522.3251,8.996912,UHM145-22424.mzML,4810.0
2282,250.1773,17.743,UHM145-22426.mzML,9423.0
2283,468.3669,11.279849,UHM145-22424.mzML,6058.0
2285,342.2639,8.966654,UHM145-22424.mzML,4803.0
2293,796.6064,28.467046,UHM31-22464.mzML,15361.0
2294,429.0884,26.331,BE3.mzML,14038.0
2295,768.5876,19.349,BE3.mzML,10022.0
2296,427.3577,17.363,UHM22-22460.mzML,9170.0
2300,535.4306,26.389059,UHM17-22401.mzML,14074.0
2301,542.3235,12.470557,UHM56-22416.mzML,6714.0
2304,473.3121,14.29459,UHM20-10843.mzML,7466.0
2305,441.2263,9.359,UHM102-10855.mzML,4790.0
2306,291.1941,11.9005,UHM17-10841.mzML,6176.0
2307,650.6437,27.163,UHM33-10846.mzML,14284.0
2308,747.4824,14.28111,UHM56-10854.mzML,7289.0
2311,795.6099,22.621,UHM56-22414.mzML,12735.0
2315,1520.1604,21.805766,UHM145-22426.mzML,11738.0
2316,695.505,24.125099,UHM102-22454.mzML,13027.0
2317,617.5475,26.155,UHM56-22416.mzML,14178.0
2319,328.1188,3.7425,UHM56-22416.mzML,1923.0
2321,605.2374,9.027363,UHM43-10851.mzML,4750.0
2325,888.6402,22.241,UHM43-10851.mzML,12019.0
2327,852.6484,27.207,UHM145-22426.mzML,14657.0
2329,1292.7915,19.992213,UHM145-22424.mzML,10847.0
2330,381.2985,18.414,UHM38-22420.mzML,9796.0
2331,772.621,21.802401,UHM56-10854.mzML,11369.0
2333,335.302,17.072805,UHM45-22436.mzML,8995.0
2335,481.262,3.033478,UHM145-22424.mzML,1524.0
2336,689.5225,17.7425,UHM45-10853.mzML,9510.0
2338,606.5417,24.987,UHM56-22416.mzML,13583.0
2339,325.3207,11.5915,UHM145-22424.mzML,6243.0
2340,537.3284,10.081,UHM145-22426.mzML,5255.0
2341,563.2639,6.867,UHM102-22454.mzML,3540.0
2342,306.2635,5.376844,UHM38-22420.mzML,2696.0
2343,363.3366,19.203,UHM17-10841.mzML,10209.0
2345,799.6663,22.647,UHM22-22456.mzML,11850.0
2346,487.2971,18.298,UHM125-22432.mzML,9746.0
2348,824.3612,11.161,UHM102-10855.mzML,5764.0
2353,801.9428,19.349,UHM145-22424.mzML,10485.0
2355,549.4615,22.942,UHM41-22466.mzML,12131.0
2358,835.6687,19.360246,UHM44-10852.mzML,10117.0
2361,443.2694,18.414,Blank-withIS_3.mzML,9762.0
2362,299.3076,11.506983,UHM20-10843.mzML,5952.0
2364,567.1514,6.498,UHM102-10855.mzML,3254.0
2368,522.5244,26.038,UHM145-22424.mzML,14143.0
2370,636.3423,4.4715,UHM31-22464.mzML,2309.0
2385,355.0698,26.77,UHM36-22408.mzML,14252.0
2387,692.4191,13.56473,UHM38-10848.mzML,6919.0
2390,294.2428,9.521,UHM102-22450.mzML,4798.0
2391,453.1674,11.94384,Blank-withIS_3.mzML,6329.0
2392,646.612,24.714795,UHM31-22464.mzML,13408.0
2394,689.5608,20.24,UHM56-22416.mzML,10965.0
2402,878.9645,17.45,UHM102-22454.mzML,9326.0
2404,722.5536,22.241,UHM72-22470.mzML,11862.0
2405,563.5865,25.112817,UHM20-10843.mzML,13355.0
2406,395.2776,13.396757,UHM56-22416.mzML,7213.0
2407,602.3093,7.852,UHM56-22416.mzML,4193.0
2408,393.3153,22.150194,UHM22-22460.mzML,11797.0
2409,794.6883,26.243,BE1.mzML,13961.0
2410,679.5391,19.4365,UHM41-22468.mzML,9968.0
2411,837.6744,28.489625,UHM22-22456.mzML,15058.0
2412,1290.7673,19.290536,UHM45-10853.mzML,10354.0
2414,851.4344,17.217,UHM43-10851.mzML,9221.0
2415,807.6368,17.947,UHM17-22401.mzML,9571.0
2416,821.5776,23.789,Blank-withIS_3.mzML,12691.0
2421,501.475,25.541,UHM43-10851.mzML,13787.0
2422,341.0181,21.686,BE2.mzML,11488.0
2426,838.6349,24.125402,UHM102-22454.mzML,13012.0
2430,721.585,20.109012,UHM22-22460.mzML,10728.0
2433,519.1558,6.088489,UHM43-10851.mzML,3059.0
2435,754.5364,28.507106,UHM17-22403.mzML,15400.0
2436,250.1781,8.357,UHM31-22464.mzML,4324.0
2437,943.4196,20.635,UHM18-10842.mzML,10775.0
2447,408.308,17.743,UHM72-22446.mzML,9417.0
2448,868.6843,21.247,UHM45-22436.mzML,11213.0
2450,1157.5645,17.604555,UHM45-10853.mzML,9429.0
2451,478.2977,7.186433,UHM56-22416.mzML,3816.0
2454,456.2376,10.635124,UHM125-22428.mzML,5418.0
2457,884.6682,24.520199,UHM40-22410.mzML,12993.0
2460,530.5293,22.665,UHM56-22416.mzML,12329.0
2465,563.2631,8.114112,UHM145-22424.mzML,4259.0
2466,781.3882,14.749,UHM102-10855.mzML,7749.0
2467,564.3053,12.477534,UHM56-22416.mzML,6730.0
2469,534.3265,7.886049,UHM56-22416.mzML,4208.0
2471,532.47,23.23433,UHM38-22420.mzML,12445.0
2472,654.4109,15.274,UHM22-22458.mzML,7890.0
2477,536.6118,22.181428,UHM38-22420.mzML,11838.0
2480,538.4225,16.11951,UHM56-22416.mzML,8715.0
2482,356.212,10.373,UHM20-22442.mzML,5162.0
2487,558.9921,12.623816,UHM17-22403.mzML,6680.0
2488,303.3035,20.313,UHM20-22444.mzML,10627.0
2490,744.5898,28.211051,BE1.mzML,15080.0
2491,772.5837,28.221147,BE1.mzML,15059.0
2492,524.2684,5.335,UHM38-10848.mzML,2613.0
2499,816.6495,28.234412,UHM45-22436.mzML,15105.0
2503,720.5547,19.787286,UHM56-22414.mzML,10345.0
2505,358.2483,9.918,UHM36-10847.mzML,5039.0
2508,596.1677,26.038,UHM17-10841.mzML,13946.0
2510,537.3026,12.047,UHM56-22416.mzML,6480.0
2512,730.6174,24.531387,UHM72-22470.mzML,13111.0
2514,787.667,23.76,UHM40-22412.mzML,12451.0
2517,835.664,18.766,UHM45-22436.mzML,9927.0
2518,712.6807,25.775058,UHM40-22412.mzML,13431.0
2520,731.6099,19.816262,UHM56-22414.mzML,10335.0
2521,1098.7756,22.407445,UHM125-22432.mzML,12029.0
2523,518.4931,20.459,UHM56-22416.mzML,11108.0
2524,355.3329,15.574187,UHM45-10853.mzML,8336.0
2525,1045.6774,19.466604,UHM102-22454.mzML,10448.0
2526,520.5092,17.947,UHM45-10853.mzML,9623.0
2527,761.6538,21.028074,UHM145-22424.mzML,11446.0
2528,492.4197,26.213,UHM18-10842.mzML,13807.0
2531,374.3039,15.801,UHM72-22446.mzML,8329.0
2533,656.6177,28.289483,UHM56-22414.mzML,15015.0
2534,982.3122,7.561662,UHM56-22416.mzML,4015.0
2537,712.6802,25.103714,UHM40-22412.mzML,13233.0
2538,439.4622,18.8235,UHM56-22416.mzML,10190.0
2539,563.5054,25.526727,UHM38-22418.mzML,13506.0
2541,341.017,16.164837,BE3.mzML,8488.0
2542,254.2468,20.313,UHM20-22444.mzML,10630.0
2547,607.566,21.858,UHM36-22406.mzML,11496.0
2549,784.5828,19.875,UHM145-22426.mzML,10573.0
2552,422.3624,8.0605,UHM56-22416.mzML,4298.0
2556,815.3591,7.745,UHM17-10841.mzML,3930.0
2558,503.3069,3.582,UHM145-22424.mzML,1836.0
2562,784.5815,28.423758,Blank-withIS_1.mzML,15282.0
2563,517.1737,11.103,UHM17-10841.mzML,5756.0
2564,862.6947,27.033387,UHM45-10853.mzML,15195.0
2565,425.2152,15.435371,UHM72-22448.mzML,7951.0
2568,710.4775,21.403482,UHM145-22424.mzML,11625.0
2569,820.7013,26.126,BE1.mzML,13874.0
2572,630.3923,13.727,UHM56-22416.mzML,7405.0
2576,611.194,12.712706,UHM17-22401.mzML,6505.0
2578,569.1478,6.493,UHM102-10855.mzML,3174.0
2582,647.475,17.5385,UHM45-10853.mzML,9406.0
2583,698.5558,21.715,UHM145-22424.mzML,11786.0
2586,415.3189,11.278,UHM145-22424.mzML,6069.0
2588,634.6131,28.045938,UHM17-22401.mzML,14914.0
2589,326.3787,14.097327,UHM17-22403.mzML,7486.0
2591,932.9822,27.236,UHM38-22420.mzML,14643.0
2592,548.5381,21.803,UHM102-22454.mzML,11708.0
2599,506.4586,21.54,UHM45-10853.mzML,11594.0
2600,807.634,17.509,UHM17-22401.mzML,9139.0
2601,687.392,18.444,UHM45-10853.mzML,9893.0
2602,562.5656,20.357,UHM145-22426.mzML,10873.0
2603,275.1741,9.915,UHM17-22401.mzML,5102.0
2604,853.726,27.910362,UHM102-22452.mzML,15048.0
2605,756.5519,28.459047,BE3.mzML,15145.0
2606,670.6332,27.538074,UHM56-22416.mzML,14931.0
2607,718.5428,28.351906,UHM145-22426.mzML,15211.0
2609,394.3473,13.493,UHM20-10843.mzML,7060.0
2617,392.2545,11.537,UHM45-10853.mzML,6122.0
2618,516.3655,9.92,UHM125-22432.mzML,5222.0
2620,534.3087,7.437958,UHM18-22440.mzML,3746.0
2621,401.3051,7.439,UHM18-22440.mzML,3750.0
2625,908.6658,21.745,UHM56-22416.mzML,11813.0
2629,836.5429,28.349487,UHM31-22464.mzML,15377.0
2633,678.603,22.858,UHM45-22436.mzML,12175.0
2635,298.2533,21.627,UHM18-10842.mzML,11303.0
2639,633.1514,20.1525,BE2.mzML,10637.0
2644,653.4406,22.58677,UHM40-22410.mzML,11900.0
2646,865.6977,27.717452,UHM33-10846.mzML,15068.0
2653,392.3301,15.424929,UHM56-22416.mzML,8320.0
2657,319.2239,12.592669,UHM56-22416.mzML,6778.0
2660,501.3552,13.347448,UHM145-22424.mzML,7197.0
2662,806.3621,10.11,UHM102-10855.mzML,5207.0
2667,828.5466,17.479,UHM56-22416.mzML,9444.0
2669,677.4457,15.274,UHM44-10852.mzML,7844.0
2671,639.3116,11.191,UHM56-22416.mzML,6026.0
2673,651.5061,18.429,UHM45-22436.mzML,9750.0
2675,362.3056,9.050567,UHM31-22464.mzML,4774.0
2676,522.3546,12.807612,UHM45-10853.mzML,6806.0
2677,300.2896,11.215,UHM40-22410.mzML,5691.0
2680,286.2744,13.5295,UHM102-22454.mzML,7199.0
2681,987.5797,21.102,UHM145-22422.mzML,11036.0
2683,568.4259,20.342,UHM36-10847.mzML,10739.0
2685,331.3114,12.1345,UHM56-22416.mzML,6573.0
2686,1511.8538,17.714,UHM145-22424.mzML,9581.0
2687,268.2647,14.299214,UHM56-22416.mzML,7706.0
2688,928.4986,7.66016,UHM45-10853.mzML,3996.0
2689,413.3687,23.263,UHM45-22436.mzML,12285.0
2691,409.3094,19.758,UHM17-22403.mzML,10591.0
2695,580.1905,24.928,UHM17-10841.mzML,13355.0
2697,605.213,6.626853,UHM56-22416.mzML,3527.0
2699,320.2559,13.408,UHM145-22422.mzML,6873.0
2700,787.6633,28.258307,UHM72-22448.mzML,14986.0
2701,871.868,23.38,UHM43-10851.mzML,12615.0
2702,1059.6553,18.189846,UHM102-22454.mzML,9745.0
2703,725.1617,27.496639,UHM102-22454.mzML,14805.0
2704,746.5986,18.414,UHM41-22468.mzML,9603.0
2707,567.5378,24.797603,UHM22-22460.mzML,13268.0
2711,754.5369,20.985,UHM145-22424.mzML,11400.0
2713,495.1876,11.132,UHM17-10841.mzML,5763.0
2714,621.3365,9.194327,UHM45-10853.mzML,4836.0
2716,595.1364,22.329,UHM17-10841.mzML,11915.0
2723,787.6706,22.621,UHM38-10848.mzML,11640.0
2724,824.6524,23.79,UHM44-10852.mzML,12527.0
2725,413.2658,20.371,UHM44-10852.mzML,10634.0
2726,346.3316,11.96,UHM45-10853.mzML,6372.0
2727,415.3404,6.1225,UHM41-22468.mzML,2913.0
2730,585.5308,22.942,BE2.mzML,12176.0
2735,569.3153,3.939,UHM145-22424.mzML,2039.0
2736,268.2989,25.8335,BE1.mzML,13809.0
2738,1389.7771,17.947972,UHM45-10853.mzML,9641.0
2741,826.5013,18.386,UHM31-22462.mzML,9550.0
2744,531.5127,24.784543,UHM20-10843.mzML,13377.0
2746,954.5193,15.055,Blank-withIS_3.mzML,7944.0
2757,1210.813,24.367232,UHM40-10849.mzML,12787.0
2758,578.2151,5.958,UHM145-22424.mzML,3133.0
2759,808.6401,19.875,UHM20-22442.mzML,10343.0
2762,429.3189,13.784715,UHM22-22458.mzML,7063.0
2765,445.1196,26.5355,UHM17-22403.mzML,14288.0
2766,447.3933,19.808491,UHM145-22424.mzML,10724.0
2774,1014.0435,27.70385,UHM43-10851.mzML,14991.0
2776,323.123,12.07,BE3.mzML,6228.0
2778,732.5035,10.601057,UHM45-10853.mzML,5599.0
2780,369.3159,8.28,UHM56-22416.mzML,4410.0
2784,913.5919,19.583,UHM56-22416.mzML,10629.0
2787,711.5424,20.223269,UHM45-10853.mzML,10906.0
2789,516.3641,10.001,UHM45-10853.mzML,5295.0
2791,418.28,6.013678,UHM56-22416.mzML,3168.0
2792,635.3548,9.443,UHM45-10853.mzML,4950.0
2793,278.2313,5.394,UHM17-22401.mzML,2640.0
2794,384.2738,8.898789,UHM45-10853.mzML,4675.0
2795,331.1311,10.373,UHM125-22432.mzML,5427.0
2798,453.4398,21.336,UHM145-22424.mzML,11571.0
2800,799.3661,11.161082,UHM43-10851.mzML,5921.0
2803,452.493,18.8235,UHM145-22424.mzML,10215.0
2807,558.3668,14.305423,UHM40-10849.mzML,7283.0
2808,272.2956,11.336,UHM20-10843.mzML,5856.0
2809,415.2845,6.335758,UHM22-22458.mzML,3106.0
2811,449.1997,3.52,UHM17-10841.mzML,1740.0
2813,798.5413,22.617,UHM31-22464.mzML,12221.0
2815,747.6389,21.393653,UHM56-22416.mzML,11631.0
2817,868.9521,17.0545,UHM145-22424.mzML,9218.0
2823,323.3425,12.688899,UHM145-22422.mzML,6502.0
2824,313.1794,8.150335,UHM56-22416.mzML,4355.0
2832,495.2437,3.254293,UHM31-22464.mzML,1638.0
2833,800.6712,28.252498,UHM125-22430.mzML,15011.0
2834,811.6662,28.313866,Blank-withIS_1.mzML,15190.0
2835,401.196,8.169,UHM102-10855.mzML,4138.0
2836,690.406,12.812938,UHM38-10848.mzML,6488.0
2840,691.6144,21.686,UHM56-22416.mzML,11781.0
2842,1215.7429,25.834,UHM18-10842.mzML,13634.0
2843,766.5693,20.868,UHM145-22426.mzML,11145.0
2851,835.6662,17.514035,UHM44-10852.mzML,9076.0
2852,556.5294,22.288081,UHM145-22424.mzML,12102.0
2853,473.1471,9.292,UHM56-22416.mzML,4976.0
2855,686.3869,17.950144,UHM45-10853.mzML,9629.0
2864,675.2602,17.86,UHM36-22406.mzML,9298.0
2865,777.5485,24.578,UHM22-22460.mzML,13122.0
2870,330.2999,11.628344,UHM45-10853.mzML,6151.0
2877,696.4417,4.65,UHM145-22424.mzML,2423.0
2878,482.3254,13.81478,UHM56-22416.mzML,7466.0
2880,531.4628,7.892355,UHM56-22416.mzML,4195.0
2881,914.6013,15.288799,UHM31-10845.mzML,7951.0
2884,488.4455,17.685,UHM45-10853.mzML,9512.0
2886,570.3608,15.274,UHM17-22401.mzML,7823.0
2888,609.1588,7.6765,UHM56-22416.mzML,4087.0
2891,383.2947,7.443494,UHM18-22440.mzML,3731.0
2892,295.2259,11.602199,BE1.mzML,5951.0
2895,1011.6399,18.385,UHM56-22416.mzML,9957.0
2897,595.587,26.622,UHM45-22434.mzML,13838.0
2898,419.2417,9.979713,BE2.mzML,5101.0
2906,327.3025,8.317339,UHM145-22424.mzML,4442.0
2909,830.5632,18.094,UHM56-22416.mzML,9807.0
2910,397.3784,24.197385,BE2.mzML,12829.0
2911,866.6695,26.389,UHM56-22416.mzML,14355.0
2917,873.566,15.274,UHM22-22458.mzML,7894.0
2919,369.3826,13.581,UHM40-22410.mzML,6961.0
2920,800.6516,22.623,UHM45-22434.mzML,11983.0
2921,659.2877,18.0645,UHM27-10844.mzML,9423.0
2922,537.4889,23.769,UHM102-22454.mzML,13072.0
2925,395.2776,13.785,UHM17-22401.mzML,7116.0
2926,670.6334,28.277113,UHM45-22434.mzML,14995.0
2928,684.6493,28.264791,BE2.mzML,15040.0
2929,450.4657,25.601144,UHM31-10845.mzML,13602.0
2930,452.4937,19.7145,UHM145-22424.mzML,10702.0
2932,1491.8307,18.21,UHM45-10853.mzML,9758.0
2933,955.5692,21.978,Blank-withIS_3.mzML,11755.0
2935,413.3845,10.432137,UHM56-22416.mzML,5635.0
2936,848.7698,27.792827,UHM18-10842.mzML,14695.0
2938,835.6664,18.2255,UHM44-10852.mzML,9467.0
2939,469.4549,26.127,UHM36-22408.mzML,13945.0
2943,584.4241,18.619,UHM38-22420.mzML,9894.0
2950,425.1482,10.374,UHM145-22424.mzML,5558.0
2952,541.244,9.585975,UHM125-22432.mzML,4998.0
2954,585.5295,22.767,BE2.mzML,12099.0
2962,561.57,26.184,UHM38-10848.mzML,13768.0
2967,390.2488,4.337,UHM56-22416.mzML,2255.0
2972,510.4885,17.305284,UHM56-22416.mzML,9386.0
2973,873.569,16.341295,BE2.mzML,8540.0
2974,834.5976,28.403371,BE1.mzML,15144.0
2976,429.3762,20.7515,UHM22-22460.mzML,11062.0
2977,742.6363,18.444,UHM145-22426.mzML,9718.0
2978,900.579,21.014,UHM125-22432.mzML,11240.0
2984,849.6007,22.648297,BE2.mzML,12029.0
2985,518.3217,12.383,UHM56-22416.mzML,6672.0
2986,648.712,27.805027,UHM36-22408.mzML,14927.0
2988,726.5298,23.76,Blank-withIS_3.mzML,12694.0
2990,281.0522,16.165673,BE3.mzML,8485.0
2991,707.5789,27.606348,UHM56-22416.mzML,14997.0
2992,498.4314,16.466678,UHM125-22432.mzML,8751.0
2993,402.2322,1.591055,UHM31-22464.mzML,757.0
2996,870.5566,18.113832,UHM56-22416.mzML,9823.0
2997,385.2059,1.607249,UHM31-22464.mzML,780.0
2999,434.3114,9.929598,UHM45-10853.mzML,5308.0
3000,682.5626,22.240572,UHM45-10853.mzML,11997.0
3001,510.2513,3.744664,UHM38-10848.mzML,1804.0
3003,616.1758,11.059,UHM31-10845.mzML,5655.0
3004,775.3177,11.872,UHM36-10847.mzML,6103.0
3005,376.3194,15.128,UHM17-10841.mzML,7971.0
3006,346.2133,15.274,UHM56-22416.mzML,8256.0
3007,854.6656,27.557,UHM43-10851.mzML,14878.0
3011,1017.0777,27.56127,UHM31-22464.mzML,15008.0
3015,345.0987,3.9865,UHM145-22424.mzML,2044.0
3016,700.6417,27.038993,UHM45-10853.mzML,15217.0
3021,1117.7336,22.530145,UHM102-22452.mzML,12163.0
3022,684.6492,27.821174,UHM17-22401.mzML,14764.0
3024,824.6511,22.618,UHM40-22412.mzML,11859.0
3027,766.5707,28.474943,UHM31-22464.mzML,15339.0
3033,475.3396,7.572,UHM56-22416.mzML,4026.0
3034,641.2056,13.065667,UHM17-10841.mzML,6813.0
3035,559.5127,27.821174,UHM17-22401.mzML,14802.0
3041,553.2788,13.669,UHM43-10851.mzML,7313.0
3042,485.3598,17.685,UHM145-22424.mzML,9620.0
3043,275.1759,14.287539,UHM40-10849.mzML,7286.0
3044,934.6908,27.6305,BE3.mzML,14791.0
3051,587.4746,21.745,UHM20-10843.mzML,11557.0
3052,503.4899,27.3525,UHM31-10845.mzML,14556.0
3053,766.571,21.071,UHM102-10855.mzML,11323.0
3056,358.2588,7.501,UHM45-10853.mzML,3930.0
3058,509.2207,3.437846,UHM31-22464.mzML,1753.0
3059,356.243,7.098567,UHM102-22454.mzML,3677.0
3062,1030.5566,6.0715,UHM145-22426.mzML,3051.0
3064,851.3964,10.82,BE3.mzML,5463.0
3066,777.1988,8.543,UHM36-10847.mzML,4302.0
3069,664.491,22.611,UHM36-10847.mzML,11911.0
3073,365.277,9.006849,BE3.mzML,4584.0
3074,553.4451,7.890355,UHM145-22424.mzML,4195.0
3075,740.5604,22.2705,UHM145-22424.mzML,12090.0
3077,525.2497,12.106,UHM43-10851.mzML,6446.0
3079,437.2359,2.126297,UHM145-22424.mzML,1079.0
3081,851.3962,10.610668,UHM33-10846.mzML,5312.0
3083,363.1631,1.087809,UHM31-22464.mzML,501.0
3085,268.2644,20.313,UHM20-22444.mzML,10633.0
3089,615.5059,22.592,UHM145-22422.mzML,11792.0
3090,482.3602,12.714125,UHM56-22416.mzML,6852.0
3095,821.652,28.469583,UHM102-22450.mzML,15094.0
3097,303.1194,5.640189,UHM17-22401.mzML,2749.0
3104,380.3326,13.579064,UHM18-10842.mzML,6899.0
3106,421.3102,11.823,UHM145-22424.mzML,6349.0
3107,515.3471,10.08,UHM145-22426.mzML,5271.0
3108,365.1376,13.315808,UHM18-10842.mzML,6708.0
3110,611.158,7.686,UHM43-10851.mzML,3918.0
3114,806.5648,18.736,UHM102-22452.mzML,10017.0
3117,508.5717,21.073,UHM38-22420.mzML,11234.0
3118,927.9286,25.352687,UHM56-22416.mzML,13846.0
3121,531.1735,6.116,UHM17-10841.mzML,3050.0
3124,337.0228,17.86,UHM145-22424.mzML,9684.0
3125,810.5964,18.269,UHM20-10843.mzML,9500.0
3126,543.3436,15.755296,UHM72-22470.mzML,8295.0
3128,698.4979,23.767329,Blank-withIS_2.mzML,12691.0
3131,381.3856,12.476267,UHM17-22403.mzML,6603.0
3132,407.3249,14.748,UHM145-22424.mzML,7952.0
3133,285.2541,6.146009,UHM145-22424.mzML,3260.0
3140,673.5302,18.356,UHM45-10853.mzML,9848.0
3141,762.6061,22.325976,UHM45-10853.mzML,12050.0
3142,472.3637,9.205,UHM125-22432.mzML,4784.0
3144,682.6671,26.404,UHM36-22408.mzML,14074.0
3147,727.5711,28.507361,UHM56-22416.mzML,15424.0
3149,345.1882,5.15263,UHM56-22416.mzML,2698.0
3150,535.4713,21.777031,UHM145-22426.mzML,11635.0
3151,402.2885,7.706,UHM56-22416.mzML,4103.0
3154,943.4751,0.991701,UHM145-22424.mzML,458.0
3162,397.2008,10.6237,UHM145-22426.mzML,5572.0
3166,862.6959,28.087123,UHM18-22440.mzML,14930.0
3168,416.3005,8.286358,UHM56-22416.mzML,4420.0
3170,591.5359,28.173273,Blank_MeOH.mzML,14848.0
3173,863.7021,28.467241,UHM38-22420.mzML,15322.0
3177,387.3272,9.28175,UHM145-22424.mzML,4996.0
3178,459.179,1.998969,UHM145-22426.mzML,1118.0
3179,758.5686,28.397018,BE3.mzML,15129.0
3182,337.2003,15.746115,UHM22-22458.mzML,8164.0
3183,417.3001,6.691512,UHM22-22458.mzML,3295.0
3186,450.2984,18.755147,UHM18-10842.mzML,9748.0
3188,581.3103,15.099,UHM43-10851.mzML,8049.0
3192,473.2145,6.629325,UHM145-22426.mzML,3359.0
3194,729.5508,21.10257,UHM56-22416.mzML,11461.0
3195,556.5289,24.753,UHM45-10853.mzML,13360.0
3201,363.3369,13.12348,UHM56-22416.mzML,7069.0
3205,377.3136,15.595,UHM145-22424.mzML,8422.0
3207,617.3867,12.675,UHM145-22424.mzML,6819.0
3212,604.3386,12.261,UHM56-22416.mzML,6589.0
3214,1113.7003,21.268972,UHM102-22454.mzML,11399.0
3220,950.6338,21.598,UHM17-22401.mzML,11382.0
3221,748.5845,23.147,UHM31-22464.mzML,12495.0
3223,1012.3046,26.1555,UHM22-22458.mzML,13796.0
3227,723.3568,6.896,UHM17-10841.mzML,3490.0
3228,296.2569,8.929383,UHM145-22422.mzML,4380.0
3230,460.2412,2.761771,UHM31-22464.mzML,1417.0
3232,682.6331,25.6,UHM45-22434.mzML,13545.0
3235,523.4713,22.161137,UHM145-22426.mzML,11845.0
3237,374.2447,7.602332,UHM17-22401.mzML,3772.0
3238,696.649,26.067,UHM45-22436.mzML,13944.0
3240,511.2315,11.3365,UHM56-22416.mzML,6077.0
3246,453.3432,3.876742,UHM45-22434.mzML,1877.0
3247,341.0173,27.1635,UHM31-22462.mzML,14513.0
3253,1592.8557,17.509,UHM45-10853.mzML,9388.0
3254,327.3373,12.957,UHM22-22456.mzML,6597.0
3256,425.2163,15.631529,UHM72-22448.mzML,8063.0
3257,379.2963,20.223064,UHM18-10842.mzML,10551.0
3261,770.6044,28.25231,UHM102-10855.mzML,15151.0
3265,395.3303,22.621,UHM18-10842.mzML,11786.0
3270,940.4934,15.274,Blank-withIS_3.mzML,8081.0
3275,271.2418,18.1665,BE2.mzML,9537.0
3276,517.3488,10.97929,UHM22-22460.mzML,5700.0
3277,309.205,12.612,BE3.mzML,6532.0
3279,579.5813,26.185,UHM38-10848.mzML,13827.0
3281,1756.9214,17.451,UHM45-10853.mzML,9362.0
3282,319.224,14.175513,UHM31-22464.mzML,7567.0
3284,600.5198,26.243,UHM102-22450.mzML,13936.0
3285,615.1594,6.975326,UHM56-22416.mzML,3725.0
3286,668.6194,27.9334,UHM56-22416.mzML,15186.0
3287,395.3989,21.101713,UHM45-10853.mzML,11338.0
3290,679.5466,26.33,UHM18-22438.mzML,13914.0
3294,534.4892,19.927555,UHM56-22416.mzML,10804.0
3296,385.3609,21.481,UHM22-22458.mzML,11294.0
3297,493.2578,11.015,UHM43-10851.mzML,5828.0
3300,597.23,7.469934,UHM56-22416.mzML,3968.0
3303,267.0005,13.887,UHM17-10841.mzML,7283.0
3307,461.3778,19.962,UHM22-22456.mzML,10408.0
3308,565.6011,28.085911,UHM56-22416.mzML,15279.0
3311,468.4185,27.4405,UHM41-22466.mzML,14530.0
3312,675.2172,8.274443,UHM56-22416.mzML,4407.0
3313,344.2269,0.953332,UHM145-22424.mzML,475.0
3318,425.3405,12.715593,UHM56-22416.mzML,6848.0
3319,785.5747,23.996309,UHM18-22440.mzML,12513.0
3321,711.5274,19.962572,UHM102-22454.mzML,10787.0
3326,403.2383,20.985,UHM72-22470.mzML,11171.0
3331,764.7954,21.919799,UHM31-10845.mzML,11550.0
3332,466.3306,14.291912,UHM56-22416.mzML,7712.0
3334,452.4939,18.181,UHM145-22424.mzML,9876.0
3335,636.4594,20.517,UHM56-22414.mzML,10734.0
3345,1392.8453,17.858,BE1.mzML,9431.0
3352,923.3259,21.861,UHM36-10847.mzML,11565.0
3354,528.5122,22.153,UHM125-22432.mzML,11881.0
3356,448.341,4.919551,UHM102-22454.mzML,2493.0
3357,277.2162,11.595699,BE3.mzML,5998.0
3360,781.3583,14.252,UHM56-22416.mzML,7683.0
3361,780.5526,28.484981,UHM31-22464.mzML,15409.0
3362,299.1143,3.676,UHM125-22432.mzML,1784.0
3363,1073.7062,21.248,UHM102-22454.mzML,11396.0
3365,401.1117,4.668,UHM43-10851.mzML,2381.0
3369,812.5616,28.311233,UHM45-10853.mzML,15289.0
3370,740.5236,22.265296,UHM72-22470.mzML,11479.0
3371,841.7144,23.767,UHM72-22446.mzML,12881.0
3372,1264.7499,18.268629,UHM145-22424.mzML,9893.0
3373,553.2433,3.886,UHM31-22464.mzML,1985.0
3375,527.478,13.206511,UHM56-22416.mzML,7114.0
3384,700.2328,25.747,BE1.mzML,13727.0
3385,886.6263,20.003258,UHM145-22424.mzML,10850.0
3387,517.3512,10.206,UHM45-10853.mzML,5401.0
3392,754.5768,23.061224,UHM102-22454.mzML,12426.0
3394,647.5328,19.67,UHM22-22460.mzML,10392.0
3396,1417.8064,19.817,UHM145-22424.mzML,10758.0
3397,526.4316,15.157,UHM20-10843.mzML,7962.0
3399,562.3354,14.222738,UHM43-10851.mzML,7601.0
3400,548.4753,21.412964,UHM102-22452.mzML,11745.0
3402,281.139,10.812,UHM36-10847.mzML,5546.0
3403,281.0502,13.900504,BE3.mzML,7237.0
3415,251.1279,9.73,UHM56-22416.mzML,5216.0
3416,800.6525,23.763,UHM36-10847.mzML,13029.0
3417,342.1977,9.648,UHM20-22442.mzML,4776.0
3423,753.5862,19.904,UHM40-22410.mzML,10392.0
3424,250.1781,18.064,UHM72-22448.mzML,9410.0
3426,567.2953,14.486,UHM31-10845.mzML,7591.0
3427,1078.7107,20.342,UHM125-22432.mzML,10874.0
3428,544.5087,19.268391,UHM45-10853.mzML,10417.0
3430,739.3456,12.896081,UHM56-22416.mzML,6947.0
3432,923.3207,20.649,UHM18-10842.mzML,10781.0
3435,309.0824,22.153,UHM17-10841.mzML,11809.0
3441,499.1635,10.632618,BE3.mzML,5481.0
3446,666.3668,21.102,UHM27-10844.mzML,11049.0
3449,581.3082,14.953,UHM43-10851.mzML,8030.0
3450,796.6179,21.803,UHM31-10845.mzML,11324.0
3456,499.1746,9.73,UHM43-10851.mzML,5156.0
3462,313.2736,12.28591,UHM45-10853.mzML,6528.0
3465,400.3492,7.699457,UHM125-22432.mzML,4120.0
3466,520.3314,8.056,UHM56-22416.mzML,4474.0
3469,391.2856,20.400471,UHM44-10852.mzML,10669.0
3470,589.5157,24.754133,UHM45-10853.mzML,13331.0
3471,469.2211,9.701,UHM102-10855.mzML,4970.0
3472,551.3466,15.485365,UHM40-22410.mzML,8011.0
3473,1154.5416,16.03313,UHM45-10853.mzML,8610.0
3475,490.4252,16.389232,UHM56-22416.mzML,8861.0
3478,318.2393,4.646,UHM45-10853.mzML,2349.0
3483,821.6519,19.846,UHM40-10849.mzML,10302.0
3486,387.1554,3.753,UHM56-22416.mzML,1911.0
3487,407.2041,6.976935,UHM145-22424.mzML,3701.0
3488,879.7415,27.898638,UHM102-22452.mzML,15208.0
3493,1060.6169,10.7665,UHM56-22416.mzML,5794.0
3494,522.5964,23.6285,UHM36-22408.mzML,12632.0
3496,328.1168,4.104,UHM56-22416.mzML,2130.0
3499,597.3016,9.9925,UHM56-22416.mzML,5363.0
3502,626.5975,20.4295,UHM45-10853.mzML,11058.0
3506,318.2387,12.499,UHM72-22446.mzML,6530.0
3510,525.1792,17.86,UHM36-22408.mzML,9406.0
3513,755.603,28.497358,UHM145-22424.mzML,15502.0
3518,273.12,20.955,UHM18-10842.mzML,10957.0
3521,451.2157,2.449814,UHM145-22424.mzML,1279.0
3528,1686.1921,21.628,UHM31-22464.mzML,11679.0
3529,552.5334,28.294715,UHM45-10853.mzML,15294.0
3532,328.3579,13.898863,UHM31-22462.mzML,7080.0
3533,404.1543,4.396,UHM56-22416.mzML,2280.0
3535,705.5913,28.241961,UHM56-22416.mzML,15440.0
3539,521.4553,21.131,UHM145-22424.mzML,11463.0
3541,257.2585,23.38,UHM145-22424.mzML,12693.0
3546,774.9165,16.311,UHM45-10853.mzML,8737.0
3548,695.3605,17.831,UHM145-22422.mzML,9268.0
3550,912.7948,27.091,UHM40-22410.mzML,14484.0
3551,443.2062,9.73,UHM56-22416.mzML,5219.0
3553,785.5922,22.327431,UHM31-10845.mzML,11881.0
3555,525.3355,15.041,UHM145-22424.mzML,8109.0
3559,589.5171,28.201919,UHM145-22424.mzML,15338.0
3564,532.3734,14.346651,UHM56-22416.mzML,7747.0
3566,590.5987,21.836782,UHM145-22426.mzML,11641.0
3567,747.5358,18.678,UHM18-22438.mzML,9727.0
3570,269.2981,13.862837,UHM145-22422.mzML,7074.0
3571,512.4149,14.418823,UHM17-22401.mzML,7452.0
3576,390.2734,10.718075,UHM17-22401.mzML,5432.0
3577,783.9263,16.306084,UHM45-10853.mzML,8721.0
3582,413.3741,16.516163,UHM145-22424.mzML,8932.0
3583,756.5522,28.347831,UHM56-22414.mzML,15162.0
3585,569.3566,15.481969,UHM45-22436.mzML,8121.0
3590,313.2737,16.355,UHM36-10847.mzML,8555.0
3592,530.4322,20.108512,UHM17-22401.mzML,10566.0
3596,424.4513,25.731619,UHM72-22446.mzML,13757.0
3597,531.4844,24.227,UHM22-22456.mzML,12765.0
3599,820.7399,27.935768,UHM145-22422.mzML,14772.0
3603,759.6334,28.333554,BE1.mzML,15045.0
3605,570.4565,15.08756,UHM20-10843.mzML,7905.0
3606,307.2266,14.949,UHM45-10853.mzML,7972.0
3609,403.2293,6.23367,UHM56-22416.mzML,3296.0
3617,432.3468,5.16,UHM38-22420.mzML,2590.0
3620,1101.663,18.968952,UHM17-22403.mzML,10163.0
3623,468.389,14.468778,UHM102-22454.mzML,7689.0
3624,431.2348,18.123,UHM18-10842.mzML,9405.0
3625,473.2625,3.254222,UHM31-22464.mzML,1654.0
3627,513.481,27.265,BE1.mzML,14552.0
3634,869.9596,17.451,UHM20-10843.mzML,9198.0
3636,334.2738,7.608306,UHM145-22424.mzML,4052.0
3639,794.6086,21.858,UHM17-22403.mzML,11651.0
3640,493.3277,15.2745,UHM31-22462.mzML,7861.0
3642,823.4388,16.778,UHM31-10845.mzML,8739.0
3645,631.4165,14.778,UHM56-22416.mzML,7975.0
3646,534.3237,8.968098,UHM72-22470.mzML,4592.0
3651,411.3268,18.562,UHM38-22418.mzML,9712.0
3653,359.3152,18.401988,Blank-withIS_3.mzML,9774.0
3655,469.3307,14.658166,UHM56-22416.mzML,7901.0
3659,516.4755,17.4795,UHM145-22424.mzML,9476.0
3664,309.2439,16.558013,UHM45-10853.mzML,8871.0
3665,483.3074,17.017,UHM145-22424.mzML,9207.0
3669,866.6268,27.4695,BE1.mzML,14661.0
3671,732.5868,28.228511,BE1.mzML,15222.0
3672,504.3619,20.985,UHM20-22444.mzML,11012.0
3674,809.9395,18.795,UHM43-10851.mzML,10105.0
3675,376.317,16.891105,UHM125-22430.mzML,8746.0
3684,482.4028,15.22923,UHM125-22432.mzML,7899.0
3685,872.6076,20.781,UHM43-10851.mzML,11222.0
3689,407.1879,1.615451,UHM31-22464.mzML,783.0
3690,700.4057,19.816131,UHM145-22424.mzML,10759.0
3691,725.5217,18.765929,UHM18-22438.mzML,9778.0
3692,501.4746,25.804898,UHM43-10851.mzML,13928.0
3697,298.3461,12.645,UHM38-22420.mzML,6622.0
3698,549.5231,24.771248,UHM18-10842.mzML,13142.0
3702,1047.6918,19.994832,UHM102-22454.mzML,10750.0
3704,607.2083,6.603056,UHM17-22401.mzML,3266.0
3705,703.6807,19.203,UHM17-22401.mzML,10098.0
3706,302.3052,10.516442,UHM22-22456.mzML,5241.0
3708,583.2842,8.792,UHM102-10855.mzML,4482.0
3709,696.3962,18.444,UHM45-10853.mzML,9899.0
3710,522.5606,27.908323,UHM38-22418.mzML,14678.0
3713,489.4089,21.316886,UHM22-22456.mzML,11173.0
3715,532.3683,11.923,UHM56-22416.mzML,6400.0
3718,554.321,13.7235,UHM56-22416.mzML,7363.0
3722,684.2004,22.355859,UHM102-22454.mzML,12053.0
3723,533.5411,28.029679,BE1.mzML,14948.0
3724,512.4689,19.0425,UHM45-22436.mzML,10122.0
3730,356.2423,5.43,UHM56-22416.mzML,2874.0
3731,579.291,7.489136,UHM145-22424.mzML,3977.0
3732,464.3137,13.138152,UHM56-22416.mzML,7075.0
3738,327.336,22.796,UHM27-10844.mzML,12002.0
3741,636.4592,20.809,UHM45-10853.mzML,11214.0
3743,341.1807,1.083302,UHM18-10842.mzML,507.0
3744,775.2019,8.521189,UHM56-22416.mzML,4551.0
3745,558.9912,12.877955,UHM22-22458.mzML,6572.0
3747,483.2343,10.475,UHM102-10855.mzML,5357.0
3751,710.6666,28.173604,UHM45-22436.mzML,15065.0
3754,595.3257,16.019939,UHM56-22416.mzML,8669.0
3755,412.269,7.283495,UHM56-22416.mzML,3863.0
3758,597.2645,8.709,UHM43-10851.mzML,4577.0
3761,1320.8103,22.004,UHM145-22424.mzML,11944.0
3767,471.1978,8.231,UHM40-22410.mzML,4073.0
3768,520.5093,17.4361,UHM45-10853.mzML,9325.0
3770,646.6118,26.359,UHM40-22410.mzML,13972.0
3772,341.3167,8.975832,UHM22-22456.mzML,4417.0
3774,563.5058,25.165286,UHM41-10850.mzML,13197.0
3775,559.1302,18.269,BE2.mzML,9616.0
3780,946.5103,15.274,UHM18-10842.mzML,7972.0
3784,327.2517,12.454944,UHM72-22448.mzML,6312.0
3785,323.2277,18.414,UHM145-22422.mzML,9587.0
3786,444.3172,6.874162,UHM31-22464.mzML,3631.0
3787,706.5343,28.210289,UHM72-22470.mzML,15219.0
3791,1230.728,19.626806,UHM17-22403.mzML,10503.0
3792,1539.8855,19.500826,UHM45-10853.mzML,10476.0
3794,583.2932,4.071,UHM31-22464.mzML,2100.0
3797,884.5018,5.311097,UHM72-22470.mzML,2663.0
3799,321.1308,4.073,UHM43-10851.mzML,2070.0
3800,296.2956,20.313,UHM72-22446.mzML,10815.0
3802,810.5961,21.393,UHM20-10843.mzML,11417.0
3811,410.3049,5.629398,UHM38-22420.mzML,2814.0
3812,311.2943,14.155,UHM102-22454.mzML,7516.0
3813,835.5986,19.174808,UHM125-22430.mzML,10101.0
3816,534.3054,12.891473,UHM43-10851.mzML,6868.0
3818,647.5328,19.794795,UHM36-10847.mzML,10435.0
3822,330.2275,5.297,UHM56-22416.mzML,2775.0
3829,603.5337,28.232329,Blank-withIS_1.mzML,15256.0
3831,709.5498,18.823,UHM56-22416.mzML,10178.0
3833,467.4932,20.05,UHM17-10841.mzML,10663.0
3839,535.4708,28.220873,UHM145-22426.mzML,15165.0
3840,949.3836,7.125263,UHM43-10851.mzML,3711.0
3847,770.6038,28.398877,BE3.mzML,15078.0
3849,346.3313,12.140721,UHM20-22444.mzML,6160.0
3853,456.2397,10.822,UHM40-22412.mzML,5452.0
3855,374.2434,14.301843,UHM27-10844.mzML,7374.0
3858,272.2943,11.016,UHM20-10843.mzML,5683.0
3862,876.6891,24.249668,UHM31-22464.mzML,13134.0
3865,775.267,1.576648,UHM56-22416.mzML,790.0
3869,315.1952,11.877,UHM56-22416.mzML,6397.0
3871,415.2362,16.355,UHM18-22438.mzML,8449.0
3872,311.2012,16.737,UHM18-10842.mzML,8651.0
3873,346.2222,4.414,UHM56-22416.mzML,2303.0
3876,597.5234,18.3705,UHM22-22460.mzML,9693.0
3879,367.2465,10.437,BE1.mzML,5324.0
3882,517.356,9.450832,UHM56-22416.mzML,5136.0
3884,962.6328,22.355859,Blank-withIS_1.mzML,11952.0
3889,651.5168,24.379304,UHM125-22428.mzML,12895.0
3892,589.3023,6.379287,UHM145-22422.mzML,3127.0
3894,300.2905,11.4245,UHM56-22416.mzML,6154.0
3896,525.2095,11.639,UHM56-22416.mzML,6253.0
3901,777.2361,0.882,UHM145-22426.mzML,453.0
3902,554.1728,18.269,BE2.mzML,9620.0
3903,646.3508,14.719,UHM145-22424.mzML,7942.0
3905,504.3235,18.139245,UHM18-10842.mzML,9376.0
3906,1055.8851,27.267,BE1.mzML,14569.0
3909,401.2868,11.969,UHM145-22424.mzML,6451.0
3912,823.4024,16.091161,UHM43-10851.mzML,8625.0
3915,911.637,14.106,UHM56-22416.mzML,7611.0
3916,562.5532,22.589146,UHM40-22410.mzML,11897.0
3917,441.319,13.376464,UHM125-22432.mzML,7058.0
3920,668.6184,23.614,UHM40-22412.mzML,12406.0
3926,627.4044,18.1375,UHM18-10842.mzML,9409.0
3928,662.5324,20.955,UHM36-10847.mzML,11174.0
3929,358.222,4.562,UHM56-22416.mzML,2370.0
3930,526.7754,6.07,UHM145-22426.mzML,3057.0
3931,372.3224,5.665613,UHM56-22416.mzML,2973.0
3933,605.3901,26.768,UHM18-10842.mzML,14137.0
3934,740.6751,27.87829,UHM22-22460.mzML,14965.0
3937,269.209,12.3563,UHM20-10843.mzML,6413.0
3943,731.3156,12.355654,UHM56-22416.mzML,6653.0
3944,557.2161,6.262166,UHM22-22458.mzML,3132.0
3945,746.5992,28.462427,UHM102-22452.mzML,15333.0
3946,524.3466,13.785,UHM145-22426.mzML,7276.0
3950,1620.8864,19.32,UHM145-22424.mzML,10521.0
3952,490.4616,22.4455,UHM20-10843.mzML,11950.0
3954,339.374,14.405057,UHM145-22424.mzML,7786.0
3955,455.3138,13.931,UHM102-22454.mzML,7417.0
3957,553.256,18.181714,Blank-withIS_2.mzML,9669.0
3962,395.3621,24.1978,BE2.mzML,12832.0
3963,705.5886,22.7645,UHM145-22426.mzML,12105.0
3964,465.196,2.761798,UHM31-22464.mzML,1375.0
3976,997.6212,18.8525,UHM56-22416.mzML,10246.0
3979,329.1849,16.135928,UHM125-22428.mzML,8393.0
3982,654.452,21.043,UHM20-22442.mzML,10989.0
3986,614.4832,15.016405,UHM20-10843.mzML,7857.0
3988,429.0891,20.167,BE2.mzML,10641.0
3990,848.6906,27.673901,UHM36-22406.mzML,14658.0
3992,279.2322,10.227,UHM56-22416.mzML,5486.0
3993,659.4808,19.028,UHM18-22438.mzML,9919.0
3997,689.5617,20.018341,UHM102-22454.mzML,10931.0
4000,740.5549,20.459,UHM102-10855.mzML,10861.0
4001,927.5039,20.81,Blank_MeOH.mzML,10835.0
4002,546.3549,14.375787,UHM31-10845.mzML,7429.0
4011,315.3282,17.071205,UHM145-22424.mzML,9147.0
4012,305.2482,14.514,BE1.mzML,7549.0
4013,417.3554,6.360918,UHM102-22452.mzML,3499.0
4023,703.5059,18.853,UHM18-22438.mzML,9826.0
4031,347.1759,20.985,UHM45-22434.mzML,10955.0
4032,841.7145,28.276938,UHM18-22440.mzML,15098.0
4033,290.2681,7.326077,UHM17-22401.mzML,3616.0
4035,644.4929,14.2445,UHM17-22401.mzML,7359.0
4038,595.326,15.733062,UHM43-10851.mzML,8417.0
4040,307.2277,12.182584,UHM45-10853.mzML,6474.0
4041,520.3281,12.555831,UHM43-10851.mzML,6689.0
4042,1022.6265,18.064,UHM72-22448.mzML,9395.0
4044,383.33,22.473792,UHM31-22462.mzML,11777.0
4047,304.2846,9.687683,BE3.mzML,4962.0
4048,367.3336,23.176,UHM20-22444.mzML,12087.0
4057,284.2942,28.164254,UHM56-22416.mzML,15301.0
4058,634.6116,28.245167,UHM36-22408.mzML,15079.0
4063,841.3744,12.385301,UHM56-22416.mzML,6656.0
4065,556.5281,21.217616,UHM22-22460.mzML,11288.0
4066,718.5716,28.20279,BE1.mzML,15026.0
4072,810.5965,18.763575,UHM20-10843.mzML,9935.0
4078,476.2743,12.293,UHM45-10853.mzML,6522.0
4079,494.3244,11.368072,UHM17-22403.mzML,5999.0
4084,1042.0142,16.326038,UHM45-10853.mzML,8767.0
4085,358.2244,4.842,UHM56-22416.mzML,2522.0
4087,1202.6917,17.801,UHM102-22454.mzML,9511.0
4097,295.1168,10.6155,UHM20-10843.mzML,5481.0
4098,438.504,20.021,UHM125-22430.mzML,10485.0
4101,323.3416,10.835,UHM145-22424.mzML,5840.0
4107,712.6779,27.412,BE2.mzML,14609.0
4108,1519.8667,20.011683,UHM45-10853.mzML,10745.0
4110,415.2126,10.056,UHM145-22422.mzML,5132.0
4112,370.319,8.057,UHM17-22403.mzML,4170.0
4114,826.5721,28.487482,UHM56-10854.mzML,14965.0
4115,896.6076,21.298208,UHM56-22416.mzML,11557.0
4120,541.3342,13.931,UHM45-10853.mzML,7428.0
4124,701.2855,13.059063,UHM36-10847.mzML,6737.0
4126,1494.1451,21.637092,UHM145-22426.mzML,11559.0
4128,739.2212,9.054497,UHM56-22416.mzML,4846.0
4142,793.5474,22.563,Blank-withIS_2.mzML,12038.0
4144,524.2699,4.612123,UHM38-10848.mzML,2242.0
4146,375.1735,18.1965,UHM18-10842.mzML,9424.0
4149,351.301,9.286851,UHM145-22422.mzML,4607.0
4150,762.7355,28.222737,BE2.mzML,15043.0
4155,456.4046,15.814,UHM56-22416.mzML,8544.0
4162,822.6418,27.430492,UHM56-22416.mzML,14965.0
4164,575.4921,26.5935,UHM125-22428.mzML,14137.0
4165,661.1517,7.898774,UHM102-10855.mzML,4079.0
4166,526.3144,15.743,UHM125-22430.mzML,8167.0
4170,665.31,13.23,UHM17-10841.mzML,6919.0
4174,372.2303,1.403908,UHM102-22452.mzML,614.0
4181,429.2315,2.450472,UHM31-22464.mzML,1195.0
4183,637.4697,19.116,UHM18-22438.mzML,9970.0
4191,423.431,14.07343,UHM56-22416.mzML,7578.0
4195,283.2624,12.680343,UHM18-10842.mzML,6419.0
4196,740.4641,4.828015,UHM17-22403.mzML,2453.0
4199,862.4223,9.114401,UHM145-22424.mzML,4866.0
4204,520.5073,28.213685,UHM44-10852.mzML,14942.0
4206,478.2649,5.753,UHM145-22424.mzML,3033.0
4207,900.8015,27.933253,UHM36-10847.mzML,14889.0
4212,483.2357,11.043716,UHM102-10855.mzML,5709.0
4220,491.18,8.3955,UHM102-10855.mzML,4262.0
4221,633.5176,19.130226,UHM22-22460.mzML,10120.0
4222,911.5266,20.81,UHM18-10842.mzML,10869.0
4223,776.7465,28.218291,Blank-withIS_1.mzML,15174.0
4231,480.3141,7.30732,UHM45-10853.mzML,3800.0
4232,323.3422,11.814,UHM145-22422.mzML,5967.0
4234,572.5236,20.634,UHM145-22424.mzML,11223.0
4239,777.4106,17.859,Blank-withIS_2.mzML,9550.0
4241,550.5173,19.145,UHM102-22454.mzML,10275.0
4242,299.3078,22.856427,UHM18-10842.mzML,11985.0
4246,469.2913,16.394377,UHM102-22454.mzML,8757.0
4250,480.5384,19.992119,UHM20-22444.mzML,10429.0
4251,870.5628,28.059,UHM40-10849.mzML,14786.0
4253,299.1609,13.1475,UHM44-10852.mzML,6682.0
4257,517.3496,11.663,UHM56-22416.mzML,6269.0
4259,310.3104,12.942338,UHM22-22456.mzML,6581.0
4262,266.1722,17.740809,Blank-withIS_2.mzML,9416.0
4264,686.6267,25.746715,UHM40-22410.mzML,13567.0
4267,387.3252,8.067,UHM45-10853.mzML,4352.0
4269,298.2739,13.4635,UHM102-22454.mzML,7161.0
4271,819.2094,9.643,UHM102-10855.mzML,4912.0
4277,426.191,6.653,UHM102-10855.mzML,3322.0
4280,540.3209,12.879,UHM102-22454.mzML,6799.0
4282,555.2523,7.543365,UHM43-10851.mzML,3941.0
4285,914.5955,16.136354,UHM18-10842.mzML,8328.0
4289,301.1446,13.697,UHM102-22450.mzML,7060.0
4290,1215.7682,24.373,UHM31-22462.mzML,12821.0
4291,347.2193,12.188443,UHM45-10853.mzML,6493.0
4292,533.1707,6.087,BE1.mzML,3120.0
4294,795.9214,17.04514,UHM45-10853.mzML,9147.0
4306,1294.3601,27.06,UHM125-22430.mzML,14415.0
4309,867.5681,20.574,UHM145-22424.mzML,11160.0
4311,646.6474,27.732832,UHM40-22412.mzML,14784.0
4313,384.2747,8.551331,UHM45-10853.mzML,4492.0
4318,485.3589,14.573,UHM22-22460.mzML,7647.0
4326,293.2086,12.942131,UHM56-22416.mzML,6992.0
4330,483.3584,19.933703,UHM22-22456.mzML,10418.0
4341,251.237,14.100911,UHM45-10853.mzML,7524.0
4347,369.3164,9.533007,UHM56-22416.mzML,5120.0
4349,453.3428,3.251676,UHM20-10843.mzML,1594.0
4350,257.1287,7.126748,UHM17-22401.mzML,3525.0
4357,279.2314,14.177613,UHM31-22464.mzML,7580.0
4359,809.6458,28.471744,UHM72-22448.mzML,15033.0
4361,519.1385,18.269,UHM17-10841.mzML,9692.0
4364,349.2522,6.1405,UHM22-22456.mzML,3011.0
4366,517.4388,22.475,UHM145-22424.mzML,12195.0
4369,1075.7214,21.803,UHM102-22454.mzML,11726.0
4371,455.3347,16.907099,UHM36-22406.mzML,8799.0
4372,878.5851,28.414873,UHM56-10854.mzML,15020.0
4374,400.3535,6.974109,UHM56-22416.mzML,3742.0
4377,593.5968,22.501464,UHM36-10847.mzML,11740.0
4385,314.232,7.413631,UHM145-22424.mzML,3952.0
4386,515.4556,17.7715,UHM17-22403.mzML,9486.0
4390,627.5325,28.271967,BE3.mzML,15094.0
4391,413.3726,24.431314,UHM41-10850.mzML,13018.0
4392,497.309,13.317,UHM145-22424.mzML,7184.0
4393,1096.0431,26.595,UHM125-22428.mzML,14128.0
4394,607.5663,28.172908,UHM20-22444.mzML,14910.0
4397,492.2593,10.548,UHM56-22416.mzML,5661.0
4400,833.653,28.477922,UHM125-22432.mzML,15299.0
4401,560.405,16.113144,UHM56-22416.mzML,8739.0
4402,341.3159,21.773,UHM17-22401.mzML,11493.0
4404,743.5688,20.108512,UHM22-22460.mzML,10700.0
4410,1017.947,9.279966,UHM125-22432.mzML,4827.0
4417,739.3442,12.018,UHM17-10841.mzML,6252.0
4420,495.1111,6.716448,UHM102-10855.mzML,3430.0
4421,349.1989,8.561369,BE1.mzML,4336.0
4422,598.1771,6.425006,UHM56-22416.mzML,3363.0
4424,717.2996,11.272929,UHM43-10851.mzML,5957.0
4427,480.3074,12.457,UHM45-10853.mzML,6608.0
4431,659.5117,20.3695,UHM36-22408.mzML,10760.0
4432,299.2015,9.73,UHM31-22464.mzML,5158.0
4433,499.2307,8.14252,UHM43-10851.mzML,4261.0
4434,882.967,18.823,UHM145-22424.mzML,10184.0
4435,257.168,6.424666,UHM145-22424.mzML,3407.0
4437,598.2728,6.850199,UHM56-22416.mzML,3555.0
4451,735.1859,7.547652,UHM102-22450.mzML,3775.0
4454,531.4081,22.942,UHM40-22412.mzML,12053.0
4458,414.3362,6.883,UHM31-22464.mzML,3707.0
4460,327.3373,18.035,UHM31-10845.mzML,9438.0
4461,1224.5741,15.625,UHM45-10853.mzML,8367.0
4475,425.3414,12.93495,UHM56-22416.mzML,6995.0
4476,475.3398,8.7805,UHM145-22424.mzML,4675.0
4479,428.3161,18.755147,UHM18-10842.mzML,9751.0
4481,413.3232,6.33779,UHM18-22440.mzML,3234.0
4483,758.516,14.103262,UHM45-10853.mzML,7546.0
4485,401.3555,17.012838,UHM56-22416.mzML,9216.0
4489,383.1443,1.560034,UHM43-10851.mzML,741.0
4490,1067.6417,26.725,UHM125-22428.mzML,14158.0
4491,607.566,26.184,UHM36-22408.mzML,13951.0
4493,480.5247,19.428387,UHM56-22416.mzML,10529.0
4498,366.1307,9.240315,UHM20-10843.mzML,4740.0
4501,980.5029,16.914591,UHM56-22416.mzML,9086.0
4502,309.327,13.711635,UHM22-22456.mzML,7003.0
4504,421.1699,1.831061,UHM31-22464.mzML,882.0
4508,360.3231,20.313,UHM41-22466.mzML,10597.0
4511,547.3322,3.9385,UHM102-22452.mzML,2004.0
4515,572.4871,26.257,UHM102-22450.mzML,13938.0
4516,511.2294,8.876555,UHM56-22416.mzML,4749.0
4517,995.9635,9.26786,UHM56-22416.mzML,4962.0
4518,365.248,15.322587,UHM18-10842.mzML,7973.0
4519,711.5059,16.939,UHM18-22438.mzML,8766.0
4522,549.18,12.426,UHM17-22401.mzML,6364.0
4530,377.3197,22.039494,UHM72-22470.mzML,11763.0
4537,363.3094,14.574805,UHM40-22410.mzML,7521.0
4538,284.2933,20.78,UHM72-22446.mzML,11071.0
4549,297.0826,20.138,BE2.mzML,10643.0
4550,398.3408,6.599487,UHM72-22470.mzML,3360.0
4556,882.4865,5.325,UHM56-22416.mzML,2795.0
4557,817.21,9.641838,UHM56-22416.mzML,5150.0
4560,475.2796,10.636,BE2.mzML,5552.0
4561,525.5172,24.312832,UHM41-10850.mzML,12877.0
4562,441.4045,18.268,UHM17-22403.mzML,9793.0
4565,820.8573,23.321,BE2.mzML,12368.0
4566,634.3983,14.293488,UHM27-10844.mzML,7406.0
4571,1111.7197,28.26011,UHM145-22424.mzML,15367.0
4572,429.1687,1.609668,UHM31-22464.mzML,786.0
4577,798.5405,28.351017,UHM102-10855.mzML,15217.0
4578,339.3724,14.077171,UHM145-22424.mzML,7597.0
4580,321.1312,4.4385,UHM20-10843.mzML,2298.0
4581,818.601,28.433757,UHM31-22464.mzML,15470.0
4587,1288.7479,18.766,UHM145-22424.mzML,10179.0
4593,317.1051,12.06339,BE3.mzML,6241.0
4597,372.2386,5.605511,UHM56-22416.mzML,2976.0
4602,726.5081,28.214793,UHM56-22416.mzML,15363.0
4607,275.2374,12.108,UHM31-10845.mzML,6159.0
4612,1465.8103,16.955,UHM45-10853.mzML,9080.0
4618,521.3109,14.293295,UHM31-10845.mzML,7399.0
4619,496.5099,20.196,UHM145-22424.mzML,10967.0
4622,394.3309,13.287957,UHM45-22434.mzML,6758.0
4625,389.2528,6.046,UHM56-22416.mzML,3181.0
4629,443.2918,11.828,UHM145-22424.mzML,6352.0
4632,822.6497,28.485485,UHM125-22430.mzML,15116.0
4641,468.1996,8.065602,UHM102-10855.mzML,4099.0
4643,637.3689,18.085038,UHM43-10851.mzML,9730.0
4645,615.4833,10.732831,UHM102-22454.mzML,5664.0
4646,625.5504,19.992,UHM56-10854.mzML,10434.0
4647,920.5931,18.064,UHM72-22446.mzML,9601.0
4650,504.3129,8.99597,UHM56-22416.mzML,4810.0
4656,538.5197,19.422,UHM41-22468.mzML,10161.0
4659,960.9862,17.3125,UHM45-10853.mzML,9278.0
4660,967.5883,22.356437,Blank_MeOH.mzML,11664.0
4663,640.5877,21.916135,UHM41-22468.mzML,11543.0
4664,293.2849,19.958819,UHM18-10842.mzML,10404.0
4667,524.3724,13.941768,UHM56-22416.mzML,7511.0
4668,631.5647,28.231015,BE1.mzML,15048.0
4669,312.2167,6.437,UHM145-22424.mzML,3411.0
4672,917.6369,12.017,UHM31-22464.mzML,6406.0
4676,331.2105,4.9245,UHM56-22416.mzML,2592.0
4688,946.7437,28.223566,UHM40-22412.mzML,14933.0
4690,1129.5382,14.719,UHM45-10853.mzML,7864.0
4692,577.2769,7.5645,UHM56-22416.mzML,4045.0
4693,577.4916,14.544,UHM56-22416.mzML,7859.0
4694,286.3109,12.080259,UHM20-22442.mzML,6108.0
4702,327.1776,7.437508,UHM20-10843.mzML,3775.0
4705,570.2915,13.573,UHM31-10845.mzML,6976.0
4707,659.1542,7.9,UHM102-10855.mzML,3993.0
4712,465.1318,1.832284,UHM31-22464.mzML,937.0
4718,353.2667,16.357523,UHM17-22401.mzML,8536.0
4722,851.6367,28.494434,UHM72-22448.mzML,15061.0
4732,827.6775,20.973277,UHM17-22403.mzML,11270.0
4733,428.3014,8.439236,UHM56-22416.mzML,4506.0
4739,635.4889,22.152,UHM18-22438.mzML,11621.0
4745,309.1841,20.079096,UHM36-10847.mzML,10604.0
4746,493.114,6.724,UHM102-10855.mzML,3386.0
4747,597.2744,4.214,UHM31-22464.mzML,2167.0
4750,322.2575,5.6,UHM17-22401.mzML,2726.0
4759,337.0757,11.457,BE1.mzML,5884.0
4760,907.3599,8.5795,UHM17-10841.mzML,4399.0
4764,676.49,22.221893,UHM72-22448.mzML,11663.0
4765,685.6841,13.645354,UHM145-22424.mzML,7360.0
4771,406.3293,18.24,UHM27-10844.mzML,9503.0
4776,625.2957,10.022,UHM102-10855.mzML,5133.0
4777,311.341,12.937,UHM145-22424.mzML,6973.0
4781,689.5583,28.282356,UHM145-22424.mzML,15390.0
4782,774.6335,28.241961,UHM40-22412.mzML,15009.0
4784,382.3459,7.30732,UHM45-10853.mzML,3805.0
4787,575.3721,8.99597,UHM56-22416.mzML,4813.0
4789,589.3285,17.48,UHM18-22438.mzML,9060.0
4793,806.2182,8.010198,UHM56-22416.mzML,4256.0
4794,425.2674,8.253383,UHM31-22464.mzML,4356.0
4795,453.1866,10.3435,UHM125-22428.mzML,5149.0
4796,730.5718,28.214053,UHM20-22442.mzML,14923.0
4799,584.4722,16.395052,UHM102-22452.mzML,8784.0
4813,656.593,27.061,UHM40-22412.mzML,14311.0
4817,754.5337,28.440618,UHM145-22424.mzML,15505.0
4819,331.1898,8.148022,UHM102-22452.mzML,4289.0
4822,571.2598,7.555863,UHM56-22416.mzML,4033.0
4824,340.3575,13.463,UHM56-22416.mzML,7251.0
4825,511.2635,12.076,UHM36-10847.mzML,6208.0
4826,654.6395,28.11363,UHM31-10845.mzML,14963.0
4827,397.2007,17.462469,UHM17-10841.mzML,9239.0
4829,681.324,12.554707,UHM56-22416.mzML,6755.0
4833,473.2636,10.6305,UHM33-10846.mzML,5282.0
4834,815.6996,22.299,UHM22-22456.mzML,11719.0
4835,748.6115,28.24734,UHM40-22412.mzML,15013.0
4836,271.2415,17.977,BE2.mzML,9443.0
4837,733.6236,28.293071,UHM41-10850.mzML,15147.0
4839,532.4153,17.187838,UHM125-22432.mzML,9143.0
4841,487.0924,13.448511,UHM17-10841.mzML,7050.0
4843,892.5685,20.440867,UHM17-22403.mzML,10965.0
4844,700.6435,28.078245,UHM45-22434.mzML,14861.0
4847,667.4803,17.070916,UHM18-22438.mzML,8846.0
4851,312.2914,11.429,UHM56-22416.mzML,6147.0
4853,440.2057,6.744717,UHM102-10855.mzML,3373.0
4855,820.6197,28.231015,UHM102-10855.mzML,15137.0
4856,810.5379,15.274,BE1.mzML,8151.0
4860,559.1689,7.385,UHM56-22416.mzML,3933.0
4863,550.3406,8.792263,UHM56-22416.mzML,4685.0
4864,732.5471,14.135,UHM17-22401.mzML,7295.0
4867,960.3277,7.557301,UHM56-22416.mzML,4030.0
4875,746.517,13.989,UHM45-10853.mzML,7544.0
4876,539.3199,12.618096,UHM45-10853.mzML,6717.0
4877,682.634,28.301927,UHM45-22434.mzML,14966.0
4878,494.4839,23.234,UHM38-22420.mzML,12356.0
4879,442.4264,15.975647,UHM56-22416.mzML,8627.0
4886,272.2593,12.838039,UHM102-22452.mzML,6824.0
4887,302.2419,4.4815,UHM45-10853.mzML,2265.0
4888,310.2746,14.289235,UHM56-22416.mzML,7795.0
4894,688.5199,14.193477,UHM17-22401.mzML,7330.0
4895,640.6226,26.959055,UHM43-10851.mzML,14585.0
4902,1566.8423,16.305992,UHM145-22424.mzML,8821.0
4907,839.6988,28.480908,UHM45-22436.mzML,15248.0
4908,600.5711,21.832,UHM125-22428.mzML,11493.0
4910,457.3273,12.624632,UHM72-22470.mzML,6607.0
4911,467.3122,14.838648,UHM56-22416.mzML,8003.0
4912,556.4412,14.059937,UHM31-22464.mzML,7516.0
4913,301.1408,5.693952,UHM56-22416.mzML,3005.0
4920,281.1494,1.241425,UHM56-22416.mzML,601.0
4921,556.4429,14.363561,UHM17-22401.mzML,7416.0
4931,403.109,4.674,UHM36-10847.mzML,2370.0
4932,398.3317,6.117,UHM72-22446.mzML,3133.0
4933,555.235,12.896081,UHM43-10851.mzML,6871.0
4934,268.2989,27.469,UHM43-10851.mzML,14875.0
4938,421.1066,1.234342,UHM31-22464.mzML,568.0
4940,866.4912,5.985,UHM38-10848.mzML,2976.0
4941,742.5359,19.875,UHM45-22434.mzML,10444.0
4943,304.2353,12.108,UHM45-10853.mzML,6333.0
4945,546.4493,21.54,UHM41-10850.mzML,11405.0
4946,917.3911,19.977071,UHM17-22401.mzML,10503.0
4947,430.333,4.957591,UHM56-22416.mzML,2604.0
4948,416.2119,1.810613,UHM31-22464.mzML,905.0
4951,304.2595,16.47039,UHM72-22446.mzML,8735.0
4956,381.3477,16.842044,UHM56-22416.mzML,9210.0
4960,597.5192,18.619643,UHM45-10853.mzML,10008.0
4972,769.4644,14.277834,UHM45-10853.mzML,7602.0
4975,270.2789,17.772,UHM102-22454.mzML,9506.0
4987,848.6791,25.7755,UHM31-22464.mzML,13872.0
4989,602.6002,21.2185,UHM20-10843.mzML,11260.0
4994,705.5533,19.817,UHM41-22468.mzML,10388.0
4997,846.6771,23.03,BE1.mzML,12325.0
4999,445.2553,13.215,BE3.mzML,6856.0
5000,565.4995,21.744,UHM38-22418.mzML,11323.0
5003,592.3284,7.888,UHM31-22464.mzML,4164.0
5005,615.4548,19.180536,UHM18-22438.mzML,10021.0
5008,776.5725,14.105,UHM17-22401.mzML,7279.0
5014,323.1852,17.363,UHM17-22401.mzML,9061.0
5017,422.3633,8.29,UHM56-22416.mzML,4416.0
5019,623.2582,12.07,BE3.mzML,6244.0
5021,573.4749,9.321,UHM41-22468.mzML,4571.0
5026,666.39,4.571,UHM31-22464.mzML,2357.0
5027,903.653,28.452311,UHM72-22448.mzML,15101.0
5041,494.2924,5.779139,UHM102-22452.mzML,2986.0
5042,1065.7061,20.01752,UHM102-22454.mzML,10759.0
5046,798.5388,28.453484,UHM102-22452.mzML,15368.0
5048,446.328,4.28,UHM31-22464.mzML,2209.0
5051,435.2511,14.105351,UHM18-10842.mzML,7221.0
5053,278.2119,4.043,UHM145-22424.mzML,2106.0
5055,647.2576,8.876538,UHM43-10851.mzML,4676.0
5058,492.3356,8.855195,UHM125-22432.mzML,4579.0
5060,632.3718,12.641671,UHM102-22454.mzML,6707.0
5062,501.1759,13.989,UHM17-10841.mzML,7360.0
5063,702.5349,14.892835,UHM31-22464.mzML,7968.0
5067,733.1982,7.543367,UHM17-10841.mzML,3818.0
5082,689.3033,11.18834,UHM56-22416.mzML,5972.0
5090,680.3711,4.691582,UHM31-22464.mzML,2437.0
5091,301.1407,12.062,BE1.mzML,6230.0
5093,266.1729,18.064,Blank-withIS_2.mzML,9614.0
5095,419.3165,6.203419,UHM102-22454.mzML,3184.0
5097,488.2716,4.127426,UHM38-10848.mzML,2009.0
5099,492.2946,11.278,UHM43-10851.mzML,5988.0
5102,466.3273,13.007489,UHM56-22416.mzML,7005.0
5111,851.3942,11.3745,UHM40-22410.mzML,5758.0
5112,313.2341,11.338,UHM72-22448.mzML,5705.0
5113,388.3408,12.1595,UHM17-22403.mzML,6433.0
5114,624.4478,20.08,UHM102-22454.mzML,10794.0
5115,561.2461,7.4433,UHM18-22440.mzML,3720.0
5117,565.4935,21.437,UHM18-10842.mzML,11227.0
5119,352.32,15.8,UHM72-22470.mzML,8358.0
5126,892.982,19.319833,UHM102-22454.mzML,10372.0
5128,386.3632,13.32344,UHM56-22416.mzML,7181.0
5135,566.4283,4.307133,UHM20-10843.mzML,2153.0
5139,850.5542,28.460537,UHM102-10855.mzML,15249.0
5140,613.3414,4.221,UHM17-22403.mzML,2127.0
5141,741.3017,12.271,UHM145-22426.mzML,6436.0
5142,338.342,18.269,UHM36-22408.mzML,9637.0
5149,419.2075,8.171,UHM43-10851.mzML,4286.0
5150,321.2424,12.085904,UHM31-10845.mzML,6172.0
5151,682.5631,19.991674,UHM18-22438.mzML,10451.0
5153,446.2422,10.373,UHM17-22403.mzML,5501.0
5163,703.1628,9.074,UHM145-22426.mzML,4730.0
5164,966.9864,17.378066,UHM45-10853.mzML,9302.0
5165,300.2173,6.482994,UHM45-10853.mzML,3361.0
5166,429.1846,6.973,UHM102-22452.mzML,3653.0
5167,789.2376,7.187426,UHM56-22416.mzML,3777.0
5169,643.2586,9.405136,UHM125-22432.mzML,4883.0
5174,441.2964,7.437917,UHM102-22454.mzML,3875.0
5177,698.4984,22.589,Blank-withIS_2.mzML,12051.0
5182,806.7525,27.762161,UHM40-22410.mzML,14820.0
5186,396.2268,7.59996,UHM17-22401.mzML,3818.0
5188,568.4738,15.771,UHM145-22424.mzML,8550.0
5190,547.2676,8.0565,UHM17-22403.mzML,4219.0
5197,435.3927,19.583,UHM22-22456.mzML,10203.0
5199,697.2115,7.927796,UHM56-22416.mzML,4240.0
5203,806.9467,17.097429,UHM145-22424.mzML,9253.0
5219,397.2386,12.908,UHM18-10842.mzML,6554.0
5222,781.6188,28.496185,UHM31-22462.mzML,15084.0
5226,733.3298,9.221511,UHM45-10853.mzML,4844.0
5229,725.5549,28.481128,UHM45-10853.mzML,15386.0
5233,619.2236,13.065831,UHM17-10841.mzML,6820.0
5235,595.4548,9.328762,UHM41-22468.mzML,4567.0
5238,457.1625,8.173,UHM102-10855.mzML,4140.0
5240,258.2792,10.572,UHM22-22456.mzML,5282.0
5243,340.2966,6.07871,UHM56-22416.mzML,3200.0
5244,896.7167,27.411,UHM36-22408.mzML,15098.0
5249,525.2821,12.859814,UHM27-10844.mzML,6566.0
5252,469.4991,26.388,UHM102-10855.mzML,14000.0
5257,678.4814,13.843,UHM20-10843.mzML,7220.0
5262,339.2891,12.455972,UHM45-10853.mzML,6653.0
5269,367.2954,14.219954,UHM40-22412.mzML,7260.0
5271,569.3613,19.958819,UHM18-10842.mzML,10407.0
5278,755.5385,28.451664,UHM72-22470.mzML,15394.0
5281,502.317,15.753094,UHM18-22438.mzML,8117.0
5283,517.2833,3.726977,UHM31-22464.mzML,1914.0
5284,1162.798,15.683,UHM56-22416.mzML,8485.0
5286,653.2839,19.688754,UHM17-10841.mzML,10452.0
5287,396.1873,5.352506,UHM56-22416.mzML,2810.0
5292,421.3398,12.126846,BE3.mzML,6276.0
5299,307.08,3.682,UHM125-22432.mzML,1793.0
5310,510.394,18.619,UHM31-10845.mzML,9736.0
5315,350.2888,5.649,UHM17-22401.mzML,2758.0
5323,1145.7607,28.286823,UHM36-22408.mzML,15102.0
5326,468.4778,18.94,UHM45-22436.mzML,10058.0
5328,279.0931,8.416842,UHM27-10844.mzML,4184.0
5330,415.0966,1.593226,UHM145-22424.mzML,811.0
5336,1044.6099,18.064,UHM72-22448.mzML,9397.0
5339,437.3254,6.196465,UHM102-22454.mzML,3171.0
5345,600.4663,14.308728,UHM17-22401.mzML,7400.0
5346,606.4719,21.532772,UHM18-22438.mzML,11279.0
5348,575.5021,28.226219,UHM27-10844.mzML,14979.0
5350,470.3832,8.769708,UHM145-22424.mzML,4685.0
5357,481.2829,20.985,Blank_MeOH.mzML,10921.0
5361,503.3011,12.555831,UHM43-10851.mzML,6663.0
5364,304.2983,11.843,UHM125-22432.mzML,6218.0
5368,385.1442,1.085196,UHM145-22424.mzML,517.0
5369,422.2545,7.182875,UHM125-22428.mzML,3573.0
5371,301.2659,17.099592,UHM31-10845.mzML,8910.0
5374,754.5356,17.947,UHM17-22403.mzML,9493.0
5377,620.7047,27.762162,UHM38-22420.mzML,14947.0
5390,339.3,10.811,UHM56-22416.mzML,5872.0
5391,414.2876,7.805514,UHM56-22416.mzML,4160.0
5392,866.3717,12.367455,UHM56-22416.mzML,6660.0
5393,677.5219,18.488,UHM102-22452.mzML,9923.0
5398,887.5616,28.258799,UHM102-10855.mzML,15144.0
5403,724.9681,14.0305,UHM17-22403.mzML,7453.0
5405,405.3155,16.833661,UHM145-22424.mzML,9185.0
5415,366.2308,16.447503,UHM72-22446.mzML,8687.0
5416,299.1379,19.635401,UHM43-10851.mzML,10584.0
5418,971.5638,21.105763,UHM20-22442.mzML,11037.0
5419,343.2235,11.345,UHM31-10845.mzML,5768.0
5420,599.4061,20.985,Blank-withIS_2.mzML,11158.0
5422,395.1019,8.815362,UHM102-22454.mzML,4604.0
5431,416.2579,2.110232,UHM18-10842.mzML,940.0
5439,445.3674,17.772,UHM22-22460.mzML,9391.0
5455,1103.6832,19.472163,UHM18-22438.mzML,10164.0
5461,587.1125,8.382365,UHM102-10855.mzML,4316.0
5466,645.366,12.11,UHM17-22403.mzML,6415.0
5467,318.2804,8.942272,UHM18-22438.mzML,4471.0
5469,298.3112,19.825602,UHM45-22436.mzML,10534.0
5471,1090.7202,28.328354,UHM45-22434.mzML,14983.0
5472,850.4931,5.283,UHM36-10847.mzML,2605.0
5473,449.3033,16.698457,UHM17-22403.mzML,8910.0
5476,541.2538,8.275,UHM56-22416.mzML,4436.0
5484,844.6193,19.992,UHM20-22444.mzML,10475.0
5487,645.4678,17.130067,UHM18-22438.mzML,8878.0
5488,623.1753,7.647,UHM17-10841.mzML,3897.0
5489,658.509,14.953,UHM56-22416.mzML,8058.0
5491,850.4922,6.089,UHM22-22460.mzML,3116.0
5495,625.1736,7.677,BE1.mzML,3963.0
5504,261.1103,7.242549,UHM102-10855.mzML,3642.0
5505,903.3829,19.174,UHM17-22401.mzML,10073.0
5506,413.2664,20.635,UHM18-10842.mzML,10752.0
5508,675.2911,10.08,UHM102-10855.mzML,5200.0
5511,787.6708,23.205,UHM44-10852.mzML,12081.0
5513,766.6899,28.026102,UHM22-22460.mzML,15007.0
5515,459.3074,7.436967,UHM18-22440.mzML,3723.0
5516,512.9482,10.226,UHM18-22440.mzML,5179.0
5524,429.3733,14.80994,UHM56-22416.mzML,7995.0
5525,786.4183,5.653944,UHM20-10843.mzML,2838.0
5526,367.2457,11.740192,BE3.mzML,6078.0
5527,415.1464,6.716,UHM102-10855.mzML,3359.0
5528,309.1221,4.1525,UHM17-22403.mzML,2089.0
5529,759.7422,20.81,UHM36-10847.mzML,11001.0
5534,408.3086,18.062895,Blank-withIS_2.mzML,9630.0
5542,689.2317,8.981166,UHM56-22416.mzML,4817.0
5546,465.2107,7.04256,UHM33-10846.mzML,3466.0
5550,437.3256,7.429,UHM18-22440.mzML,3717.0
5556,274.1915,9.919,UHM72-22446.mzML,5073.0
5561,729.5764,21.569,UHM125-22428.mzML,11351.0
5562,410.2887,16.404,UHM18-10842.mzML,8479.0
5563,435.3564,16.516163,UHM145-22424.mzML,8951.0
5569,547.2691,15.835518,BE3.mzML,8313.0
5572,315.2322,16.910653,UHM45-22436.mzML,8902.0
5573,286.2013,4.511,UHM56-22416.mzML,2361.0
5574,553.2429,10.403,UHM56-22416.mzML,5603.0
5578,935.5731,19.611714,UHM145-22424.mzML,10633.0
5585,1031.1282,24.830144,UHM38-22420.mzML,13296.0
5589,390.3588,11.988,UHM20-22442.mzML,6034.0
5591,349.2809,14.456,UHM145-22426.mzML,7650.0
5594,405.4216,17.202,UHM125-22432.mzML,9179.0
5596,689.2659,10.022,UHM102-10855.mzML,5181.0
5597,1521.8734,20.5755,UHM145-22424.mzML,11145.0
5598,369.2442,15.566,UHM31-10845.mzML,8079.0
5602,848.3708,11.203448,UHM31-10845.mzML,5691.0
5603,513.5236,27.996419,UHM40-22410.mzML,14867.0
5604,732.5174,21.5255,UHM31-22464.mzML,11592.0
5607,1127.7533,28.261244,UHM36-22408.mzML,15118.0
5609,564.4053,19.958819,UHM18-10842.mzML,10410.0
5611,383.3993,21.51,UHM38-22418.mzML,11229.0
5612,271.2391,5.379,UHM145-22424.mzML,2844.0
5616,483.2873,14.106,UHM56-22416.mzML,7619.0
5617,876.9506,16.64,UHM145-22424.mzML,8991.0
5627,427.3176,8.05795,UHM102-22454.mzML,4202.0
5629,583.2665,14.194254,UHM43-10851.mzML,7591.0
5630,823.3217,13.419564,UHM56-22416.mzML,7235.0
5632,647.6172,17.073828,UHM31-10845.mzML,8904.0
5635,569.2336,7.061,UHM56-22416.mzML,3744.0
5637,411.2893,7.4325,UHM31-22464.mzML,3894.0
5640,500.3737,6.598082,UHM45-10853.mzML,3426.0
5645,486.2007,4.584,UHM17-10841.mzML,2260.0
5647,800.6145,28.23022,BE1.mzML,15032.0
5652,555.318,11.221338,UHM17-22401.mzML,5704.0
5654,791.5614,18.561,UHM18-22438.mzML,9650.0
5661,455.2765,6.329879,UHM22-22458.mzML,3125.0
5681,604.6013,28.113261,UHM56-22416.mzML,15285.0
5682,775.3213,11.755,UHM36-10847.mzML,6029.0
5683,459.3069,4.865296,UHM102-22454.mzML,2461.0
5684,355.3318,11.783,UHM145-22422.mzML,5938.0
5688,285.2905,8.9,UHM41-22466.mzML,4513.0
5692,487.0925,12.86,UHM17-10841.mzML,6701.0
5701,957.9801,17.3855,UHM45-10853.mzML,9304.0
5705,742.5728,21.200457,UHM72-22470.mzML,10590.0
5706,453.1881,9.523339,UHM56-22416.mzML,5101.0
5721,546.4014,14.003144,UHM18-10842.mzML,7131.0
5722,497.2146,8.298764,UHM43-10851.mzML,4357.0
5725,255.2524,9.254,UHM45-22436.mzML,4660.0
5731,398.3403,12.378473,UHM17-22403.mzML,6574.0
5741,337.1052,11.373,UHM41-22468.mzML,5760.0
5746,827.6981,21.861,UHM36-10847.mzML,11546.0
5748,475.1972,7.131949,UHM43-10851.mzML,3716.0
5750,394.2238,6.7165,UHM27-10844.mzML,3290.0
5751,316.2475,7.882387,UHM102-22454.mzML,4094.0
5753,962.7756,28.223566,UHM36-22406.mzML,15011.0
5755,407.3013,9.9145,UHM22-22456.mzML,4978.0
5757,326.3411,20.138,UHM18-22438.mzML,10514.0
5763,496.4217,16.312,UHM125-22428.mzML,8474.0
5765,671.3796,17.685907,UHM36-22406.mzML,9226.0
5767,564.5065,25.173471,UHM145-22424.mzML,13375.0
5774,866.4918,5.386,UHM22-22460.mzML,2685.0
5775,458.4188,15.187,UHM18-10842.mzML,7811.0
5776,625.3956,15.990678,UHM40-22410.mzML,8312.0
5784,395.3988,12.595414,UHM102-22454.mzML,6675.0
5802,481.474,22.475,UHM41-22468.mzML,11846.0
5805,593.4399,19.290865,UHM72-22446.mzML,10271.0
5806,379.3301,14.448439,UHM17-22403.mzML,7684.0
5812,1103.5032,6.157,UHM45-10853.mzML,3181.0
5813,540.4478,16.224109,UHM41-22468.mzML,8409.0
5815,843.7297,28.282062,UHM33-10846.mzML,15034.0
5816,752.535,24.463015,UHM145-22424.mzML,13298.0
5817,326.3055,15.478159,UHM102-22454.mzML,8261.0
5818,752.4022,10.051,UHM40-22410.mzML,5070.0
5829,297.1232,9.0215,UHM43-10851.mzML,4759.0
5835,393.3075,13.96,UHM145-22426.mzML,7356.0
5836,797.3475,8.786,UHM17-10841.mzML,4489.0
5853,305.2478,14.301,UHM41-10850.mzML,7567.0
5859,672.4191,16.135857,UHM36-22406.mzML,8294.0
5860,701.1663,9.078716,UHM102-10855.mzML,4633.0
5862,321.2404,14.925762,UHM56-22416.mzML,8055.0
5866,496.3752,15.859,UHM56-22416.mzML,8573.0
5869,667.502,17.304,UHM31-10845.mzML,9014.0
5870,502.2917,12.698684,UHM36-10847.mzML,6560.0
5877,424.361,14.519896,UHM102-22454.mzML,7733.0
5879,1098.6656,28.349937,UHM102-22454.mzML,15305.0
5880,320.2555,13.235,UHM145-22422.mzML,6735.0
5881,453.3696,10.280125,UHM45-22436.mzML,5282.0
5882,399.3246,8.764415,UHM22-22460.mzML,4481.0
5891,618.4467,20.178935,UHM145-22424.mzML,10951.0
5892,767.2187,9.641675,UHM56-22416.mzML,5188.0
5893,593.1769,7.0235,UHM145-22426.mzML,3608.0
5895,654.6015,28.256158,UHM102-22454.mzML,15259.0
5896,368.3885,23.556,Blank-withIS_2.mzML,12576.0
5902,409.3105,19.320667,UHM38-22420.mzML,10295.0
5903,644.4947,13.96,UHM20-10843.mzML,7293.0
5904,573.2208,9.38,UHM43-10851.mzML,4945.0
5908,589.3552,11.2355,UHM145-22424.mzML,6054.0
5911,665.4014,19.270187,UHM36-10847.mzML,10152.0
5912,281.2482,14.932114,UHM56-22416.mzML,8061.0
5914,897.5953,18.940488,UHM56-22416.mzML,10258.0
5917,262.2385,7.402926,UHM17-22401.mzML,3652.0
5918,415.1752,6.204,UHM43-10851.mzML,3213.0
5921,970.7405,28.251441,Blank-withIS_1.mzML,15205.0
5922,711.393,15.902465,UHM31-22462.mzML,8178.0
5928,532.3374,13.5735,UHM31-10845.mzML,6979.0
5933,424.1742,7.578823,UHM31-10845.mzML,3763.0
5935,474.2587,11.291311,UHM17-22403.mzML,5969.0
5939,849.6807,28.465867,UHM45-22436.mzML,15251.0
5942,890.9682,18.298,UHM102-22454.mzML,9795.0
5945,284.2951,11.418728,UHM18-10842.mzML,5744.0
5946,634.4519,13.901128,UHM20-10843.mzML,7249.0
5953,763.7036,13.646,UHM56-22416.mzML,7347.0
5954,306.2432,6.000455,UHM145-22424.mzML,3167.0
5957,513.2088,4.928301,UHM56-22416.mzML,2595.0
5959,478.3411,14.188916,UHM40-22412.mzML,7289.0
5962,269.0804,3.755966,UHM56-22416.mzML,1916.0
5964,470.3531,8.855195,UHM125-22432.mzML,4582.0
5965,1014.5073,15.2835,UHM38-10848.mzML,8016.0
5973,424.1006,5.55022,UHM56-22416.mzML,2922.0
5976,295.1936,16.352185,Blank-withIS_2.mzML,8666.0
5979,520.3392,11.906,UHM17-22403.mzML,6305.0
5982,273.1666,3.437959,UHM56-22416.mzML,1720.0
5985,580.3281,8.99597,UHM145-22424.mzML,4823.0
5988,558.437,16.866348,UHM40-22410.mzML,8774.0
5991,887.6977,22.65,BE1.mzML,12025.0
5992,423.198,3.445008,UHM102-22454.mzML,1693.0
5994,704.4199,13.638714,UHM38-10848.mzML,6937.0
5999,685.3355,12.271,UHM43-10851.mzML,6522.0
6003,250.1131,6.833079,UHM145-22424.mzML,3628.0
6006,425.1082,4.1,UHM145-22424.mzML,2224.0
6008,512.4151,14.105,BE3.mzML,7346.0
6023,801.683,28.235035,UHM145-22424.mzML,15435.0
6033,590.4276,13.945136,UHM20-10843.mzML,7268.0
6037,609.3383,16.4205,UHM43-10851.mzML,8804.0
6038,460.2816,3.028524,UHM17-22403.mzML,1418.0
6046,467.3137,15.916,UHM41-10850.mzML,8337.0
6054,618.4501,20.06467,UHM22-22456.mzML,10495.0
6055,407.3346,14.517255,UHM18-10842.mzML,7448.0
6057,311.2581,11.033732,UHM45-10853.mzML,5836.0
6062,509.2496,9.302859,UHM43-10851.mzML,4900.0
6063,673.4894,17.334278,UHM56-22416.mzML,9376.0
6067,1312.5958,15.52995,UHM43-10851.mzML,8361.0
6078,259.1066,4.013,UHM17-22403.mzML,2005.0
6079,414.3384,19.929681,UHM18-10842.mzML,10394.0
6081,273.2631,9.258222,BE2.mzML,4647.0
6083,1104.7379,28.343202,UHM45-22434.mzML,14986.0
6087,443.364,9.190475,UHM102-22454.mzML,4818.0
6089,513.3032,12.286819,UHM45-10853.mzML,6557.0
6091,500.3742,7.737985,UHM45-10853.mzML,4035.0
6093,252.1946,3.98,UHM18-10842.mzML,1969.0
6095,467.1636,5.574035,UHM43-10851.mzML,2870.0
6097,358.2067,1.080521,UHM31-22464.mzML,510.0
6100,401.3054,7.977267,UHM22-22458.mzML,3990.0
6102,317.2096,13.258472,UHM56-22416.mzML,7155.0
6107,253.216,12.951135,UHM56-22416.mzML,6973.0
6108,441.4408,21.219,UHM22-22458.mzML,11153.0
6110,473.148,8.82031,UHM125-22432.mzML,4547.0
6113,533.1893,9.73044,UHM43-10851.mzML,5172.0
6115,393.3095,12.591207,UHM31-10845.mzML,6447.0
6117,896.7626,27.730965,UHM72-22470.mzML,14868.0
6118,250.1808,1.212033,UHM102-22452.mzML,569.0
6119,513.3191,14.734505,UHM56-22416.mzML,7971.0
6127,511.2253,12.422618,UHM17-22401.mzML,6371.0
6128,387.2715,10.84,UHM56-22416.mzML,5824.0
6130,353.3528,13.113,UHM145-22424.mzML,7072.0
6133,577.2345,3.407,UHM56-22416.mzML,1743.0
6137,265.0698,4.401402,UHM31-22464.mzML,2270.0
6138,522.5136,25.629736,UHM145-22424.mzML,14044.0
6140,324.1805,1.525267,UHM102-22452.mzML,733.0
6144,551.502,28.227688,BE2.mzML,15105.0
6146,698.662,28.301927,UHM145-22426.mzML,15248.0
6149,821.6518,17.918,UHM20-10843.mzML,9289.0
6150,649.4903,18.356,UHM31-10845.mzML,9598.0
6151,415.3405,17.217042,UHM145-22424.mzML,9335.0
6153,403.2924,9.994,BE1.mzML,5080.0
6156,413.4095,19.583,UHM22-22458.mzML,10257.0
6157,720.3724,12.272,UHM102-10855.mzML,6379.0
6158,319.2989,18.913582,Blank-withIS_1.mzML,10085.0
6163,571.4283,19.379,UHM18-22438.mzML,10111.0
6164,809.6468,19.817,UHM40-22412.mzML,10336.0
6177,291.1936,12.078259,UHM45-10853.mzML,6423.0
6180,711.3903,16.695273,UHM17-22401.mzML,8709.0
6185,562.1656,7.033797,UHM102-22454.mzML,3643.0
6192,281.1755,3.945,UHM22-22460.mzML,1954.0
6200,497.2665,16.556997,UHM72-22448.mzML,8562.0
6201,351.3741,14.515,UHM145-22424.mzML,7792.0
6204,670.4396,13.562234,UHM38-10848.mzML,6906.0
6206,357.1994,11.6115,BE3.mzML,6001.0
6208,540.5343,21.277,UHM38-22418.mzML,11120.0
6209,416.2637,5.812039,UHM102-22454.mzML,3037.0
6210,991.4945,16.911,UHM56-22416.mzML,9109.0
6211,1168.5562,17.596,UHM45-10853.mzML,9458.0
6217,628.4987,16.311083,UHM38-22420.mzML,8644.0
6223,1014.5593,6.07871,UHM145-22424.mzML,3223.0
6227,328.1178,4.504,UHM56-22416.mzML,2357.0
6231,524.4454,16.636755,UHM17-22403.mzML,8894.0
6232,419.218,12.879,UHM18-10842.mzML,6564.0
6233,306.2634,7.490665,UHM17-22401.mzML,3698.0
6234,270.2787,9.734,UHM45-10853.mzML,5145.0
6237,457.2921,6.692256,UHM22-22458.mzML,3298.0
6245,430.3162,8.738265,UHM56-22416.mzML,4682.0
6253,292.2026,5.015467,UHM36-10847.mzML,2474.0
6254,716.5224,28.222713,UHM18-22438.mzML,15051.0
6256,396.3261,20.340618,UHM18-10842.mzML,10637.0
6263,311.1884,12.363963,UHM22-22458.mzML,6292.0
6265,767.3741,14.080454,UHM43-10851.mzML,7537.0
6266,387.3218,10.177,UHM22-22460.mzML,5245.0
6269,425.1566,8.7365,UHM43-10851.mzML,4596.0
6272,311.3018,10.41,UHM20-22444.mzML,5231.0
6274,527.2755,6.076855,UHM145-22426.mzML,2945.0
6279,722.5054,13.725972,UHM20-10843.mzML,7191.0
6281,523.2668,12.091,UHM145-22424.mzML,6499.0
6286,592.5656,28.126167,UHM145-22424.mzML,15124.0
6294,759.575,28.210289,UHM145-22426.mzML,15587.0
6295,727.4034,15.810305,UHM38-22420.mzML,8354.0
6303,493.3974,11.658608,UHM102-22454.mzML,6178.0
6310,335.3036,17.305333,UHM38-22420.mzML,9185.0
6313,539.2685,3.735,UHM56-22416.mzML,1931.0
6319,465.2271,3.145395,UHM56-22416.mzML,1594.0
6337,449.4101,16.987634,UHM145-22422.mzML,8800.0
6344,321.1312,3.849,UHM33-10846.mzML,1961.0
6352,823.6652,28.470559,UHM102-22452.mzML,15365.0
6353,405.3452,16.9855,UHM17-10841.mzML,8983.0
6355,823.3773,10.396,UHM17-22401.mzML,5279.0
6359,348.327,12.300245,UHM20-10843.mzML,6390.0
6361,736.5314,14.077,UHM43-10851.mzML,7520.0
6370,254.2488,9.438,UHM145-22426.mzML,4900.0
6372,537.4622,20.254923,UHM38-10848.mzML,10558.0
6374,286.2753,10.899,UHM31-22464.mzML,5785.0
6382,758.439,16.750118,UHM56-22416.mzML,9044.0
6383,971.636,28.497415,UHM72-22448.mzML,15090.0
6384,253.1434,12.626,BE3.mzML,6522.0
6396,317.124,3.6935,UHM125-22432.mzML,1806.0
6397,389.1244,4.317,UHM145-22424.mzML,2252.0
6398,639.5661,19.612856,UHM36-10847.mzML,10345.0
6406,571.2603,8.76386,UHM145-22424.mzML,4695.0
6407,1655.8959,18.151,UHM45-10853.mzML,9730.0
6410,380.3491,13.4665,UHM17-22401.mzML,6917.0
6411,763.668,22.188926,UHM22-22456.mzML,11643.0
6412,467.3497,13.074149,UHM102-22454.mzML,6943.0
6413,395.436,17.2905,UHM145-22424.mzML,9367.0
6415,539.2646,7.440458,UHM18-22440.mzML,3742.0
6418,346.9734,7.852957,UHM22-22458.mzML,3887.0
6423,750.5652,15.005061,UHM102-22452.mzML,7997.0
6425,517.3287,12.9105,UHM31-22462.mzML,6544.0
6438,827.6983,28.281152,UHM145-22424.mzML,15421.0
6439,950.4655,15.829,UHM43-10851.mzML,8466.0
6440,267.1738,4.858296,UHM45-10853.mzML,2463.0
6449,463.1658,11.552,BE3.mzML,5963.0
6455,746.5643,14.822,UHM20-10843.mzML,7764.0
6456,541.2555,12.547352,UHM43-10851.mzML,6676.0
6461,1009.4741,15.099024,UHM43-10851.mzML,8082.0
6462,539.2981,13.463,UHM102-10855.mzML,7028.0
6465,744.5507,28.388316,UHM145-22424.mzML,15616.0
6470,573.4893,28.212348,UHM56-22416.mzML,15414.0
6483,496.3381,12.1015,UHM45-10853.mzML,6426.0
6485,421.414,21.582395,UHM40-22410.mzML,11372.0
6489,499.3857,6.468,UHM145-22426.mzML,3294.0
6490,344.3156,12.1375,UHM45-22436.mzML,6342.0
6493,324.3276,19.378,UHM20-22444.mzML,10128.0
6500,421.308,12.301218,UHM145-22424.mzML,6637.0
6505,302.3044,11.41,UHM72-22470.mzML,5944.0
6508,651.5365,28.31431,BE1.mzML,15173.0
6513,584.4202,20.167,UHM20-22444.mzML,10563.0
6515,759.6392,21.803,UHM31-22462.mzML,11424.0
6517,706.6297,28.372756,UHM45-22436.mzML,15282.0
6522,377.1416,1.229,UHM125-22428.mzML,552.0
6525,380.3319,14.017303,UHM18-10842.mzML,7167.0
6530,451.3191,16.837,UHM38-10848.mzML,8686.0
6532,463.4239,21.219,UHM22-22456.mzML,11128.0
6533,734.4709,23.1465,UHM145-22426.mzML,12287.0
6539,402.3082,7.433458,UHM102-22454.mzML,3779.0
6540,695.3915,17.597,BE2.mzML,9242.0
6541,1078.8186,20.3425,UHM18-22438.mzML,10557.0
6544,555.2299,7.443474,UHM17-22403.mzML,3872.0
6546,672.5267,16.229305,UHM102-22452.mzML,8702.0
6554,463.2145,4.534,UHM56-22416.mzML,2367.0
6561,365.134,13.170487,UHM40-22410.mzML,6749.0
6562,744.5011,13.551,UHM45-10853.mzML,7288.0
6564,1194.9004,21.534057,UHM31-22464.mzML,11611.0
6574,857.3683,8.481451,UHM145-22426.mzML,4361.0
6579,527.2601,9.492996,UHM56-22416.mzML,5088.0
6582,406.2929,17.7565,Blank-withIS_2.mzML,9435.0
6584,540.4453,16.513,UHM17-10841.mzML,8717.0
6586,471.2945,12.85,UHM145-22424.mzML,6934.0
6589,339.1077,3.6935,UHM125-22432.mzML,1790.0
6591,343.1656,6.362374,UHM102-22454.mzML,3287.0
6601,252.1569,3.243144,UHM17-22403.mzML,1630.0
6603,1165.5048,9.029,UHM43-10851.mzML,4764.0
6604,467.1628,3.461757,UHM56-22416.mzML,1782.0
6615,481.2198,7.891,UHM43-10851.mzML,4136.0
6616,661.2371,8.450327,UHM56-22416.mzML,4509.0
6622,360.2392,5.379,UHM145-22424.mzML,2835.0
6623,517.3706,9.918,UHM17-22403.mzML,5079.0
6625,308.1955,11.543569,UHM45-10853.mzML,6125.0
6628,512.4973,19.057881,UHM22-22456.mzML,9948.0
6640,956.7283,28.23771,UHM31-10845.mzML,15034.0
6645,725.3659,13.387,UHM102-10855.mzML,6996.0
6647,585.1178,8.403,UHM36-10847.mzML,4208.0
6653,572.4001,8.906724,UHM56-22416.mzML,4786.0
6655,452.3936,16.399673,UHM20-10843.mzML,8637.0
6658,563.0875,13.332,BE3.mzML,6927.0
6660,413.41,19.845119,BE2.mzML,10339.0
6663,303.1218,5.906466,UHM125-22428.mzML,2979.0
6665,527.2999,21.9775,UHM18-10842.mzML,11515.0
6666,263.1285,17.479,UHM17-10841.mzML,9244.0
6669,471.186,7.295,UHM45-10853.mzML,3817.0
6673,555.3535,5.839183,UHM145-22426.mzML,2920.0
6680,560.3805,6.117,UHM72-22446.mzML,3138.0
6684,593.2131,7.063,UHM56-22416.mzML,3748.0
6685,637.4658,10.750684,UHM102-22454.mzML,5651.0
6686,465.2982,15.099,UHM17-22403.mzML,8049.0
6691,403.3277,16.8569,UHM17-22403.mzML,9012.0
6694,388.1573,4.104,UHM17-22403.mzML,2197.0
6700,870.5599,14.033,BE3.mzML,7315.0
6710,414.2476,5.26596,UHM56-22416.mzML,2766.0
6711,271.1682,12.368144,UHM72-22470.mzML,6444.0
6717,568.2518,8.816,UHM56-22416.mzML,4714.0
6719,437.3726,12.615379,UHM125-22430.mzML,6423.0
6724,710.4152,4.767,UHM31-22464.mzML,2474.0
6730,427.2975,16.833661,UHM56-22416.mzML,9024.0
6733,496.3165,12.091,UHM145-22426.mzML,6350.0
6734,481.3003,8.962,UHM56-22416.mzML,4804.0
6738,318.2642,5.816,UHM17-22401.mzML,2849.0
6745,780.6332,28.234412,UHM102-22454.mzML,15413.0
6749,318.191,1.18231,UHM56-22416.mzML,582.0
6755,566.603,28.092958,UHM45-10853.mzML,15312.0
6757,566.3903,13.080466,UHM56-22416.mzML,7040.0
6761,315.1905,12.948045,UHM56-22416.mzML,6979.0
6764,438.3786,15.304,Blank_MeOH.mzML,7944.0
6772,358.2599,7.265392,UHM56-22416.mzML,3882.0
6773,412.3209,6.733583,UHM125-22432.mzML,3425.0
6774,268.2991,14.719,UHM20-10843.mzML,7697.0
6775,510.269,7.877231,UHM44-10852.mzML,3901.0
6777,572.3199,11.097,UHM145-22424.mzML,5971.0
6780,347.1204,1.593112,UHM145-22424.mzML,872.0
6781,641.2988,4.458177,UHM31-22464.mzML,2318.0
6782,946.5728,28.472523,UHM56-10854.mzML,15046.0
6794,445.1201,16.341295,BE2.mzML,8547.0
6799,668.4242,12.789,UHM38-10848.mzML,6491.0
6803,534.3429,13.668,UHM43-10851.mzML,7300.0
6806,308.089,16.773291,UHM56-22416.mzML,9091.0
6810,826.5798,28.310002,UHM18-22438.mzML,15018.0
6811,784.4876,4.993,UHM56-22416.mzML,2605.0
6812,308.2231,6.978949,UHM72-22446.mzML,3587.0
6813,334.2339,10.326,UHM45-10853.mzML,5452.0
6816,632.6323,26.184,UHM44-10852.mzML,13745.0
6817,584.311,14.387546,UHM31-10845.mzML,7476.0
6818,920.7301,28.201646,UHM40-22412.mzML,14957.0
6835,1186.6982,18.298,UHM102-22454.mzML,9799.0
6836,535.4457,12.772,UHM56-22416.mzML,6896.0
6840,339.29,12.69,UHM17-10841.mzML,6617.0
6846,363.2978,14.411568,UHM145-22424.mzML,7776.0
6847,542.1389,9.584,UHM18-22440.mzML,4848.0
6861,1014.5612,5.859,UHM17-22403.mzML,2997.0
6868,903.6522,28.388316,UHM72-22448.mzML,15059.0
6877,403.292,9.76208,UHM72-22446.mzML,5031.0
6881,601.3301,17.48,UHM20-22442.mzML,9069.0
6896,299.1605,12.790327,BE3.mzML,6619.0
6898,463.3784,21.072,UHM36-10847.mzML,11180.0
6901,432.3479,3.391924,UHM31-22464.mzML,1717.0
6905,842.6968,20.693,UHM56-22416.mzML,11250.0
6909,662.6426,28.26507,UHM72-22446.mzML,15195.0
6915,943.4716,12.032,UHM145-22426.mzML,6310.0
6918,971.5867,20.109,UHM45-22436.mzML,10682.0
6919,740.519,28.36505,UHM145-22424.mzML,15424.0
6921,446.2542,10.635705,UHM40-22412.mzML,5439.0
6922,663.1496,7.893,UHM40-22410.mzML,3947.0
6926,504.3112,3.5795,UHM45-10853.mzML,1698.0
6927,1471.8596,18.678,UHM145-22424.mzML,10134.0
6928,550.8468,12.38282,UHM17-22403.mzML,6564.0
6932,478.3242,10.717112,UHM31-22462.mzML,5363.0
6941,352.2439,6.65,UHM20-10843.mzML,3326.0
6945,668.6292,18.534495,UHM45-10853.mzML,9965.0
6946,1143.7064,23.297045,Blank-withIS_2.mzML,12455.0
6960,677.5241,18.2975,UHM41-22468.mzML,9555.0
6964,834.5443,28.324937,UHM45-10853.mzML,15332.0
6973,633.4973,18.911,UHM45-10853.mzML,10193.0
6980,436.3167,19.987956,UHM18-10842.mzML,10416.0
6982,425.304,18.9115,UHM22-22460.mzML,10040.0
6985,481.293,12.282091,UHM31-22464.mzML,6543.0
6986,380.33,7.18,UHM125-22432.mzML,3670.0
7000,375.3061,15.8,Blank-withIS_2.mzML,8483.0
7008,421.1089,1.593168,UHM56-22416.mzML,799.0
7014,843.7288,28.370072,UHM40-22412.mzML,15093.0
7019,626.3657,12.835013,UHM145-22424.mzML,6899.0
7025,386.2231,7.395592,UHM20-22442.mzML,3618.0
7031,696.6483,28.260419,UHM145-22422.mzML,15009.0
7033,764.2064,6.818776,UHM56-22416.mzML,3504.0
7036,648.6284,28.252635,UHM72-22446.mzML,15180.0
7037,720.5903,28.226417,BE1.mzML,15287.0
7039,427.3554,19.495524,UHM38-22418.mzML,10103.0
7047,473.312,14.517048,UHM40-10849.mzML,7398.0
7050,506.4589,17.538,UHM31-10845.mzML,9160.0
7058,435.3104,6.698,UHM22-22458.mzML,3303.0
7061,343.188,8.338891,UHM20-10843.mzML,4273.0
7068,549.3615,6.349,UHM40-22410.mzML,3111.0
7069,908.4615,14.544476,UHM43-10851.mzML,7781.0
7070,511.36,18.809,Blank-withIS_3.mzML,9982.0
7077,525.2384,16.657,UHM17-10841.mzML,8791.0
7080,932.7314,28.196948,UHM27-10844.mzML,14963.0
7083,419.3145,21.9195,UHM40-22410.mzML,11430.0
7088,414.2848,7.91161,UHM45-10853.mzML,4093.0
7093,495.1279,9.305044,UHM102-22454.mzML,4901.0
7095,884.4966,5.568,UHM72-22470.mzML,2803.0
7096,335.2936,15.800097,UHM36-10847.mzML,8267.0
7100,939.3753,19.963142,UHM17-22401.mzML,10505.0
7114,541.2533,8.059175,UHM38-22420.mzML,4132.0
7119,561.1131,14.982,UHM17-10841.mzML,7879.0
7123,551.2019,5.931247,UHM56-22416.mzML,3123.0
7125,409.3094,15.625,UHM45-22436.mzML,8230.0
7127,568.2983,14.485188,UHM125-22432.mzML,7755.0
7128,778.4653,18.971049,UHM125-22428.mzML,9931.0
7131,918.5404,28.479744,UHM102-10855.mzML,15297.0
7136,491.2815,8.774714,UHM56-22416.mzML,4675.0
7144,777.5448,16.754436,UHM18-22438.mzML,8670.0
7145,329.2967,18.882,UHM31-10845.mzML,9902.0
7147,468.3888,14.167175,BE3.mzML,7541.0
7149,410.2909,9.527043,UHM45-10853.mzML,5008.0
7154,371.1013,23.672,Blank_MeOH.mzML,12431.0
7163,584.3063,14.632,UHM31-10845.mzML,7556.0
7172,287.0515,4.398701,UHM56-22416.mzML,2290.0
7173,419.3609,17.742,UHM36-22408.mzML,9320.0
7177,398.2534,5.461,UHM102-22452.mzML,2822.0
7179,400.3805,14.540351,UHM45-10853.mzML,7790.0
7186,792.5898,28.447561,UHM72-22470.mzML,15235.0
7187,526.463,17.655,UHM17-22403.mzML,9435.0
7197,372.3482,13.959598,UHM36-22408.mzML,7271.0
7203,1098.3827,16.813322,UHM56-22416.mzML,9124.0
7212,407.2776,9.205,UHM125-22432.mzML,4787.0
7226,509.16,2.769257,UHM31-22464.mzML,1395.0
7228,1020.7789,19.59776,UHM18-22438.mzML,10243.0
7229,832.6851,28.300558,UHM45-22434.mzML,15023.0
7232,296.2933,11.609,UHM45-10853.mzML,6173.0
7233,660.6294,28.232329,UHM22-22458.mzML,15006.0
7236,347.0291,11.6335,UHM27-10844.mzML,5901.0
7239,766.5332,13.785,UHM20-10843.mzML,7182.0
7240,479.2415,4.542,UHM56-22416.mzML,2386.0
7243,1363.7684,16.702287,UHM145-22424.mzML,9045.0
7259,526.2274,4.127426,UHM38-10848.mzML,2002.0
7264,600.4688,14.018,UHM56-22416.mzML,7565.0
7270,732.402,5.425918,UHM38-22420.mzML,2724.0
7280,755.6043,21.333467,UHM45-22436.mzML,11449.0
7285,526.2395,7.5275,UHM27-10844.mzML,3711.0
7286,497.344,15.9415,UHM22-22458.mzML,8273.0
7287,623.4509,17.21547,UHM18-22438.mzML,8916.0
7300,1027.9958,14.922106,UHM45-10853.mzML,7979.0
7305,493.257,5.134344,UHM56-22416.mzML,2701.0
7309,369.1819,11.901,UHM17-10841.mzML,6188.0
7316,559.4442,20.152583,UHM18-22438.mzML,10498.0
7332,280.1546,1.416768,UHM56-22416.mzML,690.0
7333,362.3263,9.183344,UHM145-22426.mzML,4679.0
7335,302.2322,6.79756,UHM45-10853.mzML,3432.0
7336,598.3337,11.506,UHM145-22424.mzML,6192.0
7341,483.309,9.624259,UHM45-10853.mzML,5075.0
7343,801.6822,28.396616,UHM36-10847.mzML,15106.0
7347,319.2841,13.6525,UHM72-22448.mzML,6962.0
7350,846.6502,17.42,UHM18-22438.mzML,8997.0
7355,860.667,19.963,UHM72-22446.mzML,10621.0
7356,297.1838,8.062312,UHM102-22454.mzML,4218.0
7357,693.2541,12.008,UHM43-10851.mzML,6427.0
7358,724.5314,14.018,UHM45-10853.mzML,7519.0
7367,433.2949,6.324,UHM22-22458.mzML,3129.0
7373,702.5607,19.817522,BE1.mzML,11518.0
7376,1118.7491,28.36281,UHM125-22428.mzML,15064.0
7386,593.55,28.259168,Blank_MeOH.mzML,14970.0
7396,297.0836,11.449,BE1.mzML,5904.0
7406,906.5704,20.81,Blank_MeOH.mzML,10823.0
7413,959.4758,3.812,UHM145-22424.mzML,1961.0
7417,591.3185,6.336,UHM145-22422.mzML,3118.0
7418,517.3486,10.577194,UHM31-22462.mzML,5267.0
7422,703.5741,28.448824,UHM45-10853.mzML,15540.0
7430,301.2841,9.037518,UHM18-10842.mzML,4474.0
7431,251.1261,7.395132,UHM20-22444.mzML,3624.0
7433,458.3497,14.105351,UHM18-10842.mzML,7211.0
7434,355.3323,9.641675,UHM22-22456.mzML,4770.0
7452,314.3419,13.775522,UHM145-22424.mzML,7334.0
7460,553.311,13.740929,UHM17-10841.mzML,7226.0
7463,318.2989,9.204,UHM36-22408.mzML,4754.0
7472,374.2532,5.204,UHM56-22416.mzML,2768.0
7474,332.2074,3.023908,UHM56-22416.mzML,1545.0
7477,965.4569,0.981919,UHM72-22446.mzML,466.0
7479,601.5191,28.229678,UHM22-22456.mzML,14971.0
7488,962.7335,18.925979,UHM18-22438.mzML,9894.0
7494,795.3675,14.871239,UHM56-22416.mzML,8039.0
7499,712.7027,13.6315,UHM145-22424.mzML,7364.0
7509,774.6303,28.408624,UHM44-10852.mzML,15054.0
7510,257.2222,4.688,UHM145-22424.mzML,2448.0
7511,680.3692,15.895176,UHM45-10853.mzML,8510.0
7515,331.2175,6.146,UHM43-10851.mzML,3181.0
7519,1125.5186,14.95447,UHM56-22416.mzML,8066.0
7520,730.5217,15.068232,UHM45-10853.mzML,7997.0
7522,872.6455,21.803,UHM102-22454.mzML,11735.0
7530,324.3255,13.581,BE2.mzML,7067.0
7531,282.1379,7.463565,UHM145-22422.mzML,3639.0
7532,534.5231,28.228002,Blank-withIS_2.mzML,15143.0
7536,317.2119,11.438038,UHM17-22403.mzML,6065.0
7537,449.2003,3.348542,UHM56-22416.mzML,1698.0
7546,394.3277,12.919,UHM72-22446.mzML,6764.0
7566,625.298,10.402,UHM56-22416.mzML,5553.0
7571,678.3622,11.015,UHM40-22410.mzML,5579.0
7574,584.4723,16.136,UHM20-10843.mzML,8477.0
7579,466.2932,12.081,UHM22-22460.mzML,6292.0
7587,789.6845,22.124,UHM145-22424.mzML,12042.0
7590,279.2296,11.579,UHM31-22464.mzML,6156.0
7614,443.1229,6.21542,UHM43-10851.mzML,3248.0
7617,319.1722,1.155778,UHM56-22416.mzML,546.0
7618,728.5593,28.223566,UHM72-22470.mzML,15142.0
7621,269.2257,14.486831,BE2.mzML,7529.0
7622,482.2141,8.121171,UHM43-10851.mzML,4270.0
7625,434.1454,5.367151,UHM31-22464.mzML,2782.0
7642,275.2365,12.0205,UHM125-22428.mzML,6177.0
7645,601.444,17.29,UHM18-22438.mzML,8948.0
7653,401.3366,10.702,UHM31-22464.mzML,5695.0
7656,904.6927,18.181,UHM18-22438.mzML,9446.0
7660,293.1777,12.359654,UHM22-22458.mzML,6298.0
7670,558.4207,8.738287,UHM56-22416.mzML,4653.0
7676,515.2267,7.957,UHM145-22426.mzML,4070.0
7682,459.3101,7.33231,UHM18-22440.mzML,3659.0
7683,723.5415,19.758618,UHM56-22416.mzML,10705.0
7685,390.3361,10.401953,UHM31-22464.mzML,5535.0
7686,364.2473,10.527,UHM31-22464.mzML,5612.0
7704,537.3048,11.813,UHM45-10853.mzML,6266.0
7707,478.3011,7.310168,UHM125-22432.mzML,3749.0
7709,390.2957,14.850604,UHM45-22436.mzML,7833.0
7718,865.7094,28.483818,UHM18-22438.mzML,15124.0
7721,872.5144,15.859,UHM22-22460.mzML,8342.0
7727,887.5738,14.2375,UHM145-22424.mzML,7685.0
7728,628.4998,16.046887,UHM20-10843.mzML,8442.0
7735,708.6102,28.331821,UHM43-10851.mzML,15455.0
7739,831.6926,28.358861,UHM18-10842.mzML,15058.0
7743,385.3339,17.626,UHM18-22438.mzML,9169.0
7753,307.2293,12.397699,UHM20-10843.mzML,6438.0
7757,538.3623,14.394002,UHM125-22432.mzML,7627.0
7759,664.3883,11.935595,UHM38-10848.mzML,6031.0
7767,376.3169,14.75771,UHM72-22448.mzML,7480.0
7786,351.3733,13.902,UHM145-22424.mzML,7505.0
7791,379.0009,7.855673,UHM17-22403.mzML,4105.0
7796,251.2005,12.106,UHM45-10853.mzML,6445.0
7801,372.3466,13.016169,UHM31-22462.mzML,6592.0
7803,330.1969,8.233,UHM20-22442.mzML,4041.0
7806,607.3226,8.504984,UHM45-10853.mzML,4463.0
7821,588.4094,4.289,UHM20-10843.mzML,2164.0
7830,661.3029,17.30456,UHM17-10841.mzML,9146.0
7832,527.2195,5.876615,UHM56-22416.mzML,3107.0
7837,411.1774,17.479,Blank-withIS_3.mzML,9250.0
7838,392.2933,6.249917,UHM145-22424.mzML,3318.0
7842,625.2343,6.858681,UHM20-22444.mzML,3460.0
7846,514.3571,8.115,UHM102-22452.mzML,4225.0
7847,729.2968,10.285,UHM56-22416.mzML,5502.0
7848,461.2742,7.209,UHM102-22452.mzML,3762.0
7868,590.5262,28.201289,UHM22-22460.mzML,15214.0
7872,967.4631,13.930988,UHM102-10855.mzML,7304.0
7884,904.6946,19.865749,UHM40-22412.mzML,10358.0
7888,638.3005,9.401609,UHM56-22416.mzML,5037.0
7889,388.3939,16.267,UHM56-10854.mzML,8392.0
7892,340.26,1.386158,UHM56-22416.mzML,674.0
7895,459.1997,4.279,UHM56-22416.mzML,2223.0
7896,554.3981,17.188122,UHM125-22432.mzML,9160.0
7901,304.212,3.304778,UHM56-22416.mzML,1695.0
7904,706.4354,14.226301,UHM38-10848.mzML,7255.0
7909,343.332,9.405003,UHM56-22416.mzML,5043.0
7913,271.1878,4.157,UHM20-10843.mzML,2083.0
7915,325.249,6.976127,UHM20-10843.mzML,3571.0
7924,346.2358,10.547272,UHM20-10843.mzML,5430.0
7927,651.1708,9.010224,UHM125-22432.mzML,4694.0
7933,333.2138,5.841,BE1.mzML,3027.0
7940,855.4653,18.990151,UHM18-10842.mzML,9872.0
7941,333.2151,6.281,UHM102-22454.mzML,3232.0
7942,258.2802,11.405,UHM20-22444.mzML,5763.0
7943,446.2031,4.0865,UHM45-10853.mzML,2100.0
7952,824.653,28.233398,UHM40-22412.mzML,14974.0
7957,349.2348,14.208,BE3.mzML,7416.0
7963,1103.8282,14.778,UHM102-22452.mzML,7898.0
7965,435.2343,9.133774,UHM17-22401.mzML,4582.0
7966,615.2655,11.9305,UHM102-10855.mzML,6215.0
7969,322.2717,11.2,UHM18-22440.mzML,5718.0
7975,324.3607,14.111,UHM17-22401.mzML,7106.0
7978,715.276,28.475636,UHM72-22446.mzML,15275.0
7996,538.4214,16.287103,UHM36-22408.mzML,8524.0
7997,591.4177,18.678,UHM102-22454.mzML,10023.0
7999,810.5565,13.726,UHM20-10843.mzML,7163.0
8011,287.146,3.642,UHM56-22416.mzML,1864.0
8012,522.356,12.550463,UHM102-22452.mzML,6677.0
8018,397.2726,6.324,UHM22-22458.mzML,3115.0
8023,512.9487,12.632122,UHM22-22458.mzML,6444.0
8030,398.3409,5.787,UHM38-22420.mzML,2921.0
8031,883.4549,14.573,UHM43-10851.mzML,7810.0
8036,495.5244,21.257342,UHM17-10841.mzML,11348.0
8048,351.3739,14.866,UHM145-22424.mzML,8038.0
8053,577.2766,8.76386,UHM145-22424.mzML,4710.0
8056,1377.736,15.888,UHM145-22424.mzML,8600.0
8063,739.5677,28.479748,UHM45-10853.mzML,15435.0
8077,686.5433,17.275149,UHM38-22420.mzML,9156.0
8078,590.5455,28.554466,UHM102-22454.mzML,15339.0
8079,1124.6826,28.336304,UHM102-22454.mzML,15311.0
8082,457.1823,7.59658,UHM36-10847.mzML,3797.0
8084,767.2532,7.18,UHM56-22416.mzML,3822.0
8086,882.6975,25.598858,UHM31-22462.mzML,13540.0
8096,478.2915,11.847,UHM17-22403.mzML,6251.0
8097,419.3148,7.349417,UHM38-22420.mzML,3766.0
8098,384.3942,10.212104,UHM22-22460.mzML,5318.0
8107,559.2297,6.693,UHM22-22458.mzML,3320.0
8113,398.2017,10.635,UHM45-10853.mzML,5535.0
8119,501.2096,5.51815,UHM56-22416.mzML,2907.0
8123,399.2868,7.756572,UHM22-22458.mzML,3852.0
8136,799.3698,11.047059,UHM36-10847.mzML,5680.0
8141,433.1155,4.664,UHM145-22424.mzML,2400.0
8144,256.2632,9.932,Blank-withIS_3.mzML,5284.0
8150,718.4374,14.177613,UHM38-10848.mzML,7239.0
8167,445.3294,15.945938,UHM41-10850.mzML,8343.0
8175,690.5319,16.3615,Blank-withIS_3.mzML,8674.0
8179,279.2318,13.905332,UHM31-22462.mzML,7089.0
8187,348.3261,9.233,UHM56-22416.mzML,4947.0
8188,609.2816,11.843,UHM27-10844.mzML,6002.0
8192,673.3818,16.713714,UHM45-10853.mzML,8942.0
8195,312.2332,16.024,UHM18-10842.mzML,8260.0
8206,500.3781,7.888744,UHM17-22403.mzML,4147.0
8207,619.4987,16.720449,UHM145-22422.mzML,8686.0
8208,385.1774,5.981101,UHM43-10851.mzML,3037.0
8219,297.2887,8.412808,UHM145-22424.mzML,4512.0
8220,720.5923,28.295115,UHM125-22428.mzML,15181.0
8221,369.3479,10.280115,UHM145-22424.mzML,5523.0
8229,313.3203,11.6405,UHM22-22456.mzML,5943.0
8241,925.4699,15.917,UHM43-10851.mzML,8532.0
8265,1014.4963,16.137663,Blank-withIS_1.mzML,8551.0
8271,566.55,28.277875,UHM56-22416.mzML,15405.0
8272,752.5165,28.268379,UHM145-22424.mzML,15393.0
8281,857.3652,8.805887,UHM145-22426.mzML,4534.0
8284,820.5995,14.076,UHM17-22401.mzML,7256.0
8285,309.131,6.935716,UHM18-10842.mzML,3480.0
8289,600.3609,12.772,UHM17-10841.mzML,6670.0
8295,484.4132,14.953,UHM38-22420.mzML,7867.0
8297,302.1872,10.123,UHM36-22408.mzML,5197.0
8308,864.9538,15.902353,UHM18-22438.mzML,8210.0
8316,409.341,16.268,UHM45-10853.mzML,8701.0
8322,708.3167,10.846221,UHM102-10855.mzML,5661.0
8325,333.1371,9.404383,UHM36-22406.mzML,4739.0
8329,444.3117,5.008,UHM102-22454.mzML,2546.0
8330,513.1632,7.823,UHM17-10841.mzML,3980.0
8334,593.3364,6.239893,UHM102-10855.mzML,3121.0
8336,652.6217,28.289483,UHM22-22458.mzML,15014.0
8338,372.3821,13.352668,UHM20-22442.mzML,6777.0
8353,449.1483,9.40521,UHM22-22458.mzML,4685.0
8358,359.183,9.894,BE3.mzML,5010.0
8363,443.3519,14.047453,UHM56-22416.mzML,7587.0
8366,456.3166,7.18962,UHM56-22416.mzML,3843.0
8376,645.3951,14.722826,UHM125-22428.mzML,7666.0
8385,251.1462,9.469,UHM18-10842.mzML,4699.0
8390,324.1236,4.554077,UHM31-10845.mzML,2232.0
8403,341.3537,13.76853,UHM56-22416.mzML,7427.0
8406,557.2208,8.415194,UHM45-10853.mzML,4414.0
8420,399.1855,1.807522,UHM31-22464.mzML,979.0
8422,1113.7656,28.261356,UHM145-22422.mzML,14962.0
8424,699.2932,10.994166,UHM40-22410.mzML,5576.0
8426,332.185,5.700952,UHM102-22452.mzML,2956.0
8430,326.2693,25.04673,UHM36-10847.mzML,13303.0
8440,788.6069,16.668348,UHM18-22438.mzML,8596.0
8448,452.3979,16.665429,UHM17-10841.mzML,8807.0
8455,397.162,9.031,UHM40-22410.mzML,4523.0
8471,262.2001,1.050051,UHM22-22460.mzML,486.0
8474,553.1827,3.453078,UHM31-22464.mzML,1761.0
8477,1177.4003,5.694903,UHM56-22416.mzML,3029.0
8483,338.2668,12.505971,UHM20-10843.mzML,6518.0
8501,432.239,10.612336,UHM33-10846.mzML,5276.0
8502,1041.4976,12.805772,BE1.mzML,6597.0
8508,390.1409,3.023908,UHM56-22416.mzML,1535.0
8509,341.352,12.047,UHM17-22401.mzML,6136.0
8511,799.4029,12.223,UHM40-22410.mzML,6213.0
8512,489.1135,9.318424,UHM102-22454.mzML,4895.0
8520,642.5154,17.3485,UHM38-22420.mzML,9204.0
8522,499.0274,12.079518,UHM22-22458.mzML,6152.0
8523,529.3719,15.8,UHM40-22412.mzML,8225.0
8537,430.3162,8.837975,UHM102-22452.mzML,4644.0
8541,381.2483,6.253006,UHM102-22452.mzML,3269.0
8552,256.2628,18.881514,UHM145-22422.mzML,9876.0
8571,399.1787,13.834899,UHM72-22448.mzML,7097.0
8572,285.2037,6.377689,UHM125-22432.mzML,3239.0
8576,1036.4889,1.707026,UHM145-22424.mzML,869.0
8578,587.1964,13.61,UHM17-10841.mzML,7156.0
8582,451.3609,14.485188,UHM17-22401.mzML,7493.0
8608,427.1384,8.365072,UHM145-22426.mzML,4313.0
8611,489.3156,5.516769,UHM102-22454.mzML,2813.0
8615,518.358,14.031132,UHM102-10855.mzML,7352.0
8617,332.3158,11.1925,BE2.mzML,5789.0
8618,515.2632,11.262174,UHM17-22403.mzML,5953.0
8621,741.3196,8.016,UHM43-10851.mzML,4172.0
8641,402.3741,13.463,UHM31-22462.mzML,6900.0
8656,475.3242,3.876742,UHM45-22434.mzML,1879.0
8666,583.2503,7.764,UHM56-22416.mzML,4110.0
8670,363.215,10.9315,BE1.mzML,5599.0
8672,281.0881,4.011,UHM20-10843.mzML,1996.0
8676,678.4059,12.565,UHM38-10848.mzML,6360.0
8692,732.5486,13.875749,UHM17-22401.mzML,7157.0
8699,734.5771,20.606,Blank_MeOH.mzML,10608.0
8706,784.9343,14.5275,UHM22-22458.mzML,7472.0
8708,493.3615,10.285,UHM125-22430.mzML,5149.0
8709,533.3435,5.737357,UHM145-22426.mzML,2862.0
8710,505.2604,7.255,UHM17-10841.mzML,3667.0
8720,300.2896,11.76,UHM102-22452.mzML,6290.0
8724,313.2349,12.343,UHM72-22448.mzML,6212.0
8725,506.4208,17.305804,UHM38-22420.mzML,9191.0
8727,794.4059,11.161,UHM40-22410.mzML,5678.0
8731,643.2621,12.2025,UHM102-10855.mzML,6359.0
8735,351.187,11.623887,BE3.mzML,6020.0
8739,385.3799,13.493,UHM72-22446.mzML,7101.0
8740,268.187,8.376895,UHM125-22432.mzML,4338.0
8745,809.2996,12.385128,UHM43-10851.mzML,6629.0
8764,776.5948,28.487671,UHM20-10843.mzML,15251.0
8765,445.1788,3.466967,UHM56-22416.mzML,1771.0
8768,279.0204,8.192,BE1.mzML,4163.0
8773,494.4944,21.509666,UHM145-22424.mzML,12003.0
8774,771.6016,19.889212,UHM36-22408.mzML,10552.0
8775,916.5955,16.135857,UHM145-22426.mzML,8488.0
8778,471.3063,14.25,UHM22-22458.mzML,7328.0
8786,665.4891,16.643573,UHM31-10845.mzML,8651.0
8787,357.3466,14.444883,UHM102-22454.mzML,7701.0
8797,453.3161,17.219674,Blank-withIS_2.mzML,9134.0
8803,595.1647,11.383951,UHM17-22401.mzML,5854.0
8807,257.2265,12.108,UHM31-10845.mzML,6188.0
8817,531.2559,9.207553,UHM17-22403.mzML,4829.0
8823,1057.6407,17.699,UHM102-22454.mzML,9495.0
8825,730.5661,17.146138,UHM38-22420.mzML,9090.0
8827,332.3157,9.847,UHM18-10842.mzML,4889.0
8837,385.1425,1.550114,UHM27-10844.mzML,796.0
8838,519.1973,14.470556,UHM40-10849.mzML,7379.0
8848,344.2271,12.106,UHM45-10853.mzML,6384.0
8860,427.3209,14.5985,UHM27-10844.mzML,7531.0
8863,619.2249,7.3485,UHM56-22416.mzML,3924.0
8866,479.1937,13.989,UHM17-10841.mzML,7348.0
8885,751.4394,17.188,UHM18-22438.mzML,8900.0
8895,773.9077,15.974444,UHM45-10853.mzML,8540.0
8896,842.6015,28.372424,UHM56-22414.mzML,15075.0
8906,1083.5063,13.849322,UHM56-22416.mzML,7475.0
8916,1231.7428,24.373,Blank-withIS_3.mzML,13051.0
8917,868.5426,15.055,UHM44-10852.mzML,7747.0
8931,1142.5421,15.741727,UHM45-10853.mzML,8443.0
8947,876.5731,28.465784,UHM102-10855.mzML,15265.0
8949,354.029,14.982,UHM20-22442.mzML,7683.0
8952,948.7177,19.758396,UHM125-22430.mzML,10364.0
8954,688.5197,13.927429,UHM56-22416.mzML,7507.0
8962,496.4192,16.574614,UHM40-22410.mzML,8635.0
8966,357.3467,12.047,UHM17-22401.mzML,6162.0
8980,547.2689,8.265715,UHM45-10853.mzML,4355.0
8989,441.2991,9.363293,UHM45-10853.mzML,4943.0
8994,358.2597,5.495,UHM45-10853.mzML,2807.0
8997,288.1547,7.462076,UHM17-22401.mzML,3691.0
8999,491.2118,4.986881,UHM56-22416.mzML,2627.0
9003,366.2632,10.072,UHM56-22414.mzML,5026.0
9014,537.4877,28.220052,BE2.mzML,14897.0
9016,310.2152,9.525743,UHM125-22430.mzML,4752.0
9022,298.3445,13.463,UHM31-10845.mzML,6963.0
9023,356.3508,12.448316,UHM22-22460.mzML,6485.0
9028,481.2601,5.031185,UHM102-22454.mzML,2554.0
9035,319.2852,14.614,UHM18-10842.mzML,7512.0
9050,306.2434,9.696382,UHM22-22456.mzML,4818.0
9060,304.2107,3.671,UHM56-22416.mzML,1874.0
9064,393.3063,10.572,UHM31-22464.mzML,5615.0
9066,674.5041,10.3315,UHM38-22420.mzML,5370.0
9073,327.3374,11.687,UHM56-22416.mzML,6291.0
9081,616.4597,9.550964,UHM22-22460.mzML,4917.0
9083,318.2623,6.146,UHM102-10855.mzML,3040.0
9091,888.5283,12.2345,Blank-withIS_2.mzML,6520.0
9098,443.4203,12.789,UHM38-10848.mzML,6498.0
9117,581.3599,15.055574,UHM45-22434.mzML,7726.0
9130,1128.7191,12.403632,UHM17-22403.mzML,6580.0
9132,329.1747,6.591,UHM102-22454.mzML,3405.0
9139,750.546,21.423,UHM72-22470.mzML,11457.0
9140,557.2309,4.688,UHM56-22416.mzML,2454.0
9142,338.2062,5.776864,UHM20-10843.mzML,2903.0
9148,647.4129,12.595414,UHM22-22460.mzML,6568.0
9152,866.4941,5.174,UHM45-10853.mzML,2624.0
9169,1156.5604,17.23907,UHM145-22424.mzML,9315.0
9171,485.0097,9.232364,UHM18-22440.mzML,4643.0
9172,279.2799,12.022,UHM22-22456.mzML,6087.0
9173,637.4082,19.523513,UHM27-10844.mzML,10223.0
9178,425.2889,17.246,UHM36-10847.mzML,9032.0
9188,407.1826,12.611,UHM18-10842.mzML,6428.0
9199,589.2137,12.68673,UHM17-22401.mzML,6511.0
9200,499.3416,16.019,UHM36-10847.mzML,8376.0
9211,416.3287,5.300293,UHM125-22428.mzML,2618.0
9212,386.3416,19.929681,UHM18-10842.mzML,10402.0
9213,700.6455,28.302606,UHM36-22408.mzML,15152.0
9226,1173.7958,28.320884,UHM72-22446.mzML,15221.0
9229,613.5151,16.763059,UHM22-22460.mzML,8851.0
9242,347.205,3.634,UHM102-22452.mzML,1817.0
9247,816.6404,20.078371,UHM72-22446.mzML,10672.0
9251,549.8385,11.833,UHM145-22426.mzML,6231.0
9252,793.2886,13.932969,UHM36-10847.mzML,7230.0
9255,587.3911,20.722,Blank-withIS_3.mzML,11067.0
9260,327.0381,4.374816,UHM38-22420.mzML,2212.0
9261,987.5826,20.196083,UHM145-22422.mzML,10553.0
9264,410.3046,5.923,UHM45-10853.mzML,3049.0
9272,781.3065,12.2175,UHM102-10855.mzML,6366.0
9277,310.309,13.142,UHM22-22456.mzML,6763.0
9286,365.1051,0.20787,UHM31-22464.mzML,430.0
9294,701.5184,19.466,UHM41-22468.mzML,10195.0
9304,711.5023,17.889,UHM17-10841.mzML,9386.0
9310,326.1929,7.446429,UHM18-10842.mzML,3692.0
9312,443.3142,8.782818,UHM45-10853.mzML,4611.0
9318,790.5878,14.775,UHM17-22401.mzML,7653.0
9321,510.4378,17.655,UHM20-22444.mzML,9173.0
9324,939.519,21.131,Blank_MeOH.mzML,11023.0
9329,262.1741,4.655097,UHM20-10843.mzML,2353.0
9331,991.0253,3.753,UHM145-22424.mzML,1954.0
9334,519.412,17.568,BE2.mzML,9251.0
9335,681.3026,13.177,UHM40-22410.mzML,6765.0
9340,419.1836,14.160562,UHM20-22444.mzML,7128.0
9348,657.3674,4.45,UHM102-22452.mzML,2286.0
9359,774.0178,14.0305,UHM22-22458.mzML,7215.0
9361,427.3016,14.952,UHM17-22401.mzML,7746.0
9363,334.3112,17.711513,UHM72-22446.mzML,9369.0
9364,612.5945,26.242,UHM125-22432.mzML,14133.0
9370,544.9738,10.204,UHM18-22440.mzML,5192.0
9376,520.31,8.38385,UHM145-22424.mzML,4503.0
9390,362.3034,17.7425,Blank-withIS_2.mzML,9422.0
9396,511.5205,15.917,UHM72-22446.mzML,8415.0
9405,1419.8193,28.470478,UHM145-22424.mzML,15493.0
9406,270.2796,17.01066,UHM72-22446.mzML,8991.0
9426,525.1904,4.272,UHM56-22416.mzML,2226.0
9435,475.146,4.477,UHM17-10841.mzML,2213.0
9436,597.212,3.860844,UHM31-22464.mzML,1991.0
9450,355.2644,9.104861,UHM17-22401.mzML,4544.0
9451,502.4821,17.45,UHM20-22442.mzML,8988.0
9452,335.2172,11.980152,UHM20-10843.mzML,6230.0
9453,487.238,3.468165,UHM31-22464.mzML,1765.0
9456,459.3052,6.18993,UHM18-22440.mzML,3087.0
9457,385.2091,1.836499,UHM31-22464.mzML,914.0
9458,291.1625,11.58,UHM45-10853.mzML,6158.0
9463,535.3821,9.642001,Blank-withIS_1.mzML,5120.0
9477,527.4026,19.561982,UHM125-22430.mzML,10251.0
9480,309.2009,14.836,UHM40-22412.mzML,7585.0
9481,828.5175,5.1335,UHM102-22454.mzML,2614.0
9493,422.361,9.534,UHM31-22464.mzML,5055.0
9503,527.2028,4.826,UHM56-22416.mzML,2532.0
9505,308.294,28.239702,UHM27-10844.mzML,15026.0
9509,515.1226,15.07,UHM17-10841.mzML,7939.0
9510,603.535,27.119,Blank-withIS_1.mzML,14577.0
9512,673.3565,12.997557,UHM145-22422.mzML,6610.0
9525,1216.7449,28.468547,UHM102-22454.mzML,15363.0
9547,590.5204,24.814547,UHM36-10847.mzML,13297.0
9557,355.3683,13.376,UHM18-22440.mzML,6911.0
9573,507.3762,11.674073,BE1.mzML,6012.0
9574,1159.7806,28.271184,Blank_MeOH.mzML,14942.0
9576,333.1892,2.221846,UHM56-22416.mzML,1107.0
9580,290.1783,6.746602,UHM145-22424.mzML,3589.0
9585,672.5258,15.961,Blank-withIS_3.mzML,8450.0
9589,343.2942,9.018,BE3.mzML,4587.0
9616,350.3417,19.525,BE2.mzML,10304.0
9618,278.2085,10.45652,UHM125-22428.mzML,5294.0
9626,890.3823,12.392209,UHM145-22426.mzML,6520.0
9633,471.1761,8.928,UHM43-10851.mzML,4714.0
9634,599.3786,6.029933,UHM125-22428.mzML,2991.0
9635,584.9662,8.768409,UHM22-22458.mzML,4348.0
9647,386.3971,14.960361,UHM17-22401.mzML,7753.0
9649,433.377,19.992,UHM27-10844.mzML,10482.0
9652,310.2344,10.519,UHM125-22430.mzML,5315.0
9665,843.5811,16.58127,UHM18-22438.mzML,8577.0
9692,270.3163,11.111199,UHM38-22420.mzML,5789.0
9705,496.3763,14.016771,UHM102-10855.mzML,7355.0
9717,428.3703,13.059312,UHM40-22412.mzML,6626.0
9718,367.331,14.728413,UHM17-22403.mzML,7844.0
9728,322.2706,12.760657,UHM22-22456.mzML,6622.0
9733,613.3323,14.076974,BE2.mzML,7305.0
9737,277.1814,13.188607,UHM41-10850.mzML,6852.0
9751,1022.7589,28.33056,UHM43-10851.mzML,15324.0
9757,475.328,3.25263,UHM20-10843.mzML,1651.0
9761,880.4266,13.4925,UHM43-10851.mzML,7205.0
9765,584.4211,19.538738,UHM41-22466.mzML,10193.0
9773,630.4402,9.732767,UHM102-22452.mzML,5151.0
9783,300.2325,16.141,UHM18-10842.mzML,8341.0
9797,533.4659,19.247238,UHM17-10841.mzML,10234.0
9806,260.1859,1.938788,UHM56-22416.mzML,985.0
9811,598.9835,10.204,UHM18-22440.mzML,5243.0
9817,591.3613,4.222,UHM41-22468.mzML,2047.0
9822,544.3367,12.783941,UHM45-22436.mzML,6681.0
9830,470.3992,14.719,UHM41-22468.mzML,7627.0
9836,275.0854,5.427,UHM17-22401.mzML,2651.0
9842,549.4586,13.417753,UHM125-22428.mzML,6863.0
9851,300.1816,1.216042,UHM45-10853.mzML,582.0
9868,327.2288,13.549,UHM20-22442.mzML,6905.0
9875,350.2887,7.544504,UHM17-22401.mzML,3746.0
9882,684.4504,17.351002,UHM36-22406.mzML,9040.0
9892,548.4296,20.196083,UHM18-22438.mzML,10562.0
9908,451.2338,8.443736,UHM45-10853.mzML,4433.0
9911,427.3561,13.096402,UHM102-22454.mzML,6949.0
9914,992.7462,19.671,UHM72-22446.mzML,10460.0
9928,887.9736,16.649,UHM145-22424.mzML,9016.0
9933,313.274,12.0135,UHM17-10841.mzML,6262.0
9938,511.3294,5.616,UHM72-22470.mzML,2855.0
9950,795.1649,10.2995,UHM56-22416.mzML,5536.0
9958,675.2497,9.176,UHM102-10855.mzML,4678.0
9960,1067.5648,11.379723,UHM17-22403.mzML,6022.0
9961,397.2921,12.821496,UHM31-22462.mzML,6518.0
9966,387.1553,4.537,UHM17-22403.mzML,2284.0
9970,711.339,1.709339,UHM56-22416.mzML,861.0
9973,753.1514,9.165,UHM43-10851.mzML,4842.0
9976,405.2023,7.527,UHM45-10853.mzML,3942.0
9980,753.3598,13.4925,UHM102-10855.mzML,7060.0
9986,539.2065,11.0155,UHM31-22462.mzML,5511.0
9991,600.4163,16.842873,UHM125-22428.mzML,8769.0
9999,355.2825,13.411,UHM102-22450.mzML,6900.0
10016,314.3075,8.782818,UHM45-10853.mzML,4614.0
10018,641.3283,11.863,UHM18-22438.mzML,5992.0
10024,415.3219,8.127098,UHM31-10845.mzML,4051.0
10034,613.3768,9.420844,UHM45-10853.mzML,4976.0
10035,377.1567,5.841683,UHM56-22416.mzML,3089.0
10036,302.8191,28.862,UHM102-22452.mzML,15614.0
10040,315.1946,8.791518,UHM38-22420.mzML,4507.0
10041,767.6041,28.493968,UHM40-22410.mzML,15149.0
10050,700.5607,28.464936,UHM40-22410.mzML,15139.0
10066,461.0984,1.62221,UHM56-22416.mzML,802.0
10068,1360.8051,21.949,UHM45-10853.mzML,11890.0
10083,349.3192,12.937,UHM22-22456.mzML,6588.0
10084,333.2437,16.571855,UHM45-22436.mzML,8729.0
10089,731.5404,16.882,UHM43-10851.mzML,9062.0
10090,496.3614,9.121708,UHM125-22432.mzML,4761.0
10096,553.2172,6.663,UHM22-22458.mzML,3324.0
10108,357.0973,4.312737,UHM145-22424.mzML,2232.0
10123,466.1863,9.059,UHM102-10855.mzML,4626.0
10146,267.1629,15.829,UHM31-22462.mzML,8149.0
10156,517.2219,3.274323,UHM31-22464.mzML,1658.0
10157,523.2288,9.204,UHM43-10851.mzML,4852.0
10160,870.5199,12.804877,UHM145-22422.mzML,6492.0
10180,623.3031,12.596574,UHM72-22446.mzML,6604.0
10182,451.1692,6.972435,UHM102-22452.mzML,3673.0
10207,443.2129,2.789719,UHM31-22464.mzML,1404.0
10208,478.1962,9.797,UHM31-22464.mzML,5196.0
10211,555.2534,7.325769,UHM102-10855.mzML,3687.0
10214,339.1535,9.411,UHM36-22406.mzML,4758.0
10216,445.1606,2.317528,UHM56-22416.mzML,1254.0
10223,556.278,12.806,UHM31-10845.mzML,6572.0
10237,851.3986,11.941,UHM31-22462.mzML,6023.0
10241,407.1217,4.538,UHM102-22452.mzML,2340.0
10249,494.2955,5.471,UHM45-10853.mzML,2802.0
10263,575.2835,13.9375,UHM102-22452.mzML,7414.0
10264,732.5435,11.153383,UHM17-22403.mzML,5871.0
10282,410.306,6.643983,UHM38-10848.mzML,3259.0
10295,642.408,11.935595,UHM38-10848.mzML,6035.0
10321,505.2964,8.825,UHM17-10841.mzML,4511.0
10323,350.2671,14.88,UHM33-10846.mzML,7605.0
10340,590.3127,7.077231,UHM31-22462.mzML,3466.0
10344,320.2541,11.887,UHM38-22418.mzML,6026.0
10350,551.1973,6.295,UHM22-22458.mzML,3144.0
10367,577.5145,24.460328,Blank_MeOH.mzML,12304.0
10368,553.4457,8.008935,UHM125-22430.mzML,3946.0
10381,399.3069,14.60263,UHM72-22448.mzML,7538.0
10383,436.3589,12.948,UHM27-10844.mzML,6615.0
10384,347.1015,5.1369,UHM45-10853.mzML,2617.0
10386,651.2907,13.31883,UHM102-10855.mzML,6970.0
10438,681.3595,12.921625,UHM43-10851.mzML,6916.0
10444,837.6821,19.816,UHM27-10844.mzML,10444.0
10447,311.2574,11.278,UHM17-22403.mzML,5873.0
10452,309.1093,1.239428,UHM43-10851.mzML,577.0
10463,799.5604,16.72574,UHM18-22438.mzML,8660.0
10478,704.435,6.216,UHM45-10853.mzML,3199.0
10482,701.285,12.931316,UHM20-10843.mzML,6710.0
10511,722.4449,6.113,UHM72-22470.mzML,3044.0
10520,833.3256,8.941,UHM43-10851.mzML,4700.0
10526,385.3092,7.342861,UHM72-22470.mzML,3755.0
10557,466.2913,11.809205,UHM22-22460.mzML,6151.0
10565,1132.7479,13.811601,UHM125-22432.mzML,7292.0
10566,664.999,13.664,UHM17-22403.mzML,7267.0
10598,523.2632,10.520945,UHM102-10855.mzML,5440.0
10599,1126.6982,28.377516,UHM145-22422.mzML,15076.0
10608,468.3093,10.907,UHM45-10853.mzML,5788.0
10615,536.5044,21.715,UHM145-22424.mzML,11863.0
10619,473.1995,2.496959,UHM31-22464.mzML,1240.0
10623,391.2928,10.285,UHM36-22406.mzML,5206.0
10625,715.1808,9.0,UHM17-10841.mzML,4617.0
10626,424.3636,14.222,Blank-withIS_3.mzML,7501.0
10652,343.1318,1.592,UHM145-22426.mzML,772.0
10658,743.2943,14.427412,UHM40-22410.mzML,7444.0
10660,461.1467,6.721,UHM17-10841.mzML,3389.0
10667,364.147,4.045,UHM56-22416.mzML,2088.0
10675,538.5199,19.816262,UHM45-22436.mzML,10454.0
10676,433.3763,17.801,UHM20-10843.mzML,9390.0
10700,362.1718,1.381396,UHM56-22416.mzML,658.0
10715,827.1894,8.6895,UHM27-10844.mzML,4296.0
10718,501.2087,7.526332,UHM40-22410.mzML,3708.0
10721,353.1216,7.153927,UHM43-10851.mzML,3718.0
10736,1045.5779,11.40493,UHM41-22466.mzML,5788.0
10741,299.1827,8.730642,UHM22-22458.mzML,4323.0
10754,315.1955,9.277229,UHM44-10852.mzML,4606.0
10762,1710.9115,17.224428,UHM145-22424.mzML,9321.0
10764,391.2283,4.099,UHM20-10843.mzML,2025.0
10767,781.2323,10.344,UHM56-22416.mzML,5534.0
10771,755.3365,12.018,UHM40-22410.mzML,6166.0
10818,349.3211,12.383714,UHM41-22468.mzML,6309.0
10836,329.3169,8.64,UHM56-22416.mzML,4608.0
10843,471.3075,17.246082,Blank-withIS_3.mzML,9120.0
10851,437.4135,14.807,UHM102-22454.mzML,7887.0
10862,759.3095,12.622381,UHM43-10851.mzML,6730.0
10900,425.1119,3.7475,UHM145-22424.mzML,1965.0
10905,704.4191,13.437,UHM45-22434.mzML,6887.0
10908,334.2125,7.12322,UHM45-10853.mzML,3725.0
10912,705.3439,7.501,UHM17-10841.mzML,3810.0
10931,890.3983,5.541,UHM31-10845.mzML,2715.0
10940,513.2086,8.712302,UHM43-10851.mzML,4605.0
10954,280.1882,9.478,BE3.mzML,4837.0
10960,256.2642,9.493894,UHM18-22438.mzML,4698.0
10977,839.3759,10.397136,UHM17-22403.mzML,5485.0
10981,399.1775,7.149414,UHM72-22470.mzML,3682.0
10983,314.2072,9.667006,UHM145-22424.mzML,5190.0
10988,525.3057,6.395707,UHM145-22424.mzML,3395.0
10996,251.1287,4.834,UHM102-22454.mzML,2441.0
11006,447.1694,14.807,UHM17-10841.mzML,7786.0
11007,897.4388,14.778,UHM43-10851.mzML,7927.0
11014,579.2042,8.413696,UHM45-10853.mzML,4401.0
11021,368.2915,6.497,UHM145-22426.mzML,3312.0
11032,744.5927,28.41008,UHM102-10855.mzML,15214.0
11034,794.7158,26.418,UHM145-22422.mzML,13966.0
11043,303.1199,4.3725,UHM17-22401.mzML,2139.0
11048,439.2898,7.2095,UHM102-22452.mzML,3778.0
11051,396.3258,6.944377,UHM72-22470.mzML,3551.0
11058,367.2657,6.0435,UHM38-22420.mzML,3045.0
11063,437.2066,13.176,UHM44-10852.mzML,6701.0
11064,716.5496,15.888007,UHM41-10850.mzML,8301.0
11100,1374.1053,15.420227,UHM45-10853.mzML,8418.0
11105,767.3768,14.79397,UHM43-10851.mzML,7922.0
11111,701.3938,7.759912,UHM22-22460.mzML,3943.0
11120,1062.7098,12.791122,UHM145-22426.mzML,6744.0
11127,910.5475,14.851,BE3.mzML,7753.0
11142,313.3215,10.519,UHM41-22466.mzML,5354.0
11144,433.232,12.291654,UHM17-22403.mzML,6532.0
11145,556.4719,19.657355,UHM56-22416.mzML,10828.0
11180,610.2431,18.677,UHM45-10853.mzML,10032.0
11186,335.2668,12.470457,UHM31-10845.mzML,6380.0
11197,281.175,4.45,UHM102-22454.mzML,2239.0
11203,564.3933,11.0755,UHM145-22424.mzML,5990.0
11219,436.7782,5.273687,UHM125-22432.mzML,2649.0
11227,476.3022,8.957457,UHM45-10853.mzML,4714.0
11241,353.231,9.42,BE3.mzML,4821.0
11243,568.3359,7.079534,UHM125-22432.mzML,3631.0
11255,633.2409,8.023341,UHM102-10855.mzML,4121.0
11256,882.3659,8.637,UHM102-10855.mzML,4404.0
11258,772.6109,20.194806,UHM18-22438.mzML,10550.0
11290,425.1331,1.738396,UHM56-22416.mzML,873.0
11292,376.1757,18.298,UHM20-10843.mzML,9854.0
11321,502.1111,1.463279,UHM102-22454.mzML,713.0
11352,575.198,11.266706,UHM125-22432.mzML,5924.0
11353,999.3629,9.408,UHM145-22426.mzML,4924.0
11360,1240.7576,12.178,UHM145-22426.mzML,6403.0
11373,803.576,9.468,UHM125-22432.mzML,4928.0
11393,537.3306,9.92,UHM102-22454.mzML,5155.0
11412,932.3583,8.578,UHM102-10855.mzML,4448.0
11443,688.4826,10.519,UHM56-22416.mzML,5620.0
11447,266.1399,1.141558,UHM102-22454.mzML,528.0
11455,280.2638,13.404971,UHM72-22446.mzML,7046.0
11457,1073.6293,17.189712,UHM102-22454.mzML,9222.0
11471,618.3645,6.732865,UHM44-10852.mzML,3328.0
11474,536.3431,8.463489,UHM125-22432.mzML,4379.0
11481,854.5882,13.668,UHM20-10843.mzML,7133.0
11485,897.4662,16.799071,UHM45-10853.mzML,9041.0
11508,682.3841,16.739999,UHM45-10853.mzML,8976.0
11509,308.295,17.008321,UHM72-22446.mzML,9007.0
11532,520.3282,8.333,UHM31-22464.mzML,4389.0
11573,679.3448,16.874,Blank-withIS_3.mzML,8928.0
11589,317.2838,8.957653,UHM102-22452.mzML,4704.0
11613,327.1423,8.758209,UHM20-10843.mzML,4474.0
11614,401.279,20.193926,UHM18-10842.mzML,10554.0
11618,315.1094,4.171,UHM125-22428.mzML,2048.0
11625,331.2942,9.696024,UHM20-10843.mzML,4959.0
11628,849.3675,13.345195,UHM145-22426.mzML,7044.0
11650,1090.7369,13.872,UHM102-22454.mzML,7380.0
11658,252.1569,6.481,UHM145-22422.mzML,3184.0
11678,407.1671,20.05,UHM45-10853.mzML,10752.0
11679,507.1983,4.918,UHM36-10847.mzML,2430.0
11737,838.376,11.746,UHM102-10855.mzML,6094.0
11819,398.3408,11.843,UHM102-22452.mzML,6293.0
11820,457.1823,3.495,UHM125-22428.mzML,1713.0
11828,550.3423,7.761,UHM145-22426.mzML,3986.0
11834,507.3651,20.254,UHM36-22406.mzML,10637.0
11843,587.2855,7.701,UHM145-22422.mzML,3767.0
11846,421.1587,5.751,UHM17-10841.mzML,2886.0
11850,443.2921,12.28,UHM145-22424.mzML,6592.0
11875,751.1534,9.176,UHM102-10855.mzML,4682.0
11897,494.4937,23.821897,UHM38-22420.mzML,12686.0
11921,319.1955,16.948,UHM18-10842.mzML,8791.0
11938,369.2468,4.07,UHM20-10843.mzML,2099.0
11958,297.2403,14.632,UHM145-22422.mzML,7519.0
11959,517.2208,9.70188,UHM27-10844.mzML,4864.0
11983,611.2828,9.584,UHM43-10851.mzML,5016.0
11995,312.326,12.018,UHM20-22444.mzML,6093.0
12006,668.6162,28.263668,UHM145-22424.mzML,15281.0
12014,251.038,4.81,UHM22-22460.mzML,2386.0
12015,461.3749,10.323,UHM31-22464.mzML,5484.0
12033,257.2235,7.634926,UHM145-22424.mzML,4076.0
12034,290.0559,3.987,UHM145-22424.mzML,2071.0
12069,883.5315,20.255,UHM27-10844.mzML,10623.0
12081,289.1623,1.40125,UHM17-22403.mzML,703.0
12093,610.3569,5.607,UHM145-22424.mzML,2963.0
12096,668.654,23.147,BE2.mzML,12237.0
12109,752.5578,19.817,UHM72-22470.mzML,10500.0
12122,362.2423,1.391389,UHM20-10843.mzML,679.0
12131,427.3196,15.945938,UHM27-10844.mzML,8268.0
12183,328.1817,8.987,UHM20-22442.mzML,4411.0
12192,314.1822,5.047,UHM36-10847.mzML,2499.0
12215,456.2904,8.78718,UHM38-22420.mzML,4535.0
12218,330.2644,8.454168,UHM45-22436.mzML,4321.0
12267,512.947,10.489183,UHM22-22458.mzML,5272.0
12271,344.3163,11.726,UHM36-10847.mzML,6061.0
12296,421.2351,13.372669,UHM145-22422.mzML,6831.0
12311,453.3197,13.316504,UHM72-22470.mzML,6966.0
12327,319.2994,19.145,Blank-withIS_2.mzML,10217.0
12363,352.2422,6.529564,UHM38-22420.mzML,3337.0
12402,270.2778,16.71326,UHM20-22444.mzML,8629.0
12418,367.298,8.640597,UHM102-22454.mzML,4520.0
12424,459.3059,6.645393,UHM17-22403.mzML,3438.0
12425,424.1003,5.422567,UHM31-22464.mzML,2824.0
12442,814.626,23.756532,UHM56-10854.mzML,12870.0
12531,498.3513,7.162823,UHM31-10845.mzML,3521.0
